Event_Date,WTI_T,Stock_T,Price_Level,Price_Change,Stock_Change,dxy_broad,us10y_yield,fed_funds_rate,cpi_aucsl,refinery_utilization_pct,oil_gas_extraction_ip,drilling_activity_ip,evt_cnt_宏观经济,evt_cnt_宏观经济指标,evt_cnt_政治事件,evt_cnt_政策指标,evt_cnt_能源库存指标,week_of_year,month,week_sin,week_cos,month_sin,month_cos,WTI_T_lag1,WTI_T_lag2,WTI_T_lag4,Stock_T_lag1,Stock_T_lag2,Stock_T_lag4,Price_Change_lag1,Price_Change_lag2,Price_Change_lag4,Stock_Change_lag1,Stock_Change_lag2,Stock_Change_lag4,dxy_broad_lag1,dxy_broad_lag2,dxy_broad_lag4,us10y_yield_lag1,us10y_yield_lag2,us10y_yield_lag4,fed_funds_rate_lag1,fed_funds_rate_lag2,fed_funds_rate_lag4,WTI_T_roll3_mean,WTI_T_roll6_mean,WTI_T_roll6_std,Stock_T_roll3_mean,Stock_T_roll6_mean,Stock_T_roll6_std,Price_Change_roll3_mean,Price_Change_roll6_mean,Price_Change_roll6_std,Stock_Change_roll3_mean,Stock_Change_roll6_mean,Stock_Change_roll6_std,WTI_T_diff1,WTI_T_pct1,Stock_T_diff1,Stock_T_pct1,dxy_broad_diff1,dxy_broad_pct1,us10y_yield_diff1,us10y_yield_pct1,fed_funds_rate_diff1,fed_funds_rate_pct1,refinery_utilization_pct_diff1,refinery_utilization_pct_pct1,oil_gas_extraction_ip_diff1,oil_gas_extraction_ip_pct1,drilling_activity_ip_diff1,drilling_activity_ip_pct1,target_price_change_t1,target_stock_change_t1
2021-01-29,52.16,1324801.0,3.0,4.64,-11169.0,111.9511,1.11,0.09,262.687,71.9336,121.6685,74.3765,0.0,1.0,0.0,0.0,1.0,4.0,1.0,0.4647231720437685,0.8854560256532099,0.49999999999999994,0.8660254037844387,52.16,52.16,52.16,1324801.0,1324801.0,1324801.0,4.64,4.64,4.64,-11169.0,-11169.0,-11169.0,111.9511,111.9511,111.9511,1.11,1.11,1.11,0.09,0.09,0.09,54.48,55.63999999999999,3.0690715208349246,1319216.5,1312544.1666666667,12835.37052769939,3.67,3.301666666666667,1.1609945449197134,-13111.0,-11714.166666666666,3102.3852248444796,4.640000000000001,0.08895705521472386,-11169.0,-0.00843070015798597,0.2867999999999995,0.0025618328002137147,0.07999999999999985,0.072072072072072,-0.009999999999999995,-0.11111111111111105,-6.993700000000004,-0.097224384710344,-13.535399999999996,-0.11124818667115977,3.8171000000000106,0.05132131788938721,2.7,-15053.0
2021-02-05,56.8,1313632.0,1.0,2.7,-15053.0,112.2379,1.19,0.08,263.579,64.9399,108.1331,78.1936,0.0,0.0,0.0,0.0,1.0,5.0,2.0,0.5680647467311558,0.8229838658936564,0.8660254037844386,0.5000000000000001,52.16,52.16,52.16,1324801.0,1324801.0,1324801.0,4.64,4.64,4.64,-11169.0,-11169.0,-11169.0,111.9511,111.9511,111.9511,1.11,1.11,1.11,0.09,0.09,0.09,54.48,55.63999999999999,3.0690715208349246,1319216.5,1312544.1666666667,12835.37052769939,3.67,3.301666666666667,1.1609945449197134,-13111.0,-11714.166666666666,3102.3852248444796,4.640000000000001,0.08895705521472386,-11169.0,-0.00843070015798597,0.2867999999999995,0.0025618328002137147,0.07999999999999985,0.072072072072072,-0.009999999999999995,-0.11111111111111105,-6.993700000000004,-0.097224384710344,-13.535399999999996,-0.11124818667115977,3.8171000000000106,0.05132131788938721,2.5650000000000004,-8920.5
2021-02-12,57.959999999999994,1299199.5,1.0,2.5650000000000004,-8920.5,111.97184999999999,1.2650000000000001,0.08,263.579,64.9399,108.1331,78.1936,0.0,0.0,0.0,0.0,0.0,6.0,2.0,0.6631226582407952,0.7485107481711011,0.8660254037844386,0.5000000000000001,56.8,52.16,52.16,1313632.0,1324801.0,1324801.0,2.7,4.64,4.64,-15053.0,-11169.0,-11169.0,112.2379,111.9511,111.9511,1.19,1.11,1.11,0.08,0.09,0.09,55.63999999999999,55.63999999999999,3.0690715208349246,1312544.1666666667,1312544.1666666667,12835.37052769939,3.301666666666667,3.301666666666667,1.1609945449197134,-11714.166666666666,-11714.166666666666,3102.3852248444796,1.1599999999999966,0.020422535211267467,-14432.5,-0.010986714696353261,-0.266050000000007,-0.0023704114207412363,0.07500000000000018,0.06302521008403383,0.0,0.0,0.0,0.0,0.0,0.0,0.0,0.0,2.43,-2788.0
2021-02-19,59.12,1284767.0,1.0,2.43,-2788.0,111.7058,1.34,0.08,263.579,64.9399,108.1331,78.1936,0.0,0.0,0.0,0.0,1.0,7.0,2.0,0.7485107481711011,0.6631226582407953,0.8660254037844386,0.5000000000000001,57.959999999999994,56.8,52.16,1299199.5,1313632.0,1324801.0,2.5650000000000004,2.7,4.64,-8920.5,-15053.0,-11169.0,111.97184999999999,112.2379,111.9511,1.2650000000000001,1.19,1.11,0.08,0.08,0.09,57.96,56.51,3.0507485420248384,1299199.5,1305599.875,17398.962748657395,2.565,3.08375,1.043338990932477,-8920.5,-9482.625,5131.826402867372,1.1600000000000037,0.0200138026224983,-14432.5,-0.011108763511685438,-0.2660499999999928,-0.0023760436216780922,0.07499999999999996,0.059288537549406994,0.0,0.0,0.0,0.0,0.0,0.0,0.0,0.0,4.53,1319.0
2021-02-26,61.55,1281979.0,2.5,4.53,1319.0,112.8306,1.44,0.08,263.579,64.9399,108.1331,78.1936,0.0,1.0,0.0,0.0,1.0,8.0,2.0,0.8229838658936564,0.5680647467311559,0.8660254037844386,0.5000000000000001,59.12,57.959999999999994,52.16,1284767.0,1299199.5,1324801.0,2.43,2.5650000000000004,4.64,-2788.0,-8920.5,-11169.0,111.7058,111.97184999999999,111.9511,1.34,1.2650000000000001,1.11,0.08,0.08,0.09,59.54333333333333,57.517999999999994,3.4728403360937885,1288648.5,1300875.7,18401.958474575484,3.1750000000000007,3.373,1.1111908026977184,-3463.1666666666665,-7322.3,6564.049984575072,2.4299999999999997,0.04110284167794309,-2788.0,-0.0021700432841129658,1.1248000000000076,0.010069307054781484,0.09999999999999987,0.07462686567164178,0.0,0.0,0.0,0.0,0.0,0.0,0.0,0.0,0.1849999999999996,3053.0
2021-03-05,63.57,1284432.0,2.5,0.1849999999999996,3053.0,112.92875000000001,1.54,0.07500000000000001,264.27,68.9169,115.28225,79.02795,0.0,0.0,0.0,0.0,0.0,9.0,3.0,0.8854560256532099,0.4647231720437686,1.0,6.123233995736766e-17,61.55,59.12,56.8,1281979.0,1284767.0,1313632.0,4.53,2.43,2.7,1319.0,-2788.0,-15053.0,112.8306,111.7058,112.2379,1.44,1.34,1.19,0.08,0.08,0.08,61.413333333333334,58.526666666666664,3.9689981943390564,1283726.0,1298135.0833333333,17775.588283982805,2.381666666666667,2.841666666666667,1.6375856211712005,528.0,-5593.083333333333,7239.512652220912,2.020000000000003,0.03281884646628752,2453.0,0.0019134478801914323,0.09815000000000396,0.0008698881331836716,0.10000000000000009,0.06944444444444442,-0.0049999999999999906,-0.06249999999999989,3.977000000000004,0.06124123997727127,7.149150000000006,0.06611435351432648,0.8343500000000006,0.010670310613656309,-4.16,4787.0
2021-03-12,65.59,1286885.0,2.5,-4.16,4787.0,113.0269,1.64,0.07,264.961,72.8939,122.4314,79.8623,0.0,1.0,0.0,0.0,1.0,10.0,3.0,0.9350162426854148,0.35460488704253557,1.0,6.123233995736766e-17,63.57,61.55,57.959999999999994,1284432.0,1281979.0,1299199.5,0.1849999999999996,4.53,2.5650000000000004,3053.0,1319.0,-8920.5,112.92875000000001,112.8306,111.97184999999999,1.54,1.44,1.2650000000000001,0.07500000000000001,0.08,0.08,63.56999999999999,60.76500000000001,3.407642880349998,1284432.0,1291815.75,12294.28415870558,0.18499999999999991,1.375,3.042732324737094,3053.0,-2933.75,7697.735743385843,2.020000000000003,0.03177599496617911,2453.0,0.0019097935896956741,0.09814999999998975,0.0008691320854963269,0.09999999999999987,0.06493506493506485,-0.0050000000000000044,-0.06666666666666676,3.977000000000004,0.05770718067701841,7.149149999999992,0.062014317034929434,0.8343500000000006,0.010557657132697962,-2.1525,4481.25
2021-03-19,64.015,1286059.0,2.375,-2.1525,4481.25,113.070875,1.6475,0.07,265.37425,73.4913,122.7588,80.66825,0.0,0.0,0.0,0.0,0.0,11.0,3.0,0.970941817426052,0.23931566428755804,1.0,6.123233995736766e-17,65.59,63.57,59.12,1286885.0,1284432.0,1284767.0,-4.16,0.1849999999999996,2.43,4787.0,3053.0,-2788.0,113.0269,112.92875000000001,111.7058,1.64,1.54,1.34,0.07,0.07500000000000001,0.08,64.39166666666667,61.9675,2.9740675009152073,1285792.0,1287220.25,6102.897670369293,-2.0425,0.56625,3.2574306400904383,4107.083333333333,321.9583333333333,5306.29554024431,-1.5750000000000028,-0.024012806830309485,-826.0,-0.0006418599952598969,0.043975000000003206,0.00038906667350868673,0.007500000000000062,0.004573170731707377,0.0,0.0,0.5973999999999933,0.008195473146586973,0.32739999999999725,0.002674150585552315,0.8059499999999957,0.010091745416798581,-0.14499999999999957,4175.5
2021-03-26,62.44,1285233.0,2.25,-0.14499999999999957,4175.5,113.11484999999999,1.6549999999999998,0.07,265.7875,74.0887,123.08619999999999,81.4742,0.0,0.0,0.0,0.0,0.0,12.0,3.0,0.992708874098054,0.120536680255323,1.0,6.123233995736766e-17,64.015,65.59,61.55,1286059.0,1286885.0,1281979.0,-2.1525,-4.16,4.53,4481.25,4787.0,1319.0,113.070875,113.0269,112.8306,1.6475,1.64,1.44,0.07,0.07,0.08,64.015,62.71416666666667,2.2380134420209985,1286059.0,1284892.5,1683.0336597937471,-2.1524999999999994,0.11458333333333333,3.1093771147396496,4481.25,2504.625,2885.3563547246627,-1.5750000000000028,-0.02460360852925103,-826.0,-0.0006422722441193907,0.043974999999988995,0.0003889153595033612,0.00749999999999984,0.004552352048558417,0.0,0.0,0.5974000000000075,0.008128853347266984,0.32739999999999725,0.0026670185762649457,0.8059499999999957,0.00999091959971854,1.8625000000000007,3869.75
2021-04-02,60.865,1284407.0,2.125,1.8625000000000007,3869.75,113.158825,1.6624999999999999,0.07,266.20074999999997,74.68610000000001,123.4136,82.28015,0.0,0.0,0.0,0.0,0.0,13.0,4.0,1.0,-1.6081226496766366e-16,0.8660254037844387,-0.4999999999999998,62.44,64.015,63.57,1285233.0,1286059.0,1284432.0,-0.14499999999999957,-2.1525,0.1849999999999996,4175.5,4481.25,3053.0,113.11484999999999,113.070875,112.92875000000001,1.6549999999999998,1.6475,1.54,0.07,0.07,0.07500000000000001,62.44,63.005,1.73420875329356,1285233.0,1284832.5,1694.7785401045,-0.14499999999999927,0.02000000000000009,3.0325406015418825,4175.5,3614.25,1272.0446139974788,-1.5749999999999957,-0.02522421524663665,-826.0,-0.0006426850228713477,0.043975000000003206,0.00038876416314925777,0.007500000000000062,0.0045317220543807935,0.0,0.0,0.5974000000000075,0.008063307899855321,0.32740000000001146,0.0026599245081901923,0.8059500000000099,0.009892088538457688,3.87,3564.0
2021-04-09,59.29,1283581.0,2.0,3.87,3564.0,113.2028,1.67,0.07,266.614,75.2835,123.741,83.0861,0.0,1.0,0.0,0.0,1.0,14.0,4.0,0.992708874098054,-0.12053668025532288,0.8660254037844387,-0.4999999999999998,60.865,62.44,65.59,1284407.0,1285233.0,1286885.0,1.8625000000000007,-0.14499999999999957,-4.16,3869.75,4175.5,4787.0,113.158825,113.11484999999999,113.0269,1.6624999999999999,1.6549999999999998,1.64,0.07,0.07,0.07,60.865,62.62833333333333,2.274657483373416,1284407.0,1285099.5,1213.0480204834237,1.8625000000000007,-0.09000000000000001,2.84222843909493,3869.75,3988.4166666666665,630.0533046232368,-1.5750000000000028,-0.0258769407705578,-826.0,-0.0006430983325379502,0.043975000000003206,0.0003886130843087088,0.007500000000000062,0.004511278195488799,0.0,0.0,0.5973999999999933,0.007998811023737895,0.32739999999999725,0.0026528680793689308,0.8059499999999957,0.009795193615957043,3.6750000000000003,3290.3333333333335
2021-04-16,60.01,1282304.6666666667,1.8333333333333333,3.6750000000000003,3290.3333333333335,112.84526666666666,1.6633333333333333,0.06833333333333334,266.9088333333333,75.74943333333334,123.93515,83.72166666666666,0.0,0.0,0.0,0.0,0.0,15.0,4.0,0.9709418174260521,-0.2393156642875575,0.8660254037844387,-0.4999999999999998,59.29,60.865,64.015,1283581.0,1284407.0,1286059.0,3.87,1.8625000000000007,-2.1525,3564.0,3869.75,4481.25,113.2028,113.158825,113.070875,1.67,1.6624999999999999,1.6475,0.07,0.07,0.07,60.055,62.035000000000004,2.438319093145938,1283430.888888889,1284744.9444444445,1671.4488780248564,3.135833333333334,0.4916666666666669,3.2391633436223417,3574.694444444445,4027.972222222222,563.5182306689738,0.7199999999999989,0.012143700455388817,-1276.3333333332557,-0.0009943535572225493,-0.35753333333333615,-0.0031583435509839886,-0.006666666666666599,-0.003992015968063867,-0.0016666666666666635,-0.023809523809523725,0.4659333333333393,0.006189049836064164,0.19414999999999338,0.0015690029981978437,0.6355666666666622,0.007649494520342914,3.48,3016.6666666666665
2021-04-23,60.73,1281028.3333333333,1.6666666666666667,3.48,3016.6666666666665,112.48773333333332,1.6566666666666665,0.06666666666666667,267.20366666666666,76.21536666666667,124.1293,84.35723333333334,0.0,0.0,0.0,0.0,0.0,16.0,4.0,0.9350162426854148,-0.35460488704253545,0.8660254037844387,-0.4999999999999998,60.01,59.29,62.44,1282304.6666666667,1283581.0,1285233.0,3.6750000000000003,3.87,-0.14499999999999957,3290.3333333333335,3564.0,4175.5,112.84526666666666,113.2028,113.11484999999999,1.6633333333333333,1.67,1.6549999999999998,0.06833333333333334,0.07,0.07,60.00999999999999,61.224999999999994,1.7236821052618856,1282304.6666666667,1283768.8333333333,1870.0433001519586,3.6750000000000007,1.7650000000000003,2.450500459089939,3290.3333333333335,3732.9166666666665,549.9150944565039,0.7199999999999989,0.011998000333277803,-1276.3333333334886,-0.0009953432803542217,-0.35753333333333615,-0.0031683502896887594,-0.006666666666666821,-0.004008016032064243,-0.0016666666666666774,-0.024390243902439157,0.4659333333333251,0.0061509811074493825,0.1941500000000076,0.001566545084263904,0.6355666666666764,0.007591423964326438,3.285,2743.0
2021-04-30,61.45,1279752.0,1.5,3.285,2743.0,112.1302,1.65,0.065,267.4985,76.6813,124.32345000000001,84.9928,0.0,0.0,0.0,0.0,0.0,17.0,4.0,0.8854560256532099,-0.4647231720437685,0.8660254037844387,-0.4999999999999998,60.73,60.01,60.865,1281028.3333333333,1282304.6666666667,1284407.0,3.48,3.6750000000000003,1.8625000000000007,3016.6666666666665,3290.3333333333335,3869.75,112.48773333333332,112.84526666666666,113.158825,1.6566666666666665,1.6633333333333333,1.6624999999999999,0.06666666666666667,0.06833333333333334,0.07,60.73,60.79749999999999,1.0977602197201601,1281028.3333333333,1282717.6666666667,2085.4586172932995,3.4800000000000004,2.67125,1.5531015340279593,3016.6666666666665,3443.2083333333335,534.486627392216,0.720000000000006,0.011855754981063837,-1276.3333333332557,-0.0009963349756770823,-0.35753333333332193,-0.0031784206396430204,-0.006666666666666599,-0.004024144869215207,-0.0016666666666666635,-0.02499999999999991,0.4659333333333251,0.006113377835878175,0.1941500000000076,0.0015640948591508774,0.6355666666666622,0.007534228441979041,3.0900000000000003,2469.333333333333
2021-05-07,62.17,1278475.6666666667,1.3333333333333335,3.0900000000000003,2469.333333333333,111.77266666666667,1.6433333333333333,0.06333333333333334,267.7933333333333,77.14723333333333,124.5176,85.62836666666666,0.0,0.0,0.0,0.0,0.0,18.0,5.0,0.8229838658936565,-0.5680647467311557,0.49999999999999994,-0.8660254037844387,61.45,60.73,59.29,1279752.0,1281028.3333333333,1283581.0,3.285,3.48,3.87,2743.0,3016.6666666666665,3564.0,112.1302,112.48773333333332,113.2028,1.65,1.6566666666666665,1.67,0.065,0.06666666666666667,0.07,61.45000000000001,60.7525,1.019724227426248,1279752.0,1281591.4444444445,2271.699429126626,3.285,3.210416666666667,0.7156123543278629,2743.0,3158.847222222222,520.6522362934802,0.7199999999999989,0.011716842961757568,-1276.3333333332557,-0.0009973286490924105,-0.35753333333333615,-0.0031885552093310343,-0.006666666666666599,-0.004040404040403955,-0.0016666666666666635,-0.02564102564102555,0.4659333333333393,0.0060762315366762465,0.19414999999999338,0.001561652286837134,0.6355666666666622,0.007477888323089266,2.8950000000000005,2195.6666666666665
2021-05-14,62.89,1277199.3333333333,1.1666666666666667,2.8950000000000005,2195.6666666666665,111.41513333333333,1.6366666666666665,0.06166666666666667,268.08816666666667,77.61316666666667,124.71175,86.26393333333334,0.0,0.0,0.0,0.0,0.0,19.0,5.0,0.7485107481711013,-0.663122658240795,0.49999999999999994,-0.8660254037844387,62.17,61.45,60.01,1278475.6666666667,1279752.0,1282304.6666666667,3.0900000000000003,3.285,3.6750000000000003,2469.333333333333,2743.0,3290.3333333333335,111.77266666666667,112.1302,112.84526666666666,1.6433333333333333,1.65,1.6633333333333333,0.06333333333333334,0.065,0.06833333333333334,62.169999999999995,61.089999999999996,1.3469966592386395,1278475.6666666667,1280390.1666666667,2387.8010223257,3.0900000000000003,3.3825000000000003,0.3648115952104597,2469.3333333333335,2879.8333333333335,511.9834524235623,0.7199999999999989,0.011581148463889246,-1276.3333333334886,-0.0009983243065245784,-0.35753333333333615,-0.00319875461502217,-0.006666666666666821,-0.0040567951318459805,-0.0016666666666666705,-0.026315789473684292,0.4659333333333393,0.006039533930143115,0.19414999999999338,0.001559217331525753,0.6355666666666764,0.0074223845602567895,2.7,1922.0
2021-05-21,63.61,1275923.0,1.0,2.7,1922.0,111.0576,1.63,0.06,268.383,78.0791,124.9059,86.8995,0.0,0.0,0.0,0.0,1.0,20.0,5.0,0.6631226582407952,-0.7485107481711012,0.49999999999999994,-0.8660254037844387,62.89,62.17,60.73,1277199.3333333333,1278475.6666666667,1281028.3333333333,2.8950000000000005,3.0900000000000003,3.48,2195.6666666666665,2469.333333333333,3016.6666666666665,111.41513333333333,111.77266666666667,112.48773333333332,1.6366666666666665,1.6433333333333333,1.6566666666666665,0.06166666666666667,0.06333333333333334,0.06666666666666667,62.89000000000001,61.81,1.3469966592386375,1277199.3333333333,1279113.8333333333,2387.8010223255633,2.895000000000001,3.1875,0.3648115952104597,2195.6666666666665,2606.1666666666665,511.983452423562,0.7199999999999989,0.011448560979487876,-1276.3333333332557,-0.0009993219539209397,-0.35753333333333615,-0.003209019480896358,-0.006666666666666599,-0.004073319755600768,-0.0016666666666666705,-0.027027027027027084,0.4659333333333251,0.006003276935399704,0.1941500000000076,0.0015567899576423017,0.6355666666666622,0.007367698667422928,3.25999999999999,15467.0
2021-05-28,66.31,1277845.0,2.0,3.25999999999999,15467.0,110.7576,1.58,0.06,268.383,78.0791,124.9059,86.8995,0.0,0.0,0.0,0.0,1.0,21.0,5.0,0.5680647467311558,-0.8229838658936564,0.49999999999999994,-0.8660254037844387,63.61,62.89,61.45,1275923.0,1277199.3333333333,1279752.0,2.7,2.8950000000000005,3.285,1922.0,2195.6666666666665,2743.0,111.0576,111.41513333333333,112.1302,1.63,1.6366666666666665,1.65,0.06,0.06166666666666667,0.065,64.27,62.85999999999999,1.9731700382886543,1276989.111111111,1278370.5555555555,1823.2782644527251,2.951666666666664,3.118333333333332,0.28437065014988155,6528.222222222223,4635.61111111111,5320.370602867046,2.700000000000003,0.042446156264738244,1922.0,0.0015063604935408037,-0.29999999999999716,-0.0027013009465358673,-0.04999999999999982,-0.030674846625766805,0.0,0.0,0.0,0.0,0.0,0.0,0.0,0.0,3.02999999999999,8784.0
2021-06-04,68.08666666666667,1279515.6666666667,1.6666666666666667,3.02999999999999,8784.0,111.51866666666666,1.5366666666666666,0.06666666666666667,269.14,78.40456666666667,124.9659,87.76293333333334,0.0,0.0,0.0,0.0,0.0,22.0,6.0,0.46472317204376906,-0.8854560256532096,1.2246467991473532e-16,-1.0,66.31,63.61,62.17,1277845.0,1275923.0,1278475.6666666667,3.25999999999999,2.7,3.0900000000000003,15467.0,1922.0,2469.333333333333,110.7576,111.0576,111.77266666666667,1.58,1.63,1.6433333333333333,0.06,0.06,0.06333333333333334,66.00222222222223,64.08611111111112,2.5779082103016777,1277761.2222222222,1278118.4444444445,1448.2993347229826,2.9966666666666604,3.04333333333333,0.22252340700848985,8724.333333333334,5596.833333333333,5487.73499825849,1.7766666666666708,0.026793344392499918,1670.6666666667443,0.001307409479762267,0.7610666666666646,0.006871462244276261,-0.043333333333333446,-0.027426160337552852,0.006666666666666668,0.11111111111111116,0.3254666666666708,0.004168422364841273,0.060000000000002274,0.00048036161622477813,0.863433333333333,0.009935998864588846,2.79999999999999,2101.0
2021-06-11,69.86333333333333,1281186.3333333333,1.3333333333333335,2.79999999999999,2101.0,112.27973333333334,1.4933333333333334,0.07333333333333333,269.897,78.73003333333332,125.0259,88.62636666666667,0.0,0.0,0.0,0.0,0.0,23.0,6.0,0.35460488704253584,-0.9350162426854147,1.2246467991473532e-16,-1.0,68.08666666666667,66.31,62.89,1279515.6666666667,1277845.0,1277199.3333333333,3.02999999999999,3.25999999999999,2.8950000000000005,8784.0,15467.0,2195.6666666666665,111.51866666666666,110.7576,111.41513333333333,1.5366666666666666,1.58,1.6366666666666665,0.06666666666666667,0.06,0.06166666666666667,68.08666666666666,65.48833333333334,3.093797199415498,1279515.6666666667,1278357.5,1837.8469982250947,3.0299999999999905,2.962499999999995,0.2045421716908257,8784.0,5489.833333333333,5560.2872058115045,1.7766666666666566,0.026094193674728094,1670.6666666665114,0.0013057023920768351,0.7610666666666788,0.006824567486459765,-0.043333333333333224,-0.02819956616052055,0.006666666666666668,0.10000000000000009,0.3254666666666566,0.004151118748610072,0.05999999999998806,0.0004801309797310971,0.863433333333333,0.00983824606287853,2.56999999999999,-4582.0
2021-06-18,71.64,1282857.0,1.0,2.56999999999999,-4582.0,113.0408,1.45,0.08,270.654,79.0555,125.0859,89.4898,0.0,0.0,0.0,0.0,1.0,24.0,6.0,0.23931566428755768,-0.970941817426052,1.2246467991473532e-16,-1.0,69.86333333333333,68.08666666666667,63.61,1281186.3333333333,1279515.6666666667,1275923.0,2.79999999999999,3.02999999999999,2.7,2101.0,8784.0,1922.0,112.27973333333334,111.51866666666666,111.0576,1.4933333333333334,1.5366666666666666,1.63,0.07333333333333333,0.06666666666666667,0.06,69.86333333333333,67.06666666666668,3.4566676309866975,1281186.3333333333,1279087.7222222222,2604.634249577184,2.79999999999999,2.875833333333327,0.24573189997773145,2101.0000000000005,4314.61111111111,6908.190672967422,1.7766666666666708,0.025430602605086117,1670.6666666667443,0.00130399975647566,0.7610666666666646,0.006778308462910498,-0.043333333333333446,-0.029017857142857206,0.006666666666666668,0.09090909090909083,0.3254666666666708,0.004133958197231946,0.060000000000002274,0.00047990056460300856,0.863433333333333,0.009742397954559001,0.7799999999999934,-1580.0
2021-06-25,72.61333333333333,1278855.6666666667,1.0,0.7799999999999934,-1580.0,112.97303333333333,1.4233333333333333,0.08666666666666667,271.07033333333334,79.29683333333332,125.24893333333333,90.8284,0.0,0.0,0.0,0.0,0.0,25.0,6.0,0.12053668025532308,-0.992708874098054,1.2246467991473532e-16,-1.0,71.64,69.86333333333333,66.31,1282857.0,1281186.3333333333,1277845.0,2.56999999999999,2.79999999999999,3.25999999999999,-4582.0,2101.0,15467.0,113.0408,112.27973333333334,110.7576,1.45,1.4933333333333334,1.58,0.08,0.07333333333333333,0.06,71.37222222222222,68.68722222222222,3.3854547809820397,1280966.3333333333,1279363.7777777778,2447.496477505924,2.0499999999999914,2.5233333333333254,0.8886544135189246,-1353.666666666666,3685.3333333333335,7300.630977296872,0.9733333333333292,0.01358645077238041,-4001.3333333332557,-0.0031190797831194272,-0.06776666666667097,-0.0005994885622419011,-0.026666666666666616,-0.01839080459770115,0.006666666666666668,0.08333333333333326,0.24133333333332985,0.003052707696913348,0.16303333333333114,0.0013033709901222323,1.3385999999999996,0.01495812930635676,-1.0100000000000033,1422.0
2021-07-02,73.58666666666667,1274854.3333333333,1.0,-1.0100000000000033,1422.0,112.90526666666668,1.3966666666666667,0.09333333333333334,271.4866666666667,79.53816666666667,125.41196666666667,92.167,0.0,0.0,0.0,0.0,0.0,26.0,7.0,-3.216245299353273e-16,-1.0,-0.4999999999999997,-0.8660254037844388,72.61333333333333,71.64,68.08666666666667,1278855.6666666667,1282857.0,1279515.6666666667,0.7799999999999934,2.56999999999999,3.02999999999999,-1580.0,-4582.0,8784.0,112.97303333333333,113.0408,111.51866666666666,1.4233333333333333,1.45,1.5366666666666666,0.08666666666666667,0.08,0.06666666666666667,72.61333333333333,70.35000000000001,2.7908389817799106,1278855.6666666667,1279185.6666666667,2766.116089794295,0.7799999999999937,1.9049999999999916,1.6797470047599394,-1579.9999999999993,3602.0,7327.588006977468,0.9733333333333434,0.01340433345574743,-4001.3333333334886,-0.0031288388812186207,-0.06776666666665676,-0.0005998481643553211,-0.026666666666666616,-0.01873536299765799,0.006666666666666668,0.07692307692307687,0.24133333333334406,0.0030434170343078826,0.16303333333334535,0.0013016744254377155,1.3385999999999996,0.014737681165802652,-2.8,4424.0
2021-07-09,74.56,1270853.0,1.0,-2.8,4424.0,112.8375,1.37,0.1,271.903,79.7795,125.575,93.5056,0.0,0.0,0.0,0.0,1.0,27.0,7.0,-0.12053668025532283,-0.992708874098054,-0.4999999999999997,-0.8660254037844388,73.58666666666667,72.61333333333333,69.86333333333333,1274854.3333333333,1278855.6666666667,1281186.3333333333,-1.0100000000000033,0.7799999999999934,2.79999999999999,1422.0,-1580.0,2101.0,112.90526666666668,112.97303333333333,112.27973333333334,1.3966666666666667,1.4233333333333333,1.4933333333333334,0.09333333333333334,0.08666666666666667,0.07333333333333333,73.58666666666666,71.72500000000001,2.4084294098483277,1274854.3333333333,1278020.3333333333,4421.423461083385,-1.010000000000003,0.8949999999999932,2.3785773058700395,1422.0000000000007,1761.5,4648.452376866951,0.9733333333333292,0.013227033882949657,-4001.3333333332557,-0.003138659240284336,-0.06776666666667097,-0.0006002081981413276,-0.026666666666666616,-0.019093078758949833,0.006666666666666668,0.0714285714285714,0.24133333333332985,0.0030341827508386654,0.16303333333333114,0.0012999822717607579,1.3385999999999996,0.014523636442544507,-3.7566666666666664,2904.0
2021-07-16,74.35000000000001,1269787.6666666667,1.8333333333333335,-3.7566666666666664,2904.0,112.78213333333333,1.3266666666666667,0.1,271.903,79.7795,125.575,93.5056,0.0,0.0,0.0,0.0,0.0,28.0,7.0,-0.23931566428755743,-0.9709418174260521,-0.4999999999999997,-0.8660254037844388,74.56,73.58666666666667,71.64,1270853.0,1274854.3333333333,1282857.0,-2.8,-1.0100000000000033,2.56999999999999,4424.0,1422.0,-4582.0,112.8375,112.90526666666668,113.0408,1.37,1.3966666666666667,1.45,0.1,0.09333333333333334,0.08,74.16555555555556,72.7688888888889,1.7954159736725896,1271831.6666666667,1276399.0,5431.636495773459,-2.5222222222222226,-0.23611111111111613,2.7455947881544183,2916.6666666666674,781.5,3294.4786385709067,-0.20999999999999375,-0.0028165236051501674,-1065.3333333332557,-0.0008382821092079995,-0.05536666666667145,-0.0004906761197888132,-0.043333333333333446,-0.031630170316301776,0.0,0.0,0.0,0.0,0.0,0.0,0.0,0.0,-4.713333333333333,1384.0
2021-07-23,74.14,1268722.3333333333,2.666666666666667,-4.713333333333333,1384.0,112.72676666666668,1.2833333333333334,0.1,271.903,79.7795,125.575,93.5056,0.0,0.0,0.0,0.0,0.0,29.0,7.0,-0.3546048870425356,-0.9350162426854148,-0.4999999999999997,-0.8660254037844388,74.35000000000001,74.56,72.61333333333333,1269787.6666666667,1270853.0,1278855.6666666667,-3.7566666666666664,-2.8,0.7799999999999934,2904.0,4424.0,-1580.0,112.78213333333333,112.8375,112.97303333333333,1.3266666666666667,1.37,1.4233333333333333,0.1,0.1,0.08666666666666667,74.35000000000001,73.48166666666667,1.1407867655458779,1269787.6666666667,1274321.6666666667,5614.875655098594,-3.756666666666666,-1.4883333333333366,2.7968067108360817,2904.0000000000005,662.0,3249.7443591765823,-0.21000000000000796,-0.002824478816409015,-1065.3333333334886,-0.0008389854156719556,-0.05536666666665724,-0.0004909170010378716,-0.043333333333333224,-0.03266331658291444,0.0,0.0,0.0,0.0,0.0,0.0,0.0,0.0,-5.67,-136.0
2021-07-30,73.93,1267657.0,3.5,-5.67,-136.0,112.6714,1.24,0.1,271.903,79.7795,125.575,93.5056,0.0,0.0,0.0,0.0,2.0,30.0,7.0,-0.46472317204376806,-0.8854560256532101,-0.4999999999999997,-0.8660254037844388,74.14,74.35000000000001,73.58666666666667,1268722.3333333333,1269787.6666666667,1274854.3333333333,-4.713333333333333,-3.7566666666666664,-1.0100000000000033,1384.0,2904.0,1422.0,112.72676666666668,112.78213333333333,112.90526666666668,1.2833333333333334,1.3266666666666667,1.3966666666666667,0.1,0.1,0.09333333333333334,74.14,73.86333333333333,0.698888005652293,1268722.3333333333,1271788.3333333333,4258.951587212445,-4.713333333333333,-2.861666666666668,2.4004432461063825,1384.0000000000007,1403.0,2128.237486748134,-0.20999999999999375,-0.0028324790936066213,-1065.3333333332557,-0.000839689903254337,-0.05536666666667145,-0.0004911581189087633,-0.043333333333333446,-0.03376623376623389,0.0,0.0,0.0,0.0,0.0,0.0,0.0,0.0,-5.890000000000001,-2463.0
2021-08-06,71.14500000000001,1264941.0,3.75,-5.890000000000001,-2463.0,112.86645,1.2650000000000001,0.095,272.2895,79.71355,125.00475,94.18915,0.0,0.0,0.0,0.0,0.0,31.0,8.0,-0.5680647467311556,-0.8229838658936566,-0.8660254037844385,-0.5000000000000004,73.93,74.14,74.56,1267657.0,1268722.3333333333,1270853.0,-5.67,-4.713333333333333,-2.8,-136.0,1384.0,4424.0,112.6714,112.72676666666668,112.8375,1.24,1.2833333333333334,1.37,0.1,0.1,0.1,73.07166666666667,73.61861111111112,1.2577539136920146,1267106.7777777778,1269469.2222222222,3327.5353753299414,-5.424444444444444,-3.973333333333334,1.860370333502917,-404.9999999999994,1255.8333333333333,2390.175425918918,-2.7849999999999966,-0.037670769646963254,-2716.0,-0.0021425354019265486,0.19504999999999484,0.0017311402893724903,0.025000000000000133,0.02016129032258074,-0.0050000000000000044,-0.050000000000000044,-0.06595000000000084,-0.0008266534636091061,-0.5702500000000015,-0.004541110889906497,0.6835499999999968,0.00731025735357016,-6.11,-4790.0
2021-08-13,68.36,1262225.0,4.0,-6.11,-4790.0,113.0615,1.29,0.09,272.676,79.6476,124.4345,94.8727,0.0,0.0,0.0,0.0,2.0,32.0,8.0,-0.663122658240795,-0.7485107481711013,-0.8660254037844385,-0.5000000000000004,71.14500000000001,73.93,74.35000000000001,1264941.0,1267657.0,1269787.6666666667,-5.890000000000001,-5.67,-3.7566666666666664,-2463.0,-136.0,2904.0,112.86645,112.6714,112.78213333333333,1.2650000000000001,1.24,1.3266666666666667,0.095,0.1,0.1,71.14500000000001,72.7475,2.490328793553197,1264941.0,1267364.3333333333,3232.907325887607,-5.89,-4.823333333333333,1.3231695952438431,-2462.9999999999995,220.5,3425.13332587215,-2.785000000000011,-0.03914540726684956,-2716.0,-0.002147135716211279,0.19504999999999484,0.0017281486216673692,0.02499999999999991,0.019762845849802257,-0.0050000000000000044,-0.052631578947368474,-0.06595000000000084,-0.0008273373849239096,-0.5702500000000015,-0.004561826650587242,0.6835499999999968,0.007257205315049475,6.59,-13619.0
2021-08-20,62.25,1257435.0,4.5,6.59,-13619.0,114.5009,1.26,0.09,272.676,79.6476,124.4345,94.8727,0.0,0.0,0.0,1.0,1.0,33.0,8.0,-0.7485107481711011,-0.6631226582407952,-0.8660254037844385,-0.5000000000000004,68.36,71.14500000000001,74.14,1262225.0,1264941.0,1268722.3333333333,-6.11,-5.890000000000001,-4.713333333333333,-4790.0,-2463.0,1384.0,113.0615,112.86645,112.72676666666668,1.29,1.2650000000000001,1.2833333333333334,0.09,0.095,0.1,67.25166666666667,70.69583333333334,4.746894160044715,1261533.6666666667,1265128.0,4662.020882741038,-1.803333333333333,-3.2583333333333333,4.903648414984272,-6957.333333333333,-2786.6666666666665,5970.958571843108,-6.109999999999999,-0.08937975424224687,-4790.0,-0.0037948860147755115,1.4394000000000062,0.012731124211159406,-0.030000000000000027,-0.023255813953488413,0.0,0.0,0.0,0.0,0.0,0.0,0.0,0.0,5.150000000000003,-9940.666666666666
2021-08-27,64.77333333333333,1246504.0,3.333333333333333,5.150000000000003,-9940.666666666666,113.98143333333333,1.29,0.08666666666666667,273.08733333333333,79.07113333333334,123.4513,94.05173333333333,0.0,0.0,0.0,0.0,0.0,34.0,8.0,-0.8229838658936564,-0.5680647467311559,-0.8660254037844385,-0.5000000000000004,62.25,68.36,73.93,1257435.0,1262225.0,1267657.0,6.59,-6.11,-5.67,-13619.0,-4790.0,-136.0,114.5009,113.0615,112.6714,1.26,1.29,1.24,0.09,0.09,0.1,65.12777777777778,69.09972222222223,4.880628422272702,1255388.0,1261247.3888888888,8288.04223610215,1.876666666666668,-1.7738888888888884,5.95750149593553,-9449.888888888889,-4927.444444444444,5823.404215049121,2.5233333333333263,0.04053547523427037,-10931.0,-0.00869309347998104,-0.5194666666666734,-0.004536791122748185,0.030000000000000027,0.023809523809523725,-0.003333333333333327,-0.03703703703703698,-0.5764666666666614,-0.007237715469978534,-0.9831999999999965,-0.007901345687892025,-0.8209666666666635,-0.008653349874797156,3.7100000000000066,-6262.333333333333
2021-09-03,67.29666666666667,1235573.0,2.1666666666666665,3.7100000000000066,-6262.333333333333,113.46196666666667,1.32,0.08333333333333333,273.4986666666667,78.49466666666666,122.46809999999999,93.23076666666667,0.0,0.0,0.0,0.0,0.0,35.0,9.0,-0.8854560256532096,-0.4647231720437691,-1.0,-1.8369701987210297e-16,64.77333333333333,62.25,71.14500000000001,1246504.0,1257435.0,1264941.0,5.150000000000003,6.59,-5.890000000000001,-9940.666666666666,-13619.0,-2463.0,113.98143333333333,114.5009,112.86645,1.29,1.26,1.2650000000000001,0.08666666666666667,0.09,0.095,64.77333333333333,67.95916666666666,4.222418178932246,1246504.0,1255722.5,12358.084701927308,5.150000000000004,-0.36999999999999855,6.116639600303423,-9940.666666666666,-6201.833333333333,4934.843024633895,2.5233333333333405,0.03895636064223962,-10931.0,-0.008769326051099702,-0.5194666666666592,-0.004557467400392312,0.030000000000000027,0.023255813953488413,-0.003333333333333341,-0.03846153846153855,-0.5764666666666756,-0.007290481903636237,-0.9832000000000107,-0.007964274171272434,-0.8209666666666635,-0.008728883961734546,2.27000000000001,-2584.0
2021-09-10,69.82,1224642.0,1.0,2.27000000000001,-2584.0,112.9425,1.35,0.08,273.91,77.9182,121.4849,92.4098,0.0,0.0,0.0,0.0,1.0,36.0,9.0,-0.9350162426854147,-0.3546048870425359,-1.0,-1.8369701987210297e-16,67.29666666666667,64.77333333333333,68.36,1235573.0,1246504.0,1262225.0,3.7100000000000066,5.150000000000003,-6.11,-6262.333333333333,-9940.666666666666,-4790.0,113.46196666666667,113.98143333333333,113.0615,1.32,1.29,1.29,0.08333333333333333,0.08666666666666667,0.09,67.29666666666667,67.27416666666666,3.2906101680049287,1235573.0,1248553.3333333333,15992.465559340133,3.7100000000000066,0.9533333333333364,5.575638677915444,-6262.333333333332,-6609.833333333333,4405.881940971388,2.5233333333333263,0.037495665956708946,-10931.0,-0.008846907467223719,-0.5194666666666734,-0.0045783330038055015,0.030000000000000027,0.022727272727272707,-0.003333333333333327,-0.039999999999999925,-0.5764666666666614,-0.007344023373137776,-0.9831999999999965,-0.008028213061197165,-0.8209666666666635,-0.00880574831698977,2.6933333333333365,-82.66666666666652
2021-09-17,71.88333333333333,1227692.0,1.6666666666666665,2.6933333333333365,-82.66666666666652,113.4216,1.3933333333333333,0.08,274.79,79.03963333333333,123.22463333333333,94.30030000000001,0.0,0.0,0.0,0.0,0.0,37.0,9.0,-0.970941817426052,-0.23931566428755774,-1.0,-1.8369701987210297e-16,69.82,67.29666666666667,62.25,1224642.0,1235573.0,1257435.0,2.27000000000001,3.7100000000000066,6.59,-2584.0,-6262.333333333333,-13619.0,112.9425,113.46196666666667,114.5009,1.35,1.32,1.26,0.08,0.08333333333333333,0.09,69.66666666666667,67.39722222222223,3.4730616763033497,1229302.3333333333,1242345.1666666667,15583.237037492685,2.8911111111111185,2.3838888888888925,4.457716613627141,-2976.3333333333326,-6213.11111111111,4929.955887414397,2.0633333333333326,0.029552181800821087,3050.0,0.0024905237612298237,0.4791000000000025,0.004241981539278905,0.043333333333333224,0.032098765432098775,0.0,0.0,1.1214333333333286,0.014392444041742891,1.7397333333333336,0.014320572625349692,1.890500000000003,0.020457786944674705,3.116666666666663,2418.666666666667
2021-09-24,73.94666666666667,1230742.0,2.333333333333333,3.116666666666663,2418.666666666667,113.9007,1.4366666666666668,0.08,275.67,80.16106666666667,124.96436666666666,96.1908,0.0,0.0,0.0,0.0,0.0,38.0,9.0,-0.992708874098054,-0.12053668025532357,-1.0,-1.8369701987210297e-16,71.88333333333333,69.82,64.77333333333333,1227692.0,1224642.0,1246504.0,2.6933333333333365,2.27000000000001,5.150000000000003,-82.66666666666652,-2584.0,-9940.666666666666,113.4216,112.9425,113.98143333333333,1.3933333333333333,1.35,1.29,0.08,0.08,0.08666666666666667,71.88333333333333,68.32833333333333,4.4062968831232805,1227692.0,1237098.0,12557.193460324705,2.6933333333333374,3.92166666666667,1.6467203095176117,-82.6666666666659,-5011.666666666667,6088.412849193313,2.063333333333347,0.028703918386274285,3050.0,0.002484336462239778,0.4791000000000025,0.004224063141412326,0.043333333333333446,0.031100478468899517,0.0,0.0,1.1214333333333428,0.014188240583099976,1.7397333333333336,0.014118389207352644,1.8904999999999887,0.02004765626408389,3.53999999999999,4920.0
2021-10-01,76.01,1233792.0,3.0,3.53999999999999,4920.0,114.3798,1.48,0.08,276.55,81.2825,126.7041,98.0813,0.0,0.0,0.0,0.0,1.0,39.0,10.0,-1.0,-1.8369701987210297e-16,-0.8660254037844386,0.5000000000000001,73.94666666666667,71.88333333333333,67.29666666666667,1230742.0,1227692.0,1235573.0,3.116666666666663,2.6933333333333365,3.7100000000000066,2418.666666666667,-82.66666666666652,-6262.333333333333,113.9007,113.4216,113.46196666666667,1.4366666666666668,1.3933333333333333,1.32,0.08,0.08,0.08333333333333333,73.94666666666667,70.62166666666667,4.185280423367362,1230742.0,1233157.5,7649.658338777354,3.1166666666666636,3.4133333333333344,1.0033632332200444,2418.6666666666674,-1921.833333333333,5524.730773732078,2.0633333333333326,0.027902993148214872,3050.0,0.002478179829728644,0.4791000000000025,0.004206295483697664,0.043333333333333224,0.030162412993039345,0.0,0.0,1.1214333333333286,0.013989750635387432,1.7397333333333336,0.013921835317854514,1.890500000000003,0.019653646710496187,2.84,-9805.0
2021-10-08,79.55,1238712.0,1.0,2.84,-9805.0,114.5986,1.61,0.08,276.55,81.2825,126.7041,98.0813,0.0,0.0,0.0,0.0,1.0,40.0,10.0,-0.992708874098054,0.1205366802553232,-0.8660254037844386,0.5000000000000001,76.01,73.94666666666667,69.82,1233792.0,1230742.0,1224642.0,3.53999999999999,3.116666666666663,2.27000000000001,4920.0,2418.666666666667,-2584.0,114.3798,113.9007,112.9425,1.48,1.4366666666666668,1.35,0.08,0.08,0.08,76.50222222222222,73.08444444444444,4.397802818411671,1234415.3333333333,1231858.8333333333,5199.818474398304,3.1655555555555512,3.028333333333334,0.5398219871196237,-822.1111111111107,-1899.222222222222,5485.486518144107,3.539999999999992,0.046572819365872764,4920.0,0.003987706193588458,0.21880000000000166,0.0019129251843419404,0.13000000000000012,0.08783783783783794,0.0,0.0,0.0,0.0,0.0,0.0,0.0,0.0,1.319999999999998,-9039.6
2021-10-15,79.814,1235742.6,1.4,1.319999999999998,-9039.6,114.58176,1.604,0.08,277.0238,81.4148,126.98658,98.12176,0.0,0.0,0.0,0.0,0.0,41.0,10.0,-0.9709418174260521,0.23931566428755738,-0.8660254037844386,0.5000000000000001,79.55,76.01,71.88333333333333,1238712.0,1233792.0,1227692.0,2.84,3.53999999999999,2.6933333333333365,-9805.0,4920.0,-82.66666666666652,114.5986,114.3798,113.4216,1.61,1.48,1.3933333333333333,0.08,0.08,0.08,78.45800000000001,75.17066666666666,4.059013563799863,1236082.2,1231887.0999999999,5224.449756675569,2.5666666666666633,2.6299999999999994,0.7692536064986051,-4641.533333333333,-2362.1,6018.563498414258,0.2639999999999958,0.003318667504713879,-2969.399999999907,-0.0023971673803110383,-0.016840000000001965,-0.0001469476939508496,-0.006000000000000005,-0.003726708074534124,0.0,0.0,0.13230000000000075,0.0016276566296558048,0.2824800000000067,0.0022294464030760963,0.040459999999995944,0.0004125149238436432,-0.20000000000000373,-8274.2
2021-10-22,80.078,1232773.2,1.8,-0.20000000000000373,-8274.2,114.56492,1.598,0.08,277.4976,81.5471,127.26906,98.16222,0.0,0.0,0.0,0.0,0.0,42.0,10.0,-0.9350162426854148,0.35460488704253557,-0.8660254037844386,0.5000000000000001,79.814,79.55,73.94666666666667,1235742.6,1238712.0,1230742.0,1.319999999999998,2.84,3.116666666666663,-9039.6,-9805.0,2418.666666666667,114.58176,114.5986,113.9007,1.604,1.61,1.4366666666666668,0.08,0.08,0.08,79.81400000000001,76.88033333333334,3.4725345658627176,1235742.5999999999,1233242.3,3840.5383284151358,1.3199999999999987,2.2183333333333306,1.4015162424238183,-9039.6,-3310.466666666667,6490.343961849105,0.26400000000001,0.0033076903801338986,-2969.4000000001397,-0.002402927599971183,-0.016840000000001965,-0.0001469692907493103,-0.006000000000000005,-0.0037406483790524137,0.0,0.0,0.13230000000000075,0.0016250116686400418,0.2824799999999925,0.0022244870284717777,0.040460000000010155,0.0004123448254496065,-1.720000000000006,-7508.8
2021-10-29,80.342,1229803.8,2.2,-1.720000000000006,-7508.8,114.54808,1.592,0.08,277.9714,81.6794,127.55154,98.20268,0.0,0.0,0.0,0.0,0.0,43.0,10.0,-0.8854560256532101,0.464723172043768,-0.8660254037844386,0.5000000000000001,80.078,79.814,76.01,1232773.2,1235742.6,1233792.0,-0.20000000000000373,1.319999999999998,3.53999999999999,-8274.2,-9039.6,4920.0,114.56492,114.58176,114.3798,1.598,1.604,1.48,0.08,0.08,0.08,80.07799999999999,78.29011111111112,2.660104072038234,1232773.2,1233594.2666666666,3287.030337963402,-0.2000000000000033,1.4827777777777733,2.0909247466841787,-8274.199999999999,-4548.155555555556,6459.704187333339,0.2639999999999958,0.0032967856340067048,-2969.399999999907,-0.00240871556909239,-0.016840000000001965,-0.0001469908938966924,-0.006000000000000005,-0.003754693366708417,0.0,0.0,0.13230000000000075,0.0016223752898631982,0.2824800000000067,0.0022195496690240457,0.040459999999995944,0.0004121748672758496,-3.2400000000000073,-6743.4
2021-11-05,80.60600000000001,1226834.4,2.6,-3.2400000000000073,-6743.4,114.53124,1.586,0.08,278.4452,81.8117,127.83402,98.24314000000001,0.0,0.0,0.0,0.0,0.0,44.0,11.0,-0.822983865893657,0.5680647467311548,-0.5000000000000004,0.8660254037844384,80.342,80.078,79.55,1229803.8,1232773.2,1238712.0,-1.720000000000006,-0.20000000000000373,2.84,-7508.8,-8274.2,-9805.0,114.54808,114.56492,114.5986,1.592,1.598,1.61,0.08,0.08,0.08,80.342,79.39999999999999,1.7022032781076408,1229803.8,1232943.0,4219.9129090570195,-1.720000000000005,0.42333333333332845,2.636677201833146,-7508.799999999999,-6075.166666666667,5494.193291709593,0.26400000000001,0.0032859525528368128,-2969.4000000001397,-0.002414531488681426,-0.016840000000001965,-0.00014701250339599348,-0.006000000000000005,-0.0037688442211055717,0.0,0.0,0.13230000000000075,0.0016197474516217447,0.2824799999999925,0.002214634178466124,0.040460000000010155,0.00041200504914939984,-4.76000000000001,-5978.0
2021-11-12,80.87,1223865.0,3.0,-4.76000000000001,-5978.0,114.5144,1.58,0.08,278.919,81.944,128.1165,98.2836,0.0,0.0,0.0,0.0,2.0,45.0,11.0,-0.7485107481711011,0.6631226582407952,-0.5000000000000004,0.8660254037844384,80.60600000000001,80.342,79.814,1226834.4,1229803.8,1235742.6,-3.2400000000000073,-1.720000000000006,1.319999999999998,-6743.4,-7508.8,-9039.6,114.53124,114.54808,114.58176,1.586,1.592,1.604,0.08,0.08,0.08,80.606,80.21,0.4938987750546155,1226834.4000000001,1231288.5,5555.2387221457975,-3.240000000000007,-0.9600000000000047,2.843659613948198,-6743.399999999999,-7891.5,1431.9322819183972,0.2639999999999958,0.003275190432473929,-2969.399999999907,-0.002420375561689392,-0.016840000000001965,-0.00014703411924987808,-0.006000000000000005,-0.003783102143757877,0.0,0.0,0.13230000000000075,0.001617128112482602,0.2824800000000067,0.0022097404118246455,0.040459999999995944,0.00041183537089706235,-8.345000000000004,-889.0
2021-11-19,79.595,1223010.0,4.0,-8.345000000000004,-889.0,115.51235,1.53,0.08,278.919,81.944,128.1165,98.2836,0.0,0.0,0.0,0.0,0.0,46.0,11.0,-0.6631226582407955,0.7485107481711007,-0.5000000000000004,0.8660254037844384,80.87,80.60600000000001,80.078,1223865.0,1226834.4,1232773.2,-4.76000000000001,-3.2400000000000073,-0.20000000000000373,-5978.0,-6743.4,-8274.2,114.5144,114.53124,114.56492,1.58,1.586,1.598,0.08,0.08,0.08,80.35700000000001,80.21750000000002,0.48207209004509743,1224569.8,1228671.5,5032.622821157063,-5.44833333333334,-2.8241666666666725,3.4548377916577597,-4536.799999999999,-6405.5,2911.2367921555306,-1.2750000000000057,-0.015766044268579305,-855.0,-0.0006986064639482592,0.997950000000003,0.008714624536302784,-0.050000000000000044,-0.03164556962025322,0.0,0.0,0.0,0.0,0.0,0.0,0.0,0.0,-11.93,4200.0
2021-11-26,78.32,1222155.0,5.0,-11.93,4200.0,116.5103,1.48,0.08,278.919,81.944,128.1165,98.2836,0.0,0.0,0.0,1.0,1.0,47.0,11.0,-0.5680647467311559,0.8229838658936564,-0.5000000000000004,0.8660254037844384,79.595,80.87,80.342,1223010.0,1223865.0,1229803.8,-8.345000000000004,-4.76000000000001,-1.720000000000006,-889.0,-5978.0,-7508.8,115.51235,114.5144,114.54808,1.53,1.58,1.592,0.08,0.08,0.08,79.59500000000001,79.9685,0.9195276504817229,1223010.0,1226406.9000000001,4203.1012450371545,-8.345000000000004,-5.032500000000005,4.385457501789291,-888.9999999999994,-4198.900000000001,4872.374049270029,-1.2750000000000057,-0.01601859413279738,-855.0,-0.0006990948561336197,0.997950000000003,0.008639335967106643,-0.050000000000000044,-0.0326797385620915,0.0,0.0,0.0,0.0,0.0,0.0,0.0,0.0,5.31999999999999,-15866.0
2021-12-03,66.39,1226355.0,3.5,5.31999999999999,-15866.0,116.2377,1.35,0.08,280.845,82.2107,128.0857,97.3888,0.0,0.0,0.0,0.0,2.0,48.0,12.0,-0.4647231720437684,0.88545602565321,-2.4492935982947064e-16,1.0,78.32,79.595,80.60600000000001,1222155.0,1223010.0,1226834.4,-11.93,-8.345000000000004,-3.2400000000000073,4200.0,-889.0,-6743.4,116.5103,115.51235,114.53124,1.48,1.53,1.586,0.08,0.08,0.08,74.76833333333333,77.68716666666667,5.610070174843357,1223840.0,1225337.2,2861.386718364702,-4.985000000000005,-4.112500000000007,5.914456652981738,-4184.999999999999,-5464.2,6761.765925555248,-11.929999999999993,-0.15232379979570987,4200.0,0.003436552646759239,-0.27259999999999707,-0.0023397073048476713,-0.1299999999999999,-0.08783783783783772,0.0,0.0,0.26670000000000016,0.00325466172019917,-0.030799999999999272,-0.00024040619280107922,-0.8948000000000036,-0.009104265615016205,4.13999999999999,-17390.0
2021-12-10,68.66,1214927.5,2.75,4.13999999999999,-17390.0,116.01435000000001,1.38,0.08,280.845,82.2107,128.0857,97.3888,0.0,0.0,0.0,0.0,0.0,49.0,12.0,-0.35460488704253595,0.9350162426854147,-2.4492935982947064e-16,1.0,66.39,78.32,80.87,1226355.0,1222155.0,1223865.0,5.31999999999999,-11.93,-4.76000000000001,-15866.0,4200.0,-5978.0,116.2377,116.5103,114.5144,1.35,1.48,1.58,0.08,0.08,0.08,71.12333333333332,75.74016666666667,6.466238177384658,1221145.8333333333,1222857.8166666667,4300.347846593507,-0.8233333333333395,-3.13583333333334,6.805298242301112,-9685.333333333334,-7111.066666666666,8371.125249729972,2.269999999999996,0.03419189636993525,-11427.5,-0.009318264287257794,-0.22334999999999638,-0.0019214936290032902,0.029999999999999805,0.022222222222222143,0.0,0.0,0.0,0.0,0.0,0.0,0.0,0.0,2.95999999999999,-18914.0
2021-12-17,70.93,1203500.0,2.0,2.95999999999999,-18914.0,115.791,1.41,0.08,280.845,82.2107,128.0857,97.3888,0.0,0.0,0.0,0.0,1.0,50.0,12.0,-0.2393156642875578,0.970941817426052,-2.4492935982947064e-16,1.0,68.66,66.39,79.595,1214927.5,1226355.0,1223010.0,4.13999999999999,5.31999999999999,-8.345000000000004,-17390.0,-15866.0,-889.0,116.01435000000001,116.2377,115.51235,1.38,1.35,1.53,0.08,0.08,0.08,68.66000000000001,74.1275,6.211576088240412,1214927.5,1218968.75,8492.67651421134,4.139999999999991,-2.1025000000000076,7.242956406054087,-17390.0,-9139.5,9642.25591342607,2.2700000000000102,0.03306146227789131,-11427.5,-0.009405911052305593,-0.2233500000000106,-0.0019251928748470482,0.030000000000000027,0.021739130434782705,0.0,0.0,0.0,0.0,0.0,0.0,0.0,0.0,3.314999999999995,-11698.0
2021-12-24,73.13,1199125.5,2.5,3.314999999999995,-11698.0,115.54236666666667,1.4649999999999999,0.08,280.845,82.2107,128.0857,97.3888,0.0,0.0,0.0,0.0,0.0,51.0,12.0,-0.12053668025532363,0.992708874098054,-2.4492935982947064e-16,1.0,70.93,68.66,78.32,1203500.0,1214927.5,1222155.0,2.95999999999999,4.13999999999999,-11.93,-18914.0,-17390.0,4200.0,115.791,116.01435000000001,116.5103,1.41,1.38,1.48,0.08,0.08,0.08,70.90666666666667,72.83749999999999,5.262461163752181,1205851.0,1214845.5,11210.726426063524,3.471666666666659,-0.7566666666666735,7.398938887885654,-16000.666666666666,-10092.833333333334,9549.484476487027,2.1999999999999886,0.031016495136049427,-4374.5,-0.003634815122559254,-0.2486333333333306,-0.0021472595740025247,0.05499999999999994,0.03900709219858145,0.0,0.0,0.0,0.0,0.0,0.0,0.0,0.0,3.67,-4482.0
2021-12-31,75.33,1194751.0,3.0,3.67,-4482.0,115.29373333333334,1.52,0.08,280.845,82.2107,128.0857,97.3888,0.0,0.0,0.0,0.0,1.0,52.0,12.0,6.432490598706546e-16,1.0,-2.4492935982947064e-16,1.0,73.13,70.93,66.39,1199125.5,1203500.0,1226355.0,3.314999999999995,2.95999999999999,5.31999999999999,-11698.0,-18914.0,-15866.0,115.54236666666667,115.791,116.2377,1.4649999999999999,1.41,1.35,0.08,0.08,0.08,73.13,72.12666666666667,4.381427469063774,1199125.5,1210135.6666666667,12902.99674365257,3.3149999999999955,1.2458333333333271,6.506520127277455,-11698.0,-10691.666666666666,8950.782796307076,2.200000000000003,0.03008341309995899,-4374.5,-0.0036480752014697027,-0.2486333333333306,-0.0021518802194058217,0.05500000000000016,0.03754266211604107,0.0,0.0,0.0,0.0,0.0,0.0,0.0,0.0,4.81999999999999,-1492.0
2022-01-07,79.0,1190269.0,3.5,4.81999999999999,-1492.0,115.0451,1.76,0.08,282.543,81.0936,125.5726,99.8104,0.0,0.0,0.0,0.0,2.0,1.0,1.0,0.12053668025532305,0.992708874098054,0.49999999999999994,0.8660254037844387,75.33,73.13,68.66,1194751.0,1199125.5,1214927.5,3.67,3.314999999999995,4.13999999999999,-4482.0,-11698.0,-17390.0,115.29373333333334,115.54236666666667,116.01435000000001,1.52,1.4649999999999999,1.38,0.08,0.08,0.08,75.82,72.24000000000001,4.578051987472396,1194715.1666666667,1204821.3333333333,13514.465308206305,3.934999999999995,4.037499999999992,0.903956580815697,-5890.666666666667,-11640.333333333334,7184.077996978228,3.6700000000000017,0.04871896986592339,-4482.0,-0.0037514092894670448,-0.2486333333333306,-0.002156520793844763,0.24,0.1578947368421053,0.0,0.0,-1.1171000000000078,-0.01358825554337828,-2.5131000000000085,-0.01962045724073813,2.421599999999998,0.024865282250114973,3.6649999999999947,-3639.5
2022-01-14,82.08,1187478.5,2.25,3.6649999999999947,-3639.5,114.8288,1.755,0.08,282.543,81.0936,125.5726,99.8104,0.0,0.0,0.0,0.0,0.0,2.0,1.0,0.23931566428755774,0.970941817426052,0.49999999999999994,0.8660254037844387,79.0,75.33,70.93,1190269.0,1194751.0,1203500.0,4.81999999999999,3.67,2.95999999999999,-1492.0,-4482.0,-18914.0,115.0451,115.29373333333334,115.791,1.76,1.52,1.41,0.08,0.08,0.08,78.80333333333333,74.855,5.027256707191312,1190832.8333333333,1198341.9166666667,9983.80577443859,4.051666666666662,3.7616666666666596,0.6516338440156964,-3204.5,-9602.583333333334,7473.920098694306,3.0799999999999983,0.038987341772151796,-2790.5,-0.0023444280242533866,-0.21630000000000393,-0.0018801322264051512,-0.0050000000000001155,-0.0028409090909091717,0.0,0.0,0.0,0.0,0.0,0.0,0.0,0.0,2.51,-5787.0
2022-01-21,85.16,1184688.0,1.0,2.51,-5787.0,114.6125,1.75,0.08,282.543,81.0936,125.5726,99.8104,0.0,0.0,0.0,0.0,1.0,3.0,1.0,0.3546048870425356,0.9350162426854148,0.49999999999999994,0.8660254037844387,82.08,79.0,73.13,1187478.5,1190269.0,1199125.5,3.6649999999999947,4.81999999999999,3.314999999999995,-3639.5,-1492.0,-11698.0,114.8288,115.0451,115.54236666666667,1.755,1.76,1.4649999999999999,0.08,0.08,0.08,82.08,77.605,5.455392744798496,1187478.5,1193302.0,7173.91377840905,3.664999999999995,3.4899999999999944,0.7878895861730902,-3639.5,-7668.75,6492.6721444255945,3.0799999999999983,0.03752436647173485,-2790.5,-0.0023499372830749765,-0.21630000000000393,-0.001883673782187123,-0.004999999999999893,-0.002849002849002802,0.0,0.0,0.0,0.0,0.0,0.0,0.0,0.0,4.59999999999999,-8052.0
2022-01-28,87.67,1178901.0,2.5,4.59999999999999,-8052.0,116.0393,1.78,0.08,282.543,81.0936,125.5726,99.8104,0.0,1.0,0.0,0.0,1.0,4.0,1.0,0.4647231720437685,0.8854560256532099,0.49999999999999994,0.8660254037844387,85.16,82.08,75.33,1184688.0,1187478.5,1194751.0,2.51,3.6649999999999947,3.67,-5787.0,-3639.5,-4482.0,114.6125,114.8288,115.29373333333334,1.75,1.755,1.52,0.08,0.08,0.08,84.97000000000001,80.395,5.6364980262571,1183689.1666666667,1189202.1666666667,7209.202332207989,3.591666666666662,3.763333333333328,0.8493271846977866,-5826.166666666667,-5858.416666666667,3600.0375055916734,2.510000000000005,0.029473931423203537,-5787.0,-0.004884830436368004,1.4268,0.012448903915367016,0.030000000000000027,0.017142857142857126,0.0,0.0,0.0,0.0,0.0,0.0,0.0,0.0,9.472499999999993,-8062.75
2022-02-04,88.6725,1172974.0,3.125,9.472499999999993,-8062.75,115.84389999999999,1.8275000000000001,0.08,283.03225,81.1682,125.70755,99.9141,0.0,0.0,0.0,0.0,0.0,5.0,2.0,0.5680647467311558,0.8229838658936564,0.8660254037844386,0.5000000000000001,87.67,85.16,79.0,1178901.0,1184688.0,1190269.0,4.59999999999999,2.51,4.81999999999999,-8052.0,-5787.0,-1492.0,116.0393,114.6125,115.0451,1.78,1.75,1.76,0.08,0.08,0.08,87.1675,82.98541666666667,5.183160815724989,1178854.3333333333,1184843.5833333333,7883.658391997388,5.527499999999995,4.7895833333333275,2.4364412657945747,-7300.583333333333,-5252.541666666667,2582.9128925336827,1.0024999999999977,0.011434926428652847,-5927.0,-0.0050275638073086215,-0.19540000000000646,-0.0016839122607600343,0.0475000000000001,0.026685393258427004,0.0,0.0,0.07460000000000377,0.00091992463030377,0.13495000000000346,0.001074677119053069,0.10370000000000346,0.0010389698869055497,14.344999999999995,-8073.5
2022-02-11,89.67500000000001,1167047.0,3.75,14.344999999999995,-8073.5,115.6485,1.875,0.08,283.5215,81.24279999999999,125.8425,100.0178,0.0,0.0,0.0,0.0,0.0,6.0,2.0,0.6631226582407952,0.7485107481711011,0.8660254037844386,0.5000000000000001,88.6725,87.67,82.08,1172974.0,1178901.0,1187478.5,9.472499999999993,4.59999999999999,3.6649999999999947,-8062.75,-8052.0,-3639.5,115.84389999999999,116.0393,114.8288,1.8275000000000001,1.78,1.755,0.08,0.08,0.08,88.67250000000001,85.37624999999998,4.151491223042676,1172974.0,1180226.25,8959.946639073303,9.472499999999995,6.568749999999993,4.488677909474016,-8062.75,-5851.125,2777.461231727645,1.002500000000012,0.011305647184865819,-5927.0,-0.005052967925972762,-0.19539999999999225,-0.001686752604150854,0.047499999999999876,0.025991792065663377,0.0,0.0,0.07459999999998956,0.0009190791467592607,0.13495000000000346,0.0010735234279881656,0.10369999999998925,0.001037891548840264,19.217499999999998,-8084.25
2022-02-18,90.67750000000001,1161120.0,4.375,19.217499999999998,-8084.25,115.4531,1.9224999999999999,0.08,284.01075000000003,81.31739999999999,125.97744999999999,100.1215,0.0,0.0,0.0,0.0,0.0,7.0,2.0,0.7485107481711011,0.6631226582407953,0.8660254037844386,0.5000000000000001,89.67500000000001,88.6725,85.16,1167047.0,1172974.0,1184688.0,14.344999999999995,9.472499999999993,2.51,-8073.5,-8062.75,-5787.0,115.6485,115.84389999999999,114.6125,1.875,1.8275000000000001,1.75,0.08,0.08,0.08,89.675,87.32249999999999,3.190415333463725,1167047.0,1175368.0833333333,10237.03551042511,14.344999999999994,8.968333333333328,6.680208018218199,-8073.5,-6949.833333333333,1860.8262121075988,1.0024999999999977,0.011179258433231087,-5927.0,-0.005078630080879387,-0.19539999999999225,-0.0016896025456447639,0.047499999999999876,0.025333333333333208,0.0,0.0,0.07460000000000377,0.0009182352159207152,0.13494999999998925,0.0010723722112957468,0.10370000000000346,0.0010368154468505253,24.09,-8095.0
2022-02-25,91.68,1155193.0,5.0,24.09,-8095.0,115.2577,1.97,0.08,284.5,81.392,126.1124,100.2252,0.0,0.0,0.0,0.0,1.0,8.0,2.0,0.8229838658936564,0.5680647467311559,0.8660254037844386,0.5000000000000001,90.67750000000001,89.67500000000001,87.67,1161120.0,1167047.0,1178901.0,19.217499999999998,14.344999999999995,4.59999999999999,-8084.25,-8073.5,-8052.0,115.4531,115.6485,116.0393,1.9224999999999999,1.875,1.78,0.08,0.08,0.08,90.67750000000001,88.9225,2.3254139416457607,1161120.0,1169987.1666666667,11051.06954854144,19.217499999999998,12.372499999999995,8.41588082139951,-8084.25,-7692.416666666667,933.583508137711,1.0024999999999977,0.011055664304816526,-5927.0,-0.005104554223508306,-0.19540000000000646,-0.0016924621339747814,0.0475000000000001,0.024707412223667236,0.0,0.0,0.07460000000000377,0.000917392833514219,0.13495000000000346,0.0010712234610241733,0.10370000000000346,0.0010357415739876696,-6.45999999999999,-3584.0
2022-03-04,115.77,1147098.0,4.5,-6.45999999999999,-3584.0,116.6503,1.74,0.2,287.674,82.4798,129.2911,102.1912,0.0,0.0,0.0,1.0,1.0,9.0,3.0,0.8854560256532099,0.4647231720437686,1.0,6.123233995736766e-17,91.68,90.67750000000001,88.6725,1155193.0,1161120.0,1172974.0,24.09,19.217499999999998,9.472499999999993,-8095.0,-8084.25,-8062.75,115.2577,115.4531,115.84389999999999,1.97,1.9224999999999999,1.8275000000000001,0.08,0.08,0.08,99.37583333333333,94.02416666666666,10.74716319159001,1154470.3333333333,1163722.1666666667,11686.990980003966,12.282500000000004,10.877499999999996,10.937268854700427,-6587.75,-7325.25,1832.8937503303478,24.08999999999999,0.26276178010471196,-8095.0,-0.007007487060603723,1.3926000000000016,0.012082489933427532,-0.22999999999999998,-0.11675126903553301,0.12000000000000001,1.5,1.0878000000000014,0.013364949872223253,3.1787000000000063,0.025205293056035805,1.965999999999994,0.019615825161735767,-4.62000000000001,-6699.0
2022-03-11,109.31,1143514.0,3.0,-4.62000000000001,-6699.0,117.0192,2.0,0.2,287.674,82.4798,129.2911,102.1912,0.0,0.0,0.0,0.0,1.0,10.0,3.0,0.9350162426854148,0.35460488704253557,1.0,6.123233995736766e-17,115.77,91.68,89.67500000000001,1147098.0,1155193.0,1167047.0,-6.45999999999999,24.09,14.344999999999995,-3584.0,-8095.0,-8073.5,116.6503,115.2577,115.6485,1.74,1.97,1.875,0.2,0.08,0.08,105.58666666666666,97.63083333333334,11.77064639969561,1148601.6666666667,1157824.3333333333,11420.99103697606,4.336666666666667,9.34083333333333,12.52770276893041,-6126.0,-7099.75,1808.6690963247113,-6.459999999999994,-0.05580029368575623,-3584.0,-0.003124406110027178,0.36889999999999645,0.003162443645665647,0.26,0.14942528735632177,0.0,0.0,0.0,0.0,0.0,0.0,0.0,0.0,11.51,1835.0
2022-03-18,104.69,1136815.0,5.0,11.51,1835.0,116.1378,2.14,0.2,287.674,82.4798,129.2911,102.1912,0.0,0.0,0.0,1.0,1.0,11.0,3.0,0.970941817426052,0.23931566428755804,1.0,6.123233995736766e-17,109.31,115.77,90.67750000000001,1143514.0,1147098.0,1161120.0,-4.62000000000001,-6.45999999999999,19.217499999999998,-6699.0,-3584.0,-8084.25,117.0192,116.6503,115.4531,2.0,1.74,1.9224999999999999,0.2,0.2,0.08,109.92333333333333,100.30041666666666,11.131582369172285,1142475.6666666667,1151797.8333333333,11368.048687733537,0.14333333333333323,9.680416666666664,12.559559946179114,-2816.0,-5450.125,3973.190964923539,-4.6200000000000045,-0.04226511755557594,-6699.0,-0.0058582579662339596,-0.8813999999999993,-0.00753209729685389,0.14000000000000012,0.07000000000000006,0.0,0.0,0.0,0.0,0.0,0.0,0.0,0.0,-16.88,5186.0
2022-03-25,116.2,1138650.0,5.0,-16.88,5186.0,115.7921,2.48,0.2,287.674,82.4798,129.2911,102.1912,0.0,0.0,0.0,1.0,1.0,12.0,3.0,0.992708874098054,0.120536680255323,1.0,6.123233995736766e-17,104.69,109.31,91.68,1136815.0,1143514.0,1155193.0,11.51,-4.62000000000001,24.09,1835.0,-6699.0,-8095.0,116.1378,117.0192,115.2577,2.14,2.0,1.97,0.2,0.2,0.08,110.06666666666668,104.72125000000001,11.333095754250058,1139659.6666666667,1147065.0,9508.867692843733,-3.330000000000003,4.476249999999999,16.185858159980274,107.33333333333333,-3240.2083333333335,5583.438023334431,11.510000000000005,0.10994364313688032,1835.0,0.0016141588561022768,-0.3456999999999937,-0.002976636375064734,0.33999999999999986,0.1588785046728971,0.0,0.0,0.0,0.0,0.0,0.0,0.0,0.0,-4.194999999999993,-1454.0
2022-04-01,107.275,1144925.0,5.0,-4.194999999999993,-1454.0,116.10485,2.6,0.265,288.11749999999995,82.43215000000001,129.47375,103.06819999999999,0.0,0.0,0.0,0.0,0.0,13.0,4.0,1.0,-1.6081226496766366e-16,0.8660254037844387,-0.4999999999999998,116.2,104.69,115.77,1138650.0,1136815.0,1147098.0,-16.88,11.51,-6.45999999999999,5186.0,1835.0,-3584.0,115.7921,116.1378,116.6503,2.48,2.14,1.74,0.2,0.2,0.2,109.38833333333334,107.48750000000001,9.006410911123295,1140130.0,1144365.8333333333,6563.785414429022,-3.188333333333331,0.5741666666666673,14.672686330957484,1855.6666666666667,-2135.1666666666665,5065.036995587168,-8.924999999999997,-0.0768072289156626,6275.0,0.005510912044965455,0.3127499999999941,0.0027009614645558955,0.1200000000000001,0.048387096774193505,0.065,0.32499999999999996,-0.0476499999999902,-0.0005777172107593875,0.18264999999999532,0.0014127035812983024,0.8769999999999953,0.008581952262034287,8.49000000000001,-8094.0
2022-04-08,98.35,1151200.0,5.0,8.49000000000001,-8094.0,116.4176,2.72,0.33,288.561,82.3845,129.6564,103.9452,0.0,0.0,0.0,1.0,1.0,14.0,4.0,0.992708874098054,-0.12053668025532288,0.8660254037844387,-0.4999999999999998,107.275,116.2,109.31,1144925.0,1138650.0,1143514.0,-4.194999999999993,-16.88,-4.62000000000001,-1454.0,5186.0,-6699.0,116.10485,115.7921,117.0192,2.6,2.48,2.0,0.265,0.2,0.2,107.27500000000002,108.59916666666668,6.808512625138289,1144925.0,1143700.3333333333,5333.616959125459,-4.194999999999994,-2.0258333333333307,10.445521727834691,-1454.0,-2135.0,5064.801674300784,-8.925000000000011,-0.0831973898858076,6275.0,0.005480708343341245,0.3127499999999941,0.002693685922680933,0.1200000000000001,0.04615384615384621,0.065,0.24528301886792447,-0.04765000000000441,-0.0005780511608638461,0.18264999999999532,0.0014107106652891943,0.8770000000000095,0.008508929039218849,-3.98,723.0
2022-04-15,106.84,1143106.0,2.5,-3.98,723.0,116.7017,2.776666666666667,0.33,288.561,82.3845,129.6564,103.9452,0.0,1.0,0.0,0.0,1.0,15.0,4.0,0.9709418174260521,-0.2393156642875575,0.8660254037844387,-0.4999999999999998,98.35,107.275,104.69,1151200.0,1144925.0,1136815.0,8.49000000000001,-4.194999999999993,11.51,-8094.0,-1454.0,1835.0,116.4176,116.10485,116.1378,2.72,2.6,2.14,0.33,0.265,0.2,104.15500000000002,107.11083333333333,5.8337332958121655,1146410.3333333333,1143035.0,5067.354970791322,0.10500000000000591,-1.6124999999999992,10.282767015740461,-2941.6666666666665,-1417.1666666666667,5123.239889627138,8.490000000000009,0.08632435180477893,-8094.0,-0.0070309242529534854,0.28410000000000935,0.002440352661453371,0.05666666666666664,0.02083333333333326,0.0,0.0,0.0,0.0,0.0,0.0,0.0,0.0,0.5749999999999953,5306.0
2022-04-22,105.715,1144770.5,3.0,0.5749999999999953,5306.0,118.0975,2.8333333333333335,0.33,288.561,82.3845,129.6564,103.9452,0.0,0.0,0.0,0.0,0.0,16.0,4.0,0.9350162426854148,-0.35460488704253545,0.8660254037844387,-0.4999999999999998,106.84,98.35,116.2,1143106.0,1151200.0,1138650.0,-3.98,8.49000000000001,-16.88,723.0,-8094.0,5186.0,116.7017,116.4176,115.7921,2.776666666666667,2.72,2.48,0.33,0.33,0.2,103.63499999999999,106.51166666666667,5.74665525907614,1146358.8333333333,1143244.4166666667,5116.831425957902,1.695000000000002,-0.7466666666666649,10.197240639833241,-688.3333333333334,583.6666666666666,4990.41355667711,-1.125,-0.010529764133283437,1664.5,0.0014561204297764974,1.3957999999999942,0.011960408460202299,0.05666666666666664,0.020408163265306145,0.0,0.0,0.0,0.0,0.0,0.0,0.0,0.0,5.12999999999999,9889.0
2022-04-29,104.59,1146435.0,3.5,5.12999999999999,9889.0,119.4933,2.89,0.33,288.561,82.3845,129.6564,103.9452,0.0,0.0,0.0,0.0,2.0,17.0,4.0,0.8854560256532099,-0.4647231720437685,0.8660254037844387,-0.4999999999999998,105.715,106.84,107.275,1144770.5,1143106.0,1144925.0,0.5749999999999953,-3.98,-4.194999999999993,5306.0,723.0,-1454.0,118.0975,116.7017,116.10485,2.8333333333333335,2.776666666666667,2.6,0.33,0.33,0.265,105.71499999999999,106.495,5.753136535838584,1144770.5,1144847.75,4106.779172904864,0.5749999999999952,-1.8099999999999998,8.915647480693702,5306.0,1926.0,6304.496458877586,-1.125,-0.01064181998770275,1664.5,0.0014540032259742208,1.3958000000000084,0.011819047820656792,0.05666666666666664,0.020000000000000018,0.0,0.0,0.0,0.0,0.0,0.0,0.0,0.0,4.19666666666666,6798.666666666666
2022-05-06,107.27,1148973.6666666667,2.6666666666666665,4.19666666666666,6798.666666666666,119.45143333333334,2.8533333333333335,0.4766666666666667,289.4733333333333,82.43546666666667,129.6914,105.44496666666667,0.0,0.0,0.0,0.0,0.0,18.0,5.0,0.8229838658936565,-0.5680647467311557,0.49999999999999994,-0.8660254037844387,104.59,105.715,98.35,1146435.0,1144770.5,1151200.0,5.12999999999999,0.5749999999999953,8.49000000000001,9889.0,5306.0,-8094.0,119.4933,118.0975,116.4176,2.89,2.8333333333333335,2.72,0.33,0.33,0.33,105.85833333333333,105.00666666666666,3.423906638135362,1146726.388888889,1146568.3611111112,3005.8690450097997,3.300555555555549,1.7027777777777766,5.145509656936774,7331.222222222222,2194.777777777778,6502.541187589381,2.6799999999999926,0.025623864614207736,2538.6666666667443,0.002214400874595457,-0.04186666666666383,-0.00035036831911627875,-0.036666666666666625,-0.012687427912341342,0.14666666666666667,0.4444444444444444,0.05096666666666749,0.0006186438792086246,0.03499999999999659,0.00026994425265547406,1.4997666666666731,0.014428436009230605,3.26333333333333,3708.333333333333
2022-05-13,109.95,1151512.3333333333,1.8333333333333333,3.26333333333333,3708.333333333333,119.40956666666666,2.8166666666666664,0.6233333333333333,290.3856666666667,82.48643333333334,129.7264,106.94473333333333,0.0,0.0,0.0,0.0,0.0,19.0,5.0,0.7485107481711013,-0.663122658240795,0.49999999999999994,-0.8660254037844387,107.27,104.59,106.84,1148973.6666666667,1146435.0,1143106.0,4.19666666666666,5.12999999999999,-3.98,6798.666666666666,9889.0,723.0,119.45143333333334,119.4933,116.7017,2.8533333333333335,2.89,2.776666666666667,0.4766666666666667,0.33,0.33,107.27,105.4525,3.91699597906364,1148973.6666666667,1147666.25,3455.034271820324,4.19666666666666,2.9458333333333306,4.2605580946371076,6798.666666666667,3055.1666666666665,6260.205529994825,2.680000000000007,0.024983686025916052,2538.6666666665114,0.0022095081378423753,-0.04186666666667804,-0.00035049112010110406,-0.03666666666666707,-0.012850467289719725,0.1466666666666666,0.3076923076923075,0.05096666666666749,0.0006182613955805216,0.03500000000002501,0.00026987140242162866,1.499766666666659,0.01422321722958797,2.33,618.0
2022-05-20,112.63,1154051.0,1.0,2.33,618.0,119.3677,2.78,0.77,291.298,82.5374,129.7614,108.4445,0.0,0.0,0.0,0.0,1.0,20.0,5.0,0.6631226582407952,-0.7485107481711012,0.49999999999999994,-0.8660254037844387,109.95,107.27,105.715,1151512.3333333333,1148973.6666666667,1144770.5,3.26333333333333,4.19666666666666,0.5749999999999953,3708.333333333333,6798.666666666666,5306.0,119.40956666666666,119.45143333333334,118.0975,2.8166666666666664,2.8533333333333335,2.8333333333333335,0.6233333333333333,0.4766666666666667,0.33,109.95,107.8325,2.9596921292595066,1151512.3333333333,1148141.4166666667,4161.952725118348,3.26333333333333,1.919166666666662,3.2887376419802377,3708.3333333333335,4507.166666666667,3603.80094868984,2.6799999999999926,0.024374715779899914,2538.6666666667443,0.0022046369745063465,-0.04186666666666383,-0.0003506140071970476,-0.036666666666666625,-0.013017751479289963,0.14666666666666672,0.23529411764705888,0.05096666666666749,0.0006178793846098873,0.03499999999999659,0.00026979859149722785,1.4997666666666731,0.014023754325442894,4.01000000000001,10951.0
2022-05-27,114.96,1154669.0,2.5,4.01000000000001,10951.0,118.2834,2.74,0.77,291.298,82.5374,129.7614,108.4445,0.0,1.0,0.0,0.0,1.0,21.0,5.0,0.5680647467311558,-0.8229838658936564,0.49999999999999994,-0.8660254037844387,112.63,109.95,104.59,1154051.0,1151512.3333333333,1146435.0,2.33,3.26333333333333,5.12999999999999,618.0,3708.333333333333,9889.0,119.3677,119.40956666666666,119.4933,2.78,2.8166666666666664,2.89,0.77,0.6233333333333333,0.33,112.51333333333334,109.18583333333333,4.065120436920327,1153410.7777777778,1150068.5833333333,4039.290715722471,3.201111111111113,3.2508333333333304,1.613094937620772,5092.444444444444,6211.833333333333,3865.349826054272,2.3299999999999983,0.020687205895409733,618.0,0.0005355049300248549,-1.084299999999999,-0.009083696845964218,-0.03999999999999959,-0.014388489208632893,0.0,0.0,0.0,0.0,0.0,0.0,0.0,0.0,-3.5799999999999956,7338.5
2022-06-03,117.845,1162618.0,3.75,-3.5799999999999956,7338.5,119.14075,2.9450000000000003,0.99,293.1275,82.8014,130.5909,110.0683,0.0,0.0,0.0,0.0,0.0,22.0,6.0,0.46472317204376906,-0.8854560256532096,1.2246467991473532e-16,-1.0,114.96,112.63,107.27,1154669.0,1154051.0,1148973.6666666667,4.01000000000001,2.33,4.19666666666666,10951.0,618.0,6798.666666666666,118.2834,119.3677,119.45143333333334,2.74,2.78,2.8533333333333335,0.77,0.77,0.4766666666666667,115.145,111.2075,4.920115598235539,1157112.6666666667,1153043.1666666667,5619.762326924808,0.9200000000000047,2.558333333333332,3.1506583086361077,6302.5,6550.583333333333,3859.1444845688,2.885000000000005,0.025095685455810868,7949.0,0.0068842239637505465,0.8573499999999967,0.007248269833298737,0.20500000000000007,0.07481751824817517,0.21999999999999997,0.2857142857142856,0.2639999999999958,0.003198549990670818,0.8294999999999959,0.0063925019304662545,1.6237999999999886,0.014973557902890233,-11.17,3726.0
2022-06-10,120.73,1170567.0,5.0,-11.17,3726.0,119.9981,3.15,1.21,294.957,83.0654,131.4204,111.6921,0.0,0.0,0.0,1.0,1.0,23.0,6.0,0.35460488704253584,-0.9350162426854147,1.2246467991473532e-16,-1.0,117.845,114.96,109.95,1162618.0,1154669.0,1151512.3333333333,-3.5799999999999956,4.01000000000001,3.26333333333333,7338.5,10951.0,3708.333333333333,119.14075,118.2834,119.40956666666666,2.9450000000000003,2.74,2.8166666666666664,0.99,0.77,0.6233333333333333,117.84499999999998,113.8975,4.9901460399471995,1162618.0,1157065.1666666667,8053.155990735857,-3.579999999999995,-0.15833333333333321,6.118909034932431,7338.5,5523.416666666667,3604.6580354837806,2.885000000000005,0.02448131019559585,7949.0,0.006837155454328059,0.8573499999999967,0.007196110482769358,0.20499999999999963,0.06960950764006779,0.21999999999999997,0.2222222222222221,0.2639999999999958,0.0031883518877700023,0.8294999999999959,0.006351897413985119,1.6238000000000028,0.014752658122274998,-8.62,9732.0
2022-06-17,117.25333333333333,1175633.6666666667,4.333333333333333,-8.62,9732.0,120.50066666666666,3.06,1.3666666666666667,294.94233333333335,83.252,131.86213333333333,112.34016666666666,0.0,0.0,0.0,0.0,0.0,24.0,6.0,0.23931566428755768,-0.970941817426052,1.2246467991473532e-16,-1.0,120.73,117.845,112.63,1170567.0,1162618.0,1154051.0,-11.17,-3.5799999999999956,2.33,3726.0,7338.5,618.0,119.9981,119.14075,119.3677,3.15,2.9450000000000003,2.78,1.21,0.99,0.77,118.60944444444446,115.56138888888889,3.879033157984275,1169606.2222222222,1161508.5,9850.118378872054,-7.789999999999999,-2.294444444444443,6.518607099566476,6932.166666666667,6012.305555555556,3990.479540128629,-3.4766666666666737,-0.028797040227504955,5066.666666666744,0.00432838672768554,0.5025666666666666,0.004188121867485073,-0.08999999999999986,-0.02857142857142858,0.15666666666666673,0.12947658402203865,0.18659999999999854,0.002246422698259476,0.44173333333333176,0.0033612234731694723,0.648066666666665,0.005802260559758965,-6.069999999999999,15738.0
2022-06-24,113.77666666666667,1180700.3333333333,3.666666666666667,-6.069999999999999,15738.0,121.00323333333333,2.9699999999999998,1.5233333333333332,294.92766666666665,83.43860000000001,132.30386666666666,112.98823333333334,0.0,0.0,0.0,0.0,0.0,25.0,6.0,0.12053668025532308,-0.992708874098054,1.2246467991473532e-16,-1.0,117.25333333333333,120.73,114.96,1175633.6666666667,1170567.0,1154669.0,-8.62,-11.17,4.01000000000001,9732.0,3726.0,10951.0,120.50066666666666,119.9981,118.2834,3.06,3.15,2.74,1.3666666666666667,1.21,0.77,117.25333333333333,116.19916666666666,2.9830010522590342,1175633.6666666667,1166373.1666666667,11059.27111873977,-8.62,-3.849999999999998,6.021770503763818,9732.0,8017.25,5381.108916849761,-3.4766666666666595,-0.029650898339777076,5066.666666666511,0.004309732538565703,0.5025666666666666,0.004170654657512207,-0.0900000000000003,-0.02941176470588247,0.1566666666666665,0.1146341463414633,0.18660000000001276,0.0022413875942921546,0.44173333333333176,0.003349963497228492,0.6480666666666792,0.005768788545504,-3.52,21744.0
2022-07-01,110.3,1185767.0,3.0,-3.52,21744.0,121.5058,2.88,1.68,294.913,83.6252,132.7456,113.6363,0.0,0.0,0.0,0.0,1.0,26.0,7.0,-3.216245299353273e-16,-1.0,-0.4999999999999997,-0.8660254037844388,113.77666666666667,117.25333333333333,117.845,1180700.3333333333,1175633.6666666667,1162618.0,-6.069999999999999,-8.62,-3.5799999999999956,15738.0,9732.0,7338.5,121.00323333333333,120.50066666666666,119.14075,2.9699999999999998,3.06,2.9450000000000003,1.5233333333333332,1.3666666666666667,0.99,113.77666666666666,115.81083333333333,3.6234755798512714,1180700.3333333333,1171659.1666666667,11560.03107598724,-6.069999999999999,-4.824999999999998,5.244451353573599,15738.0,11538.25,6388.6115060316515,-3.4766666666666737,-0.03055693903260781,5066.666666666744,0.004291238448593138,0.5025666666666666,0.004153332541802612,-0.08999999999999986,-0.030303030303030276,0.15666666666666673,0.10284463894967177,0.18659999999999854,0.002236375011086089,0.44173333333333176,0.003338778710423096,0.648066666666665,0.005735700502146779,-7.19,1136.0
2022-07-08,106.78,1207511.0,4.5,-7.19,1136.0,122.4662,3.09,1.68,294.913,83.6252,132.7456,113.6363,0.0,0.0,0.0,1.0,1.0,27.0,7.0,-0.12053668025532283,-0.992708874098054,-0.4999999999999997,-0.8660254037844388,110.3,113.77666666666667,120.73,1185767.0,1180700.3333333333,1170567.0,-3.52,-6.069999999999999,-11.17,21744.0,15738.0,3726.0,121.5058,121.00323333333333,119.9981,2.88,2.9699999999999998,3.15,1.68,1.5233333333333332,1.21,110.28555555555556,114.4475,5.202457939389022,1191326.111111111,1180466.1666666667,15488.578297500006,-5.593333333333334,-6.691666666666666,2.971554587529326,12872.666666666666,9902.416666666666,7692.568143452919,-3.519999999999996,-0.031912964641885755,21744.0,0.018337498007618747,0.960400000000007,0.007904149431549934,0.20999999999999996,0.07291666666666674,0.0,0.0,0.0,0.0,0.0,0.0,0.0,0.0,-1.7949999999999955,2331.0
2022-07-15,102.245,1206452.5,3.75,-1.7949999999999955,2331.0,122.45859999999999,2.9299999999999997,1.68,294.913,83.6252,132.7456,113.6363,0.0,0.0,0.0,0.0,0.0,28.0,7.0,-0.23931566428755743,-0.9709418174260521,-0.4999999999999997,-0.8660254037844388,106.78,110.3,117.25333333333333,1207511.0,1185767.0,1175633.6666666667,-7.19,-3.52,-8.62,1136.0,21744.0,9732.0,122.4662,121.5058,120.50066666666666,3.09,2.88,3.06,1.68,1.68,1.3666666666666667,106.44166666666666,111.84750000000001,6.813601735580957,1199910.1666666667,1187771.9166666667,15722.397124891204,-4.168333333333332,-6.394166666666666,3.4033665930467416,8403.666666666666,9067.833333333334,8275.887007847961,-4.534999999999997,-0.0424705000936505,-1058.5,-0.0008765965693066091,-0.007600000000010709,-6.205793925184722e-05,-0.16000000000000014,-0.05177993527508096,0.0,0.0,0.0,0.0,0.0,0.0,0.0,0.0,3.60000000000001,3526.0
2022-07-22,97.71,1205394.0,3.0,3.60000000000001,3526.0,122.451,2.77,1.68,294.913,83.6252,132.7456,113.6363,0.0,0.0,0.0,0.0,1.0,29.0,7.0,-0.3546048870425356,-0.9350162426854148,-0.4999999999999997,-0.8660254037844388,102.245,106.78,113.77666666666667,1206452.5,1207511.0,1180700.3333333333,-1.7949999999999955,-7.19,-6.069999999999999,2331.0,1136.0,15738.0,122.45859999999999,122.4662,121.00323333333333,2.9299999999999997,3.09,2.9699999999999998,1.68,1.68,1.5233333333333332,102.245,108.01083333333332,7.277030663517811,1206452.5,1193576.4166666667,14479.946123960057,-1.7949999999999953,-3.9324999999999974,4.441407153144143,2331.0,9034.5,8302.067158244387,-4.535000000000011,-0.04435424715145009,-1058.5,-0.0008773656650385986,-0.0075999999999964984,-6.206179067858031e-05,-0.1599999999999997,-0.05460750853242313,0.0,0.0,0.0,0.0,0.0,0.0,0.0,0.0,-9.54000000000001,13006.0
2022-07-29,101.31,1208920.0,5.0,-9.54000000000001,13006.0,121.7678,2.67,1.68,294.913,83.6252,132.7456,113.6363,0.0,0.0,0.0,1.0,1.0,30.0,7.0,-0.46472317204376806,-0.8854560256532101,-0.4999999999999997,-0.8660254037844388,97.71,102.245,110.3,1205394.0,1206452.5,1185767.0,3.60000000000001,-1.7949999999999955,-3.52,3526.0,2331.0,21744.0,122.451,122.45859999999999,121.5058,2.77,2.9299999999999997,2.88,1.68,1.68,1.68,100.42166666666667,105.3536111111111,6.031388859464686,1206922.1666666667,1199124.1388888888,12467.270267213597,-2.578333333333332,-4.085833333333333,4.646736937536559,6287.666666666667,9580.166666666666,8463.112770527561,3.6000000000000085,0.036843721215842784,3526.0,0.002925184628428612,-0.6831999999999994,-0.005579374606985654,-0.10000000000000009,-0.036101083032491044,0.0,0.0,0.0,0.0,0.0,0.0,0.0,0.0,3.09,-9159.0
2022-08-05,91.77,1221926.0,2.0,3.09,-9159.0,122.321,2.83,2.33,295.097,83.1651,132.9395,116.2352,0.0,0.0,0.0,0.0,1.0,31.0,8.0,-0.5680647467311556,-0.8229838658936566,-0.8660254037844385,-0.5000000000000004,101.31,97.71,106.78,1208920.0,1205394.0,1207511.0,-9.54000000000001,3.60000000000001,-7.19,13006.0,3526.0,1136.0,121.7678,122.451,122.4662,2.67,2.77,3.09,1.68,1.68,1.68,96.93,101.68583333333333,6.553461998567421,1212080.0,1205995.0833333333,11613.725786399104,-0.9500000000000002,-2.5591666666666666,5.32038007727518,2457.6666666666665,5430.666666666667,10658.787391944108,-9.540000000000006,-0.09416641989931895,13006.0,0.010758362836250646,0.5532000000000039,0.004543072963459904,0.16000000000000014,0.05992509363295895,0.6500000000000001,0.3869047619047621,-0.4601000000000113,-0.005501930040227254,0.1939000000000135,0.0014606887158596926,2.5989000000000004,0.022870332807386484,-0.05333333333332968,-2370.333333333333
2022-08-12,92.39,1219264.3333333333,2.8333333333333335,-0.05333333333332968,-2370.333333333333,122.5692,2.9,2.33,295.097,83.1651,132.9395,116.2352,0.0,0.0,0.0,0.0,0.0,32.0,8.0,-0.663122658240795,-0.7485107481711013,-0.8660254037844385,-0.5000000000000004,91.77,101.31,102.245,1221926.0,1208920.0,1206452.5,3.09,-9.54000000000001,-1.7949999999999955,-9159.0,13006.0,2331.0,122.321,121.7678,122.45859999999999,2.83,2.67,2.9299999999999997,2.33,1.68,1.68,95.15666666666668,98.70083333333334,5.89044346095159,1216703.4444444443,1211577.9722222222,7131.323626880116,-2.1677777777777796,-1.981388888888888,5.383033677590552,492.22222222222234,1411.6111111111113,7291.94973291831,0.6200000000000045,0.006756020485997549,-2661.6666666667443,-0.0021782552025791935,0.2481999999999971,0.002029087401182128,0.06999999999999984,0.02473498233215543,0.0,0.0,0.0,0.0,0.0,0.0,0.0,0.0,-3.196666666666659,4418.333333333334
2022-08-19,93.00999999999999,1216602.6666666667,3.666666666666667,-3.196666666666659,4418.333333333334,122.8174,2.97,2.33,295.097,83.1651,132.9395,116.2352,0.0,0.0,0.0,0.0,0.0,33.0,8.0,-0.7485107481711011,-0.6631226582407952,-0.8660254037844385,-0.5000000000000004,92.39,91.77,97.71,1219264.3333333333,1221926.0,1205394.0,-0.05333333333332968,3.09,3.60000000000001,-2370.333333333333,-9159.0,3526.0,122.5692,122.321,122.451,2.9,2.83,2.77,2.33,2.33,1.68,92.38999999999999,96.40583333333335,4.668985346589489,1219264.3333333333,1213093.25,7059.883484835,-0.05333333333332968,-1.3158333333333314,4.8285555408539205,-2370.3333333333326,1958.6666666666667,7389.606929856132,0.6199999999999903,0.006710682974347737,-2661.6666666665114,-0.0021830103562447967,0.2482000000000113,0.0020249785427335354,0.07000000000000028,0.024137931034482918,0.0,0.0,0.0,0.0,0.0,0.0,0.0,0.0,-6.33999999999999,11207.0
2022-08-26,93.63,1213941.0,4.5,-6.33999999999999,11207.0,123.0656,3.04,2.33,295.097,83.1651,132.9395,116.2352,0.0,0.0,0.0,1.0,1.0,34.0,8.0,-0.8229838658936564,-0.5680647467311559,-0.8660254037844385,-0.5000000000000004,93.00999999999999,92.39,101.31,1216602.6666666667,1219264.3333333333,1208920.0,-3.196666666666659,-0.05333333333332968,-9.54000000000001,4418.333333333334,-2370.333333333333,13006.0,122.8174,122.5692,121.7678,2.97,2.9,2.67,2.33,2.33,1.68,93.00999999999999,94.97000000000001,3.7479807897053976,1216602.6666666667,1214341.3333333333,6268.693987674933,-3.1966666666666597,-2.0733333333333306,5.256321062407725,4418.333333333334,3438.0,8310.161581528431,0.6200000000000045,0.0066659498978605125,-2661.6666666667443,-0.0021877863164309064,0.2481999999999971,0.0020208862913559944,0.06999999999999984,0.023569023569023573,0.0,0.0,0.0,0.0,0.0,0.0,0.0,0.0,-6.393333333333326,4507.0
2022-09-02,90.94333333333333,1222581.3333333333,4.5,-6.393333333333326,4507.0,123.67020000000001,3.1766666666666667,2.4066666666666667,295.5143333333333,83.2563,133.80203333333333,116.1812,0.0,0.0,0.0,0.0,0.0,35.0,9.0,-0.8854560256532096,-0.4647231720437691,-1.0,-1.8369701987210297e-16,93.63,93.00999999999999,91.77,1213941.0,1216602.6666666667,1221926.0,-6.33999999999999,-3.196666666666659,3.09,11207.0,4418.333333333334,-9159.0,123.0656,122.8174,122.321,3.04,2.97,2.83,2.33,2.33,2.33,92.52777777777777,93.84222222222222,3.776557907623069,1217708.3333333333,1217205.8888888888,5197.910668577937,-5.3099999999999925,-3.738888888888886,4.647059125782504,6710.777777777778,3601.5,8321.881410541195,-2.6866666666666674,-0.028694506746413162,8640.333333333256,0.007117589185416051,0.6046000000000049,0.004912826980082219,0.13666666666666671,0.04495614035087714,0.07666666666666666,0.03290414878397718,0.09120000000000061,0.0010966138440282602,0.8625333333333174,0.006488164415642483,-0.054000000000002046,-0.0004645752749597998,-6.446666666666664,-2193.0
2022-09-09,88.25666666666666,1231221.6666666667,4.5,-6.446666666666664,-2193.0,124.2748,3.3133333333333335,2.4833333333333334,295.9316666666667,83.3475,134.66456666666667,116.1272,0.0,0.0,0.0,0.0,0.0,36.0,9.0,-0.9350162426854147,-0.3546048870425359,-1.0,-1.8369701987210297e-16,90.94333333333333,93.63,92.39,1222581.3333333333,1213941.0,1219264.3333333333,-6.393333333333326,-6.33999999999999,-0.05333333333332968,4507.0,11207.0,-2370.333333333333,123.67020000000001,123.0656,122.5692,3.1766666666666667,3.04,2.9,2.4066666666666667,2.33,2.33,90.94333333333333,91.66666666666667,1.9154332263081169,1222581.3333333333,1220922.8333333333,5999.72320380008,-6.393333333333326,-3.223333333333329,4.001504161631655,4507.0,1068.3333333333333,7111.941519569587,-2.6866666666666674,-0.029542205769160335,8640.333333333489,0.007067287138906142,0.6045999999999907,0.004888809106801784,0.13666666666666671,0.043022035676810066,0.07666666666666666,0.03185595567867039,0.09120000000000061,0.0010954125994069308,0.8625333333333458,0.00644633950505491,-0.054000000000002046,-0.00046479120546183417,-6.5,-8893.0
2022-09-16,85.57,1239862.0,4.5,-6.5,-8893.0,124.8794,3.45,2.56,296.349,83.4387,135.5271,116.0732,0.0,0.0,0.0,1.0,1.0,37.0,9.0,-0.970941817426052,-0.23931566428755774,-1.0,-1.8369701987210297e-16,88.25666666666666,90.94333333333333,93.00999999999999,1231221.6666666667,1222581.3333333333,1216602.6666666667,-6.446666666666664,-6.393333333333326,-3.196666666666659,-2193.0,4507.0,4418.333333333334,124.2748,123.67020000000001,122.8174,3.3133333333333335,3.1766666666666667,2.97,2.4833333333333334,2.4066666666666667,2.33,88.25666666666666,90.63333333333333,3.1335737496419505,1231221.6666666667,1223912.1666666667,9839.231683531736,-6.446666666666663,-4.821666666666662,2.6687273288133926,-2193.0,1112.6666666666667,7035.8593347065835,-2.6866666666666674,-0.03044151527741057,8640.333333333256,0.007017691100844159,0.6046000000000049,0.0048650249286259495,0.13666666666666671,0.041247484909456844,0.07666666666666666,0.0308724832214764,0.09120000000000061,0.0010942139836227494,0.8625333333333174,0.006405050375785537,-0.054000000000002046,-0.00046500733678245254,3.33,-430.0
2022-09-23,82.74,1230413.5,4.75,3.33,-430.0,126.1971,3.64,2.56,296.349,83.4387,135.5271,116.0732,0.0,0.0,0.0,0.0,0.0,38.0,9.0,-0.992708874098054,-0.12053668025532357,-1.0,-1.8369701987210297e-16,85.57,88.25666666666666,93.63,1239862.0,1231221.6666666667,1213941.0,-6.5,-6.446666666666664,-6.33999999999999,-8893.0,-2193.0,11207.0,124.8794,124.2748,123.0656,3.45,3.3133333333333335,3.04,2.56,2.4833333333333334,2.33,85.52222222222223,89.02499999999999,4.3080120447578185,1233832.388888889,1225770.3611111112,9838.699725751852,-3.2055555555555544,-4.257777777777774,3.934853755106278,-3838.6666666666665,1436.0555555555554,6886.764582771689,-2.8299999999999983,-0.03307233843636792,-9448.5,-0.007620606164234434,1.317700000000002,0.010551780357689111,0.18999999999999995,0.05507246376811592,0.0,0.0,0.0,0.0,0.0,0.0,0.0,0.0,13.16,8033.0
2022-09-30,79.91,1220965.0,5.0,13.16,8033.0,127.5148,3.83,2.56,296.349,83.4387,135.5271,116.0732,0.0,0.0,0.0,1.0,1.0,39.0,9.0,-1.0,-1.8369701987210297e-16,-1.0,-1.8369701987210297e-16,82.74,85.57,90.94333333333333,1230413.5,1239862.0,1222581.3333333333,3.33,-6.5,-6.393333333333326,-430.0,-8893.0,4507.0,126.1971,124.8794,123.67020000000001,3.64,3.45,3.1766666666666667,2.56,2.56,2.4066666666666667,82.74,86.84166666666665,5.1263275787297395,1230413.5,1226497.4166666667,9163.768621739011,3.3299999999999996,-1.5316666666666638,8.186309370596192,-430.0,2038.5,7342.829039273623,-2.8299999999999983,-0.034203529127387,-9448.5,-0.007679125757316552,1.3176999999999879,0.010441602857751864,0.18999999999999995,0.052197802197802234,0.0,0.0,0.0,0.0,0.0,0.0,0.0,0.0,-6.97,-2533.0
2022-10-07,93.07,1228998.0,4.5,-6.97,-2533.0,127.3111,3.89,3.08,298.007,82.8863,134.8049,116.5992,0.0,0.0,0.0,1.0,1.0,40.0,10.0,-0.992708874098054,0.1205366802553232,-0.8660254037844386,0.5000000000000001,79.91,82.74,88.25666666666666,1220965.0,1230413.5,1231221.6666666667,13.16,3.33,-6.446666666666664,8033.0,-430.0,-2193.0,127.5148,126.1971,124.2748,3.83,3.64,3.3133333333333335,2.56,2.56,2.4833333333333334,85.24,86.74833333333333,4.981055555245806,1226792.1666666667,1229006.9166666667,6792.3052458474285,3.1733333333333333,-1.6366666666666656,8.263988813588208,1690.0,-251.50000000000014,5915.375076865371,13.159999999999997,0.1646852709297959,8033.0,0.006579222172625743,-0.20369999999999777,-0.0015974616279835763,0.06000000000000005,0.015665796344647598,0.52,0.203125,-0.5523999999999916,-0.006620429129408634,-0.7221999999999866,-0.005328823534186067,0.5259999999999962,0.004531623148151365,-2.2950000000000044,-1623.0
2022-10-14,89.27,1226905.0,2.75,-2.2950000000000044,-1623.0,127.4923,4.05,3.08,298.007,82.8863,134.8049,116.5992,0.0,0.0,0.0,0.0,0.0,41.0,10.0,-0.9709418174260521,0.23931566428755738,-0.8660254037844386,0.5000000000000001,93.07,79.91,85.57,1228998.0,1220965.0,1239862.0,-6.97,13.16,-6.5,-2533.0,8033.0,-8893.0,127.3111,127.5148,124.8794,3.89,3.83,3.45,3.08,2.56,2.56,87.41666666666667,86.46944444444443,4.740225225153954,1225622.6666666667,1229727.5277777778,6175.618236631662,1.2983333333333313,-0.953611111111112,7.955824171054855,1292.3333333333333,-1273.1666666666667,5439.359977668941,-3.799999999999997,-0.0408294831846997,-2093.0,-0.0017030133490859578,0.18120000000000402,0.0014232851652369316,0.1599999999999997,0.041131105398457546,0.0,0.0,0.0,0.0,0.0,0.0,0.0,0.0,2.37999999999999,-713.0
2022-10-21,85.47,1224812.0,1.0,2.37999999999999,-713.0,127.6735,4.21,3.08,298.007,82.8863,134.8049,116.5992,0.0,0.0,0.0,0.0,1.0,42.0,10.0,-0.9350162426854148,0.35460488704253557,-0.8660254037844386,0.5000000000000001,89.27,93.07,82.74,1226905.0,1228998.0,1230413.5,-2.2950000000000044,-6.97,3.33,-1623.0,-2533.0,-430.0,127.4923,127.3111,126.1971,4.05,3.89,3.64,3.08,3.08,2.56,89.27,86.005,4.666029361245028,1226905.0,1228659.25,6415.20008846087,-2.2950000000000053,0.517499999999997,7.542280656406255,-1623.0,-1026.5000000000002,5422.837108009054,-3.799999999999997,-0.04256749187857056,-2093.0,-0.0017059185511510977,0.18120000000000402,0.0014212623036842231,0.16000000000000014,0.039506172839506304,0.0,0.0,0.0,0.0,0.0,0.0,0.0,0.0,4.73,-813.0
2022-10-28,87.85,1224099.0,3.0,4.73,-813.0,127.2135,4.02,3.08,298.007,82.8863,134.8049,116.5992,0.0,0.0,0.0,0.0,2.0,43.0,10.0,-0.8854560256532101,0.464723172043768,-0.8660254037844386,0.5000000000000001,85.47,89.27,79.91,1224812.0,1226905.0,1220965.0,2.37999999999999,-2.2950000000000044,13.16,-713.0,-1623.0,8033.0,127.6735,127.4923,127.5148,4.21,4.05,3.83,3.08,3.08,2.56,87.53000000000002,86.38499999999999,4.716090541963828,1225272.0,1226032.0833333333,3454.1628568520346,1.6049999999999949,2.389166666666664,6.810448161954296,-1049.6666666666667,320.1666666666665,3855.347061765862,2.3799999999999955,0.027846027846027743,-713.0,-0.0005821301554851388,-0.46000000000000796,-0.0036029403125943382,-0.1900000000000004,-0.04513064133016631,0.0,0.0,0.0,0.0,0.0,0.0,0.0,0.0,-3.44,-6540.0
2022-11-04,92.58,1223286.0,2.0,-3.44,-6540.0,127.1468,4.17,3.78,298.786,82.3739,134.7142,118.7234,0.0,0.0,0.0,0.0,1.0,44.0,11.0,-0.822983865893657,0.5680647467311548,-0.5000000000000004,0.8660254037844384,87.85,85.47,93.07,1224099.0,1224812.0,1228998.0,4.73,2.37999999999999,-6.97,-813.0,-713.0,-2533.0,127.2135,127.6735,127.3111,4.02,4.21,3.89,3.08,3.08,3.08,88.63333333333333,88.02499999999999,4.902284161490503,1224065.6666666667,1224844.1666666667,2811.885162423391,1.2233333333333296,1.2608333333333304,7.174485637776874,-2688.6666666666665,-698.1666666666669,4787.392292957269,4.730000000000004,0.0538417757541263,-813.0,-0.0006641619672919097,-0.06669999999999732,-0.0005243154224984226,0.15000000000000036,0.03731343283582089,0.6999999999999997,0.22727272727272707,-0.5123999999999995,-0.006181962519740902,-0.09069999999999823,-0.0006728242074286461,2.124200000000002,0.018217963759614042,-9.07000000000001,3341.0
2022-11-11,89.14,1216746.0,5.0,-9.07000000000001,3341.0,125.4996,3.995,3.78,298.786,82.3739,134.7142,118.7234,0.0,0.0,0.0,1.0,1.0,45.0,11.0,-0.7485107481711011,0.6631226582407952,-0.5000000000000004,0.8660254037844384,92.58,87.85,89.27,1223286.0,1224099.0,1226905.0,-3.44,4.73,-2.2950000000000044,-6540.0,-813.0,-1623.0,127.1468,127.2135,127.4923,4.17,4.02,4.05,3.78,3.08,3.08,89.85666666666667,89.56333333333333,2.875869723521437,1221377.0,1224141.0,4173.708183377345,-2.593333333333337,-2.4441666666666713,5.294148105849193,-1337.3333333333333,-1480.1666666666667,3193.996769983755,-3.4399999999999977,-0.037157053359256786,-6540.0,-0.0053462559041793645,-1.647199999999998,-0.01295510386419474,-0.17499999999999982,-0.04196642685851315,0.0,0.0,0.0,0.0,0.0,0.0,0.0,0.0,-3.61999999999999,-8771.0
2022-11-18,80.07,1220087.0,3.0,-3.61999999999999,-8771.0,123.8524,3.82,3.78,298.786,82.3739,134.7142,118.7234,0.0,0.0,0.0,0.0,1.0,46.0,11.0,-0.6631226582407955,0.7485107481711007,-0.5000000000000004,0.8660254037844384,89.14,92.58,85.47,1216746.0,1223286.0,1224812.0,-9.07000000000001,-3.44,2.37999999999999,3341.0,-6540.0,-713.0,125.4996,127.1468,127.6735,3.995,4.17,4.21,3.78,3.78,3.08,87.26333333333332,87.39666666666666,4.266453640515435,1220039.6666666667,1222655.8333333333,3652.6523741877345,-5.376666666666666,-1.8858333333333361,4.88198772700901,-3990.0,-2519.8333333333335,4394.7793763358195,-9.070000000000007,-0.10175005609154153,3341.0,0.002745848352901925,-1.647199999999998,-0.013125141434713772,-0.17500000000000027,-0.04380475594493127,0.0,0.0,0.0,0.0,0.0,0.0,0.0,0.0,3.41,5873.0
2022-11-25,76.45,1211316.0,2.0,3.41,5873.0,123.3386,3.68,3.78,298.786,82.3739,134.7142,118.7234,0.0,0.0,0.0,0.0,1.0,47.0,11.0,-0.5680647467311559,0.8229838658936564,-0.5000000000000004,0.8660254037844384,80.07,89.14,87.85,1220087.0,1216746.0,1224099.0,-3.61999999999999,-9.07000000000001,4.73,-8771.0,3341.0,-813.0,123.8524,125.4996,127.2135,3.82,3.995,4.02,3.78,3.78,3.08,81.88666666666667,85.25999999999999,5.999019919953666,1216049.6666666667,1220057.6666666667,5229.587542690298,-3.0933333333333337,-0.9350000000000023,5.322085117695878,147.66666666666666,-1270.5,5600.727943758739,-3.6199999999999903,-0.04521044086424364,-8771.0,-0.007188831616106062,-0.5138000000000034,-0.004148486424162989,-0.13999999999999968,-0.036649214659685736,0.0,0.0,0.0,0.0,0.0,0.0,0.0,0.0,-8.81,13979.0
2022-12-02,79.86,1217189.0,5.0,-8.81,13979.0,122.0102,3.51,4.1,298.832,79.766,131.5542,118.0947,0.0,0.0,0.0,0.0,1.0,48.0,12.0,-0.4647231720437684,0.88545602565321,-2.4492935982947064e-16,1.0,76.45,80.07,92.58,1211316.0,1220087.0,1223286.0,3.41,-3.61999999999999,-3.44,5873.0,-8771.0,-6540.0,123.3386,123.8524,127.1468,3.68,3.82,4.17,3.78,3.78,3.78,78.79333333333334,84.325,6.384539920777454,1216197.3333333333,1218787.1666666667,4747.282819325427,-3.006666666666664,-2.8000000000000007,5.861399150373565,3693.6666666666665,1178.1666666666667,8403.587339146696,3.4099999999999966,0.044604316546762446,5873.0,0.004848445822559944,-1.328400000000002,-0.010770350887718827,-0.17000000000000037,-0.04619565217391319,0.31999999999999984,0.08465608465608465,-2.6079000000000008,-0.0316592998510451,-3.1599999999999966,-0.023457066886786948,-0.6286999999999949,-0.0052955019819176385,3.14,-11556.0
2022-12-09,71.05,1231168.0,2.0,3.14,-11556.0,122.4201,3.57,4.1,298.832,79.766,131.5542,118.0947,0.0,0.0,0.0,0.0,1.0,49.0,12.0,-0.35460488704253595,0.9350162426854147,-2.4492935982947064e-16,1.0,79.86,76.45,89.14,1217189.0,1211316.0,1216746.0,-8.81,3.41,-9.07000000000001,13979.0,5873.0,3341.0,122.0102,123.3386,125.4996,3.51,3.68,3.995,4.1,3.78,3.78,75.78666666666668,81.52499999999999,8.00714368548494,1219891.0,1219965.3333333333,6773.838960785975,-0.753333333333334,-3.065000000000001,5.4761546727608,2765.3333333333335,-612.3333333333334,9920.285432721512,-8.810000000000002,-0.11031805659904836,13979.0,0.011484658504143486,0.4099000000000075,0.0033595551847305227,0.06000000000000005,0.017094017094017033,0.0,0.0,0.0,0.0,0.0,0.0,0.0,0.0,5.37999999999999,-11241.0
2022-12-16,74.19,1219612.0,3.5,5.37999999999999,-11241.0,122.6505,3.48,4.1,298.832,79.766,131.5542,118.0947,0.0,0.0,0.0,0.0,2.0,50.0,12.0,-0.2393156642875578,0.970941817426052,-2.4492935982947064e-16,1.0,71.05,79.86,80.07,1231168.0,1217189.0,1220087.0,3.14,-8.81,-3.61999999999999,-11556.0,13979.0,-8771.0,122.4201,122.0102,123.8524,3.57,3.51,3.82,4.1,4.1,3.78,75.03333333333335,78.46,6.257724826164996,1222656.3333333333,1219353.0,6576.819535306984,-0.09666666666667083,-1.5950000000000022,6.452183351393537,-2939.3333333333335,-1395.8333333333333,10641.507457436031,3.1400000000000006,0.04419422941590434,-11556.0,-0.00938620886832664,0.23039999999998884,0.001882043880049089,-0.08999999999999986,-0.025210084033613356,0.0,0.0,0.0,0.0,0.0,0.0,0.0,0.0,-0.5050000000000043,5580.5
2022-12-23,77.175,1212429.5,4.0,-0.5050000000000043,5580.5,122.03805,3.6799999999999997,4.1,298.832,79.766,131.5542,118.0947,0.0,0.0,0.0,0.0,0.0,51.0,12.0,-0.12053668025532363,0.992708874098054,-2.4492935982947064e-16,1.0,74.19,71.05,76.45,1219612.0,1231168.0,1211316.0,5.37999999999999,3.14,3.41,-11241.0,-11556.0,5873.0,122.6505,122.4201,123.3386,3.48,3.57,3.68,4.1,4.1,3.78,74.13833333333334,76.46583333333334,3.4503397175739985,1221069.8333333333,1218633.5833333333,7131.7013006479,2.6716666666666615,-0.16750000000000131,5.314871353099709,-5738.833333333333,-1022.5833333333334,10877.537848321497,2.9849999999999994,0.04023453295592394,-7182.5,-0.005889168030488334,-0.6124499999999955,-0.004993457018112379,0.19999999999999973,0.05747126436781591,0.0,0.0,0.0,0.0,0.0,0.0,0.0,0.0,-6.39,22402.0
2022-12-30,80.16,1205247.0,4.5,-6.39,22402.0,121.4256,3.88,4.1,298.832,79.766,131.5542,118.0947,0.0,0.0,0.0,1.0,1.0,52.0,12.0,6.432490598706546e-16,1.0,-2.4492935982947064e-16,1.0,77.175,74.19,79.86,1212429.5,1219612.0,1217189.0,-0.5050000000000043,5.37999999999999,-8.81,5580.5,-11241.0,13979.0,122.03805,122.6505,122.0102,3.6799999999999997,3.48,3.51,4.1,4.1,4.1,77.175,76.48083333333334,3.469285829485461,1212429.5,1216160.25,8884.703077480865,-0.5050000000000058,-0.6291666666666696,5.775122870265758,5580.5,4172.916666666667,13552.25420517438,2.9849999999999994,0.038678328474246904,-7182.5,-0.005924055790460403,-0.6124499999999955,-0.005018516765877501,0.20000000000000018,0.05434782608695654,0.0,0.0,0.0,0.0,0.0,0.0,0.0,0.0,6.13000000000001,2379.0
2023-01-06,73.77,1227649.0,4.0,6.13000000000001,2379.0,121.0852,3.55,4.33,300.42,83.1944,138.0019,118.4566,0.0,0.0,0.0,0.0,2.0,1.0,1.0,0.12053668025532305,0.992708874098054,0.49999999999999994,0.8660254037844387,80.16,77.175,71.05,1205247.0,1212429.5,1231168.0,-6.39,-0.5050000000000043,3.14,22402.0,5580.5,-11556.0,121.4256,122.03805,122.4201,3.88,3.6799999999999997,3.57,4.1,4.1,4.1,77.03499999999998,76.03416666666665,3.6422608592286014,1215108.5,1218882.4166666667,9578.655586336885,-0.2549999999999993,-0.17583333333333476,6.243374421470062,10120.5,3590.5833333333335,13539.65399268632,-6.390000000000001,-0.07971556886227549,22402.0,0.018587061407329797,-0.3404000000000025,-0.0028033627175818587,-0.33000000000000007,-0.08505154639175261,0.23000000000000043,0.056097560975609806,3.4283999999999963,0.04298071860191044,6.4476999999999975,0.049011738127707094,0.36189999999999145,0.003064489769650791,1.9766666666666728,2704.0
2023-01-13,75.75666666666666,1230304.0,4.0,1.9766666666666728,2704.0,120.36423333333333,3.54,4.33,300.42,83.1944,138.0019,118.4566,0.0,0.0,0.0,0.0,0.0,2.0,1.0,0.23931566428755774,0.970941817426052,0.49999999999999994,0.8660254037844387,73.77,80.16,74.19,1227649.0,1205247.0,1219612.0,6.13000000000001,-6.39,5.37999999999999,2379.0,22402.0,-11241.0,121.0852,121.4256,122.6505,3.55,3.88,3.48,4.33,4.1,4.1,76.56222222222222,75.35027777777778,3.12934824891143,1221066.6666666667,1221068.25,10560.974537181442,0.5722222222222264,1.6219444444444442,4.595454567851278,9161.666666666666,1711.4166666666667,12556.196686961648,1.9866666666666646,0.02693054990736976,2655.0,0.002162670274646894,-0.7209666666666692,-0.005954209652927589,-0.009999999999999787,-0.0028169014084505895,0.0,0.0,0.0,0.0,0.0,0.0,0.0,0.0,-2.176666666666664,3029.0
2023-01-20,77.74333333333334,1232959.0,4.0,-2.176666666666664,3029.0,119.64326666666668,3.53,4.33,300.42,83.1944,138.0019,118.4566,0.0,0.0,0.0,0.0,0.0,3.0,1.0,0.3546048870425356,0.9350162426854148,0.49999999999999994,0.8660254037844387,75.75666666666666,73.77,77.175,1230304.0,1227649.0,1212429.5,1.9766666666666728,6.13000000000001,-0.5050000000000043,2704.0,2379.0,5580.5,120.36423333333333,121.0852,122.03805,3.54,3.55,3.6799999999999997,4.33,4.33,4.1,75.75666666666666,76.46583333333332,2.3971501019154116,1230304.0,1221366.75,10922.648835103812,1.976666666666672,0.7358333333333333,4.754046901792663,2704.0,4142.25,10756.84296506182,1.9866666666666788,0.02622431469177644,2655.0,0.002158003225219085,-0.720966666666655,-0.0059898746222230015,-0.010000000000000231,-0.0028248587570621764,0.0,0.0,0.0,0.0,0.0,0.0,0.0,0.0,-6.33,3354.0
2023-01-27,79.73,1235614.0,4.0,-6.33,3354.0,118.9223,3.52,4.33,300.42,83.1944,138.0019,118.4566,0.0,0.0,0.0,1.0,1.0,4.0,1.0,0.4647231720437685,0.8854560256532099,0.49999999999999994,0.8660254037844387,77.74333333333334,75.75666666666666,80.16,1232959.0,1230304.0,1205247.0,-2.176666666666664,1.9766666666666728,-6.39,3029.0,2704.0,22402.0,119.64326666666668,120.36423333333333,121.4256,3.53,3.54,3.88,4.33,4.33,4.1,77.74333333333334,77.38916666666667,2.412125330722468,1232959.0,1224033.75,12278.020515335254,-2.176666666666665,-1.2158333333333318,4.868439374629659,3029.0,6574.75,7836.10838203505,1.9866666666666646,0.02555417399133897,2655.0,0.0021533562754316726,-0.7209666666666692,-0.006025969423547495,-0.009999999999999787,-0.0028328611898016387,0.0,0.0,0.0,0.0,0.0,0.0,0.0,0.0,6.33999999999999,19209.0
2023-02-03,73.4,1238968.0,4.5,6.33999999999999,19209.0,119.5095,3.53,4.57,301.45,83.2812,138.286,116.5031,0.0,0.0,0.0,1.0,1.0,5.0,2.0,0.5680647467311558,0.8229838658936564,0.8660254037844386,0.5000000000000001,79.73,77.74333333333334,73.77,1235614.0,1232959.0,1227649.0,-6.33,-2.176666666666664,6.13000000000001,3354.0,3029.0,2379.0,118.9223,119.64326666666668,121.0852,3.52,3.53,3.55,4.33,4.33,4.33,76.95777777777779,76.76,2.918363316046577,1235847.0,1228456.8333333333,12039.436422302233,-0.7222222222222259,-0.07499999999999929,5.784199839025078,8530.666666666666,8846.166666666666,9324.191233917645,-6.329999999999998,-0.07939295121033485,3354.0,0.0027144399464558155,0.5871999999999957,0.004937677794660811,0.009999999999999787,0.0028409090909089496,0.2400000000000002,0.05542725173210172,0.08679999999999666,0.0010433394555402487,0.28409999999999513,0.002058667308203699,-1.9534999999999911,-0.01649127190886779,-3.42999999999999,3302.0
2023-02-10,79.74,1258177.0,2.0,-3.42999999999999,3302.0,120.1419,3.74,4.57,301.45,83.2812,138.286,116.5031,0.0,0.0,0.0,0.0,1.0,6.0,2.0,0.6631226582407952,0.7485107481711011,0.8660254037844386,0.5000000000000001,73.4,79.73,75.75666666666666,1238968.0,1235614.0,1230304.0,6.33999999999999,-6.33,1.9766666666666728,19209.0,3354.0,2704.0,119.5095,118.9223,120.36423333333333,3.53,3.52,3.54,4.57,4.33,4.33,77.62333333333333,76.69,2.824012118324988,1244253.0,1237278.5,10976.349789433025,-1.1400000000000012,0.41833333333333567,5.238346537261963,8621.666666666666,5662.833333333333,6646.475920867137,6.339999999999989,0.0863760217983649,19209.0,0.015504032388245603,0.6324000000000041,0.00529162953572726,0.2100000000000004,0.059490084985835745,0.0,0.0,0.0,0.0,0.0,0.0,0.0,0.0,9.769962616701378e-15,2576.5
2023-02-17,77.965,1258337.0,2.0,9.769962616701378e-15,2576.5,120.855,3.845,4.57,301.45,83.2812,138.286,116.5031,0.0,0.0,0.0,0.0,0.0,7.0,2.0,0.7485107481711011,0.6631226582407953,0.8660254037844386,0.5000000000000001,79.74,73.4,77.74333333333334,1258177.0,1238968.0,1232959.0,-3.42999999999999,6.33999999999999,-2.176666666666664,3302.0,19209.0,3029.0,120.1419,119.5095,119.64326666666668,3.74,3.53,3.53,4.57,4.57,4.33,77.03500000000001,77.38916666666667,2.4511810645305223,1251827.3333333333,1242393.1666666667,12618.839366861337,0.9700000000000021,-0.603333333333331,4.438252408825389,8362.5,5695.75,6627.421849784423,-1.7749999999999915,-0.022259844494607384,160.0,0.00012716811704560627,0.7130999999999972,0.005935481293370515,0.10499999999999998,0.02807486631016043,0.0,0.0,0.0,0.0,0.0,0.0,0.0,0.0,3.43000000000001,1851.0
2023-02-24,76.19,1258497.0,2.0,3.43000000000001,1851.0,121.5681,3.95,4.57,301.45,83.2812,138.286,116.5031,0.0,0.0,0.0,0.0,1.0,8.0,2.0,0.8229838658936564,0.5680647467311559,0.8660254037844386,0.5000000000000001,77.965,79.74,79.73,1258337.0,1258177.0,1235614.0,9.769962616701378e-15,-3.42999999999999,-6.33,2576.5,3302.0,3354.0,120.855,120.1419,118.9223,3.845,3.74,3.52,4.57,4.57,4.33,77.96499999999999,77.46138888888889,2.399295363381216,1258337.0,1247092.0,12465.045719931331,8.733754460384565e-15,-0.3611111111111081,4.642192808799954,2576.5,5553.583333333333,6713.030138593648,-1.7750000000000057,-0.022766626050150784,160.0,0.00012715194737178415,0.7130999999999972,0.005900459228000532,0.10499999999999998,0.027308192457737412,0.0,0.0,0.0,0.0,0.0,0.0,0.0,0.0,-3.07000000000001,-1926.0
2023-03-03,79.62,1260348.0,2.0,-3.07000000000001,-1926.0,120.7742,3.97,4.65,301.821,83.2943,139.1683,117.709,0.0,0.0,0.0,0.0,1.0,9.0,3.0,0.8854560256532099,0.4647231720437686,1.0,6.123233995736766e-17,76.19,77.965,73.4,1258497.0,1258337.0,1238968.0,3.43000000000001,9.769962616701378e-15,6.33999999999999,1851.0,2576.5,19209.0,121.5681,120.855,119.5095,3.95,3.845,3.53,4.57,4.57,4.57,77.925,77.77416666666666,2.5603211061639306,1259060.6666666667,1251656.8333333333,11205.716851975161,0.12000000000000204,-0.5099999999999991,4.725644929530777,833.8333333333334,4727.75,7359.381901695277,3.430000000000007,0.04501903136894625,1851.0,0.0014708020758094076,-0.7939000000000078,-0.006530496075862091,0.020000000000000018,0.005063291139240533,0.08000000000000007,0.017505470459518557,0.01310000000000855,0.00015729840588285526,0.8822999999999865,0.006380255412695268,1.2058999999999997,0.010350797532426181,-9.94,-10435.0
2023-03-10,76.55,1258422.0,5.0,-9.94,-10435.0,121.2421,3.7,4.65,301.821,83.2943,139.1683,117.709,0.0,0.0,0.0,1.0,1.0,10.0,3.0,0.9350162426854148,0.35460488704253557,1.0,6.123233995736766e-17,79.62,76.19,79.74,1260348.0,1258497.0,1258177.0,-3.07000000000001,3.43000000000001,-3.42999999999999,-1926.0,1851.0,3302.0,120.7742,121.5681,120.1419,3.97,3.95,3.74,4.65,4.57,4.57,77.45333333333333,77.24416666666667,2.398504568823781,1259089.0,1255458.1666666667,8118.307937411402,-3.1933333333333347,-1.1116666666666657,5.736533506105111,-3503.3333333333335,2429.5833333333335,9665.763169127758,-3.0700000000000074,-0.038558151218286985,-1926.0,-0.0015281493682697267,0.4679000000000002,0.003874171801593329,-0.27,-0.06801007556675065,0.0,0.0,0.0,0.0,0.0,0.0,0.0,0.0,2.61,-10688.0
2023-03-17,66.61,1247987.0,1.0,2.61,-10688.0,121.5643,3.39,4.65,301.821,83.2943,139.1683,117.709,0.0,0.0,0.0,0.0,1.0,11.0,3.0,0.970941817426052,0.23931566428755804,1.0,6.123233995736766e-17,76.55,79.62,77.965,1258422.0,1260348.0,1258337.0,-9.94,-3.07000000000001,9.769962616701378e-15,-10435.0,-1926.0,2576.5,121.2421,120.7742,120.855,3.7,3.97,3.845,4.65,4.65,4.57,74.26,76.1125,4.88647086351715,1255585.6666666667,1256961.3333333333,4469.2346846676055,-3.4666666666666717,-1.7333333333333307,4.910065851561121,-7683.0,-2553.25,6460.4224145948865,-9.939999999999998,-0.12984977139124754,-10435.0,-0.00829213093858816,0.32220000000000937,0.0026574927356093347,-0.31000000000000005,-0.08378378378378382,0.0,0.0,0.0,0.0,0.0,0.0,0.0,0.0,6.46000000000001,-11049.0
2023-03-24,69.22,1237299.0,4.5,6.46000000000001,-11049.0,120.4598,3.38,4.65,301.821,83.2943,139.1683,117.709,0.0,0.0,0.0,1.0,1.0,12.0,3.0,0.992708874098054,0.120536680255323,1.0,6.123233995736766e-17,66.61,76.55,76.19,1247987.0,1258422.0,1258497.0,2.61,-9.94,3.43000000000001,-10688.0,-10435.0,1851.0,121.5643,121.2421,121.5681,3.39,3.7,3.95,4.65,4.65,4.57,70.79333333333334,74.35916666666667,5.20174433884144,1247902.6666666667,1253481.6666666667,9081.31399449654,-0.289999999999998,-0.08499999999999759,5.805062445831225,-10724.0,-4945.083333333333,6515.426374510474,2.6099999999999994,0.03918330580993845,-10688.0,-0.008564191774433572,-1.1045000000000016,-0.009085726648366377,-0.010000000000000231,-0.002949852507374673,0.0,0.0,0.0,0.0,0.0,0.0,0.0,0.0,5.02,8406.0
2023-03-31,75.68,1226250.0,3.5,5.02,8406.0,119.3602,3.48,4.65,301.821,83.2943,139.1683,117.709,0.0,0.0,0.0,0.0,2.0,13.0,3.0,1.0,-1.6081226496766366e-16,1.0,6.123233995736766e-17,69.22,66.61,79.62,1237299.0,1247987.0,1260348.0,6.46000000000001,2.61,-3.07000000000001,-11049.0,-10688.0,-1926.0,120.4598,121.5643,120.7742,3.38,3.39,3.97,4.65,4.65,4.65,70.50333333333333,73.97833333333334,4.963125695231687,1237178.6666666667,1248133.8333333333,13847.344863425684,4.696666666666668,0.7516666666666674,6.170048352052573,-4443.666666666667,-3973.5,8102.681895520767,6.460000000000008,0.09332562843108949,-11049.0,-0.00892993528645869,-1.0995999999999952,-0.00912835651395727,0.10000000000000009,0.029585798816567976,0.0,0.0,0.0,0.0,0.0,0.0,0.0,0.0,0.15000000000000036,4006.5
2023-04-07,79.13,1230241.0,3.25,0.15000000000000036,4006.5,119.10845,3.5,4.74,302.333,83.34155000000001,139.00195,118.95994999999999,0.0,0.0,0.0,0.0,0.0,14.0,4.0,0.992708874098054,-0.12053668025532288,0.8660254037844387,-0.4999999999999998,75.68,69.22,76.55,1226250.0,1237299.0,1258422.0,5.02,6.46000000000001,-9.94,8406.0,-11049.0,-10435.0,119.3602,120.4598,121.2421,3.48,3.38,3.7,4.65,4.65,4.65,74.67666666666666,74.46833333333333,5.3548236821270745,1231263.3333333333,1243424.5,14411.35758698593,3.8766666666666687,0.2049999999999991,6.0289791839083335,454.5,-3614.25,8452.792507508984,3.4499999999999886,0.045586680761099174,3991.0,0.0032546381243629963,-0.25175000000000125,-0.0021091620154791713,0.020000000000000018,0.005747126436781658,0.08999999999999986,0.019354838709677358,0.04725000000000534,0.0005672657072572918,-0.16634999999999422,-0.0011953153124669713,1.250949999999989,0.010627479631973635,-4.72,-393.0
2023-04-14,82.58,1234232.0,3.0,-4.72,-393.0,118.8567,3.52,4.83,302.845,83.3888,138.8356,120.2109,0.0,0.0,0.0,1.0,1.0,15.0,4.0,0.9709418174260521,-0.2393156642875575,0.8660254037844387,-0.4999999999999998,79.13,75.68,66.61,1230241.0,1226250.0,1247987.0,0.15000000000000036,5.02,2.61,4006.5,8406.0,-10688.0,119.10845,119.3602,121.5643,3.5,3.48,3.39,4.74,4.65,4.65,79.13000000000001,74.96166666666666,6.019466476912128,1230241.0,1239071.8333333333,12023.802217545246,0.14999999999999888,-0.06999999999999924,6.242102209993039,4006.5,-3358.75,8536.780281523006,3.450000000000003,0.043599140654619006,3991.0,0.0032440798185071618,-0.25175000000000125,-0.002113619982461401,0.020000000000000018,0.005714285714285783,0.08999999999999986,0.018987341772151778,0.04724999999999113,0.0005669440993116837,-0.16634999999999422,-0.0011967458010481158,1.2509500000000031,0.010515723989460435,-5.090000000000005,45.0
2023-04-21,79.68,1234244.0,3.25,-5.090000000000005,45.0,119.04075,3.48,4.83,302.845,83.3888,138.8356,120.2109,0.0,0.0,0.0,0.0,0.0,16.0,4.0,0.9350162426854148,-0.35460488704253545,0.8660254037844387,-0.4999999999999998,82.58,79.13,69.22,1234232.0,1230241.0,1237299.0,-4.72,0.15000000000000036,6.46000000000001,-393.0,4006.5,-11049.0,118.8567,119.10845,120.4598,3.52,3.5,3.38,4.83,4.74,4.65,80.46333333333332,75.48333333333333,6.313112280537142,1232905.6666666667,1235042.1666666667,7406.873062679547,-3.2200000000000024,0.738333333333333,4.872007457575026,1219.5,-1612.0833333333333,7843.343945133777,-2.8999999999999915,-0.03511746185517062,12.0,9.722645337273406e-06,0.18404999999999916,0.0015485033658177993,-0.040000000000000036,-0.011363636363636354,0.0,0.0,0.0,0.0,0.0,0.0,0.0,0.0,-5.46000000000001,483.0
2023-04-28,76.78,1234256.0,3.5,-5.46000000000001,483.0,119.2248,3.44,4.83,302.845,83.3888,138.8356,120.2109,0.0,0.0,0.0,1.0,1.0,17.0,4.0,0.8854560256532099,-0.4647231720437685,0.8660254037844387,-0.4999999999999998,79.68,82.58,75.68,1234244.0,1234232.0,1226250.0,-5.090000000000005,-4.72,5.02,45.0,-393.0,8406.0,119.04075,118.8567,119.3602,3.48,3.52,3.48,4.83,4.83,4.65,79.67999999999999,77.17833333333333,4.582228351650395,1234244.0,1232753.6666666667,3897.0449659517276,-5.090000000000006,-0.6066666666666684,5.343113948501069,45.0,249.75,6462.333817979385,-2.9000000000000057,-0.03639558232931739,12.0,9.722550808444197e-06,0.18404999999999916,0.0015461092105013563,-0.040000000000000036,-0.011494252873563204,0.0,0.0,0.0,0.0,0.0,0.0,0.0,0.0,-5.094285714285724,-336.0
2023-05-05,76.07000000000001,1239244.7142857143,3.2857142857142856,-5.094285714285724,-336.0,119.1096,3.487142857142857,4.865714285714286,303.012,83.25155714285715,139.02692857142858,119.68577142857143,0.0,0.0,0.0,0.0,0.0,18.0,5.0,0.8229838658936565,-0.5680647467311557,0.49999999999999994,-0.8660254037844387,76.78,79.68,79.13,1234256.0,1234244.0,1230241.0,-5.46000000000001,-5.090000000000005,0.15000000000000036,483.0,45.0,4006.5,119.2248,119.04075,119.10845,3.44,3.48,3.5,4.83,4.83,4.74,77.51,78.32000000000001,2.647904832127076,1235914.9047619049,1233077.9523809524,4399.488017211593,-5.2147619047619145,-2.5323809523809575,4.258991129619411,64.0,2035.25,3531.630837870799,-0.7099999999999937,-0.00924719979161237,4988.714285714319,0.00404187971191905,-0.11520000000000152,-0.0009662419228214647,0.04714285714285715,0.013704318936877069,0.03571428571428559,0.007394262052647038,-0.13724285714285145,-0.0016458188287018505,0.19132857142858484,0.0013780944615688906,-0.5251285714285672,-0.004368393976158291,-4.728571428571438,-1155.0
2023-05-12,75.36,1244233.4285714286,3.0714285714285716,-4.728571428571438,-1155.0,118.9944,3.5342857142857143,4.901428571428571,303.17900000000003,83.11431428571429,139.21825714285714,119.16064285714285,0.0,0.0,0.0,0.0,0.0,19.0,5.0,0.7485107481711013,-0.663122658240795,0.49999999999999994,-0.8660254037844387,76.07000000000001,76.78,82.58,1239244.7142857143,1234256.0,1234232.0,-5.094285714285724,-5.46000000000001,-4.72,-336.0,483.0,-393.0,119.1096,119.2248,118.8567,3.487142857142857,3.44,3.52,4.865714285714286,4.83,4.83,76.07000000000001,78.26666666666667,2.7141088162910125,1239244.7142857143,1236075.1904761905,4913.259044471061,-5.094285714285725,-4.157142857142864,2.1279433397397547,-336.0,441.75,1828.5441134957634,-0.710000000000008,-0.009333508610490426,4988.714285714319,0.0040256086858436735,-0.11520000000000152,-0.0009671764492534818,0.04714285714285715,0.013519049569848507,0.03571428571428559,0.007339988256018781,-0.13724285714286566,-0.001648532013729942,0.19132857142855642,0.0013761979308222205,-0.5251285714285814,-0.0043875605693194375,-4.362857142857153,-1974.0
2023-05-19,74.65,1249222.142857143,2.857142857142857,-4.362857142857153,-1974.0,118.8792,3.5814285714285714,4.937142857142857,303.346,82.97707142857143,139.40958571428573,118.63551428571428,0.0,0.0,0.0,0.0,0.0,20.0,5.0,0.6631226582407952,-0.7485107481711012,0.49999999999999994,-0.8660254037844387,75.36,76.07000000000001,79.68,1244233.4285714286,1239244.7142857143,1234244.0,-4.728571428571438,-5.094285714285724,-5.090000000000005,-1155.0,-336.0,45.0,118.9944,119.1096,119.04075,3.5342857142857143,3.487142857142857,3.48,4.901428571428571,4.865714285714286,4.83,75.36,77.52,3.0272693966678954,1244233.4285714286,1239238.7142857143,6315.977410098739,-4.728571428571439,-4.909285714285723,0.38398953004421427,-1155.0,-555.0,881.4998581962518,-0.7099999999999937,-0.009421443736730262,4988.714285714319,0.004009468136089378,-0.11520000000000152,-0.0009681127851395299,0.04714285714285715,0.013338722716248919,0.03571428571428559,0.00728650539201392,-0.13724285714285145,-0.001651254159073745,0.19132857142858484,0.001374306612905274,-0.5251285714285672,-0.004406896092849388,-3.997142857142867,-2793.0
2023-05-26,73.94,1254210.857142857,2.642857142857143,-3.997142857142867,-2793.0,118.76400000000001,3.6285714285714286,4.972857142857143,303.51300000000003,82.83982857142857,139.60091428571428,118.11038571428571,0.0,0.0,0.0,0.0,0.0,21.0,5.0,0.5680647467311558,-0.8229838658936564,0.49999999999999994,-0.8660254037844387,74.65,75.36,76.78,1249222.142857143,1244233.4285714286,1234256.0,-4.362857142857153,-4.728571428571438,-5.46000000000001,-1974.0,-1155.0,483.0,118.8792,118.9944,119.2248,3.5814285714285714,3.5342857142857143,3.44,4.937142857142857,4.901428571428571,4.83,74.64999999999999,76.08,2.029433418469833,1249222.142857143,1242568.5238095238,8148.986909195255,-4.3628571428571545,-4.788809523809533,0.5378342181921925,-1974.0,-955.0,1257.5857823623858,-0.710000000000008,-0.009511051574012108,4988.714285714086,0.0039934564995014465,-0.11519999999998731,-0.0009690509357397348,0.04714285714285715,0.01316314319904266,0.035714285714286476,0.007233796296296502,-0.13724285714286566,-0.0016539853091948054,0.19132857142855642,0.0013724204863549971,-0.5251285714285672,-0.004426402790010053,-3.6314285714285814,-3612.0
2023-06-02,73.23,1259199.5714285714,2.428571428571429,-3.6314285714285814,-3612.0,118.64880000000001,3.6757142857142857,5.008571428571429,303.68,82.70258571428572,139.79224285714287,117.58525714285715,0.0,0.0,0.0,0.0,0.0,22.0,6.0,0.46472317204376906,-0.8854560256532096,1.2246467991473532e-16,-1.0,73.94,74.65,76.07000000000001,1254210.857142857,1249222.142857143,1239244.7142857143,-3.997142857142867,-4.362857142857153,-5.094285714285724,-2793.0,-1974.0,-336.0,118.76400000000001,118.8792,119.1096,3.6285714285714286,3.5814285714285714,3.487142857142857,4.972857142857143,4.937142857142857,4.865714285714286,73.94,75.00500000000001,1.3282883723055905,1254210.857142857,1246727.7857142857,9333.029828822406,-3.9971428571428684,-4.545714285714296,0.6841887792957382,-2793.0,-1564.5,1532.2086998839343,-0.7099999999999937,-0.009602380308358027,4988.714285714319,0.0039775722377963785,-0.11520000000000152,-0.0009699909063353163,0.04714285714285715,0.012992125984252034,0.03571428571428559,0.007181844297615703,-0.13724285714285145,-0.0016567255088476562,0.19132857142858484,0.0013705395298271306,-0.5251285714285672,-0.004446082943957874,-3.265714285714296,-4431.0
2023-06-09,72.52,1264188.2857142857,2.2142857142857144,-3.265714285714296,-4431.0,118.5336,3.722857142857143,5.0442857142857145,303.84700000000004,82.56534285714285,139.98357142857142,117.06012857142856,0.0,0.0,0.0,0.0,0.0,23.0,6.0,0.35460488704253584,-0.9350162426854147,1.2246467991473532e-16,-1.0,73.23,73.94,75.36,1259199.5714285714,1254210.857142857,1244233.4285714286,-3.6314285714285814,-3.997142857142867,-4.728571428571438,-3612.0,-2793.0,-1155.0,118.64880000000001,118.76400000000001,118.9944,3.6757142857142857,3.6285714285714286,3.5342857142857143,5.008571428571429,4.972857142857143,4.901428571428571,73.23,74.295,1.3282883723056176,1259199.5714285714,1251716.5,9333.029828822237,-3.6314285714285823,-4.18000000000001,0.6841887792957414,-3612.0,-2383.5,1532.2086998839354,-0.710000000000008,-0.009695479994537903,4988.714285714319,0.00396181383706673,-0.11520000000000152,-0.0009709327022270342,0.04714285714285715,0.012825495530509157,0.03571428571428559,0.007130633200228109,-0.13724285714286566,-0.00165947480308537,0.19132857142855642,0.0013686637220928777,-0.5251285714285814,-0.004465938878635001,-2.90000000000001,-5250.0
2023-06-16,71.81,1269177.0,2.0,-2.90000000000001,-5250.0,118.4184,3.77,5.08,304.014,82.4281,140.1749,116.535,0.0,0.0,0.0,0.0,1.0,24.0,6.0,0.23931566428755768,-0.970941817426052,1.2246467991473532e-16,-1.0,72.52,73.23,74.65,1264188.2857142857,1259199.5714285714,1249222.142857143,-3.265714285714296,-3.6314285714285814,-4.362857142857153,-4431.0,-3612.0,-1974.0,118.5336,118.64880000000001,118.8792,3.722857142857143,3.6757142857142857,3.5814285714285714,5.0442857142857145,5.008571428571429,4.937142857142857,72.52,73.585,1.3282883723056444,1264188.2857142857,1256705.2142857143,9333.02982882207,-3.265714285714297,-3.814285714285725,0.6841887792957445,-4431.0,-3202.5,1532.2086998839368,-0.7099999999999937,-0.009790402647545382,4988.714285714319,0.003946179807302608,-0.11520000000000152,-0.0009718763287371868,0.04714285714285715,0.012663085188027612,0.03571428571428559,0.007080147267063186,-0.13724285714285145,-0.0016622332372593362,0.19132857142858484,0.0013667930420406815,-0.5251285714285672,-0.004485972959684004,0.17499999999999494,5863.0
2023-06-23,71.235,1265169.0,2.0,0.17499999999999494,5863.0,118.8895,3.79,5.08,304.014,82.4281,140.1749,116.535,0.0,0.0,0.0,0.0,0.0,25.0,6.0,0.12053668025532308,-0.992708874098054,1.2246467991473532e-16,-1.0,71.81,72.52,73.94,1269177.0,1264188.2857142857,1254210.857142857,-2.90000000000001,-3.265714285714296,-3.997142857142867,-5250.0,-4431.0,-2793.0,118.4184,118.5336,118.76400000000001,3.77,3.722857142857143,3.6285714285714286,5.08,5.0442857142857145,4.972857142857143,71.855,72.8975,1.2928795380863844,1266178.0952380951,1260194.4761904762,7464.151215008329,-1.9969047619047717,-2.9970238095238195,1.6377760192149529,-1272.6666666666667,-2032.8333333333333,4037.8368177362845,-0.5750000000000028,-0.008007241331290937,-4008.0,-0.00315795196414681,0.47109999999999275,0.003978266890956039,0.020000000000000018,0.0053050397877985045,0.0,0.0,0.0,0.0,0.0,0.0,0.0,0.0,3.25,16976.0
2023-06-30,70.66,1261161.0,2.0,3.25,16976.0,119.3606,3.81,5.08,304.014,82.4281,140.1749,116.535,0.0,0.0,0.0,0.0,1.0,26.0,6.0,-3.216245299353273e-16,-1.0,1.2246467991473532e-16,-1.0,71.235,71.81,73.23,1265169.0,1269177.0,1259199.5714285714,0.17499999999999494,-2.90000000000001,-3.6314285714285814,5863.0,-5250.0,-3612.0,118.8895,118.4184,118.64880000000001,3.79,3.77,3.6757142857142857,5.08,5.08,5.008571428571429,71.235,72.2325,1.2360815102583385,1265169.0,1262184.2857142857,5202.95655666828,0.17499999999999374,-1.7282142857142937,2.8604926702102373,5863.0,1125.5,8752.17113063953,-0.5750000000000028,-0.00807187478065563,-4008.0,-0.0031679562177069354,0.47110000000000696,0.003962502996480044,0.020000000000000018,0.005277044854881341,0.0,0.0,0.0,0.0,0.0,0.0,0.0,0.0,3.3299999999999965,7837.666666666666
2023-07-07,72.79333333333334,1266273.3333333333,2.3333333333333335,3.3299999999999965,7837.666666666666,118.88766666666668,3.82,5.093333333333334,304.21233333333333,82.61486666666667,140.60993333333334,116.10533333333333,0.0,0.0,0.0,0.0,0.0,27.0,7.0,-0.12053668025532283,-0.992708874098054,-0.4999999999999997,-0.8660254037844388,70.66,71.235,72.52,1261161.0,1265169.0,1264188.2857142857,3.25,0.17499999999999494,-3.265714285714296,16976.0,5863.0,-4431.0,119.3606,118.8895,118.5336,3.81,3.79,3.722857142857143,5.08,5.08,5.0442857142857145,71.56277777777778,72.04138888888889,0.9817662183075789,1264201.111111111,1264194.6984126985,3584.6332195194195,2.251666666666663,-0.5070238095238168,3.2373368500902653,10225.555555555555,2897.2777777777774,8875.425146415782,2.13333333333334,0.030191527502594573,5112.333333333256,0.004053672237988026,-0.4729333333333301,-0.003962223156831701,0.009999999999999787,0.002624671916010346,0.013333333333333641,0.002624671916010568,0.18676666666667074,0.002265813074263212,0.4350333333333367,0.0031035037894326933,-0.4296666666666624,-0.003687018206261272,3.4099999999999935,-1300.6666666666679
2023-07-14,74.92666666666666,1271385.6666666667,2.6666666666666665,3.4099999999999935,-1300.6666666666679,118.41473333333333,3.83,5.1066666666666665,304.41066666666666,82.80163333333333,141.04496666666665,115.67566666666666,0.0,0.0,0.0,0.0,0.0,28.0,7.0,-0.23931566428755743,-0.9709418174260521,-0.4999999999999997,-0.8660254037844388,72.79333333333334,70.66,71.81,1266273.3333333333,1261161.0,1269177.0,3.3299999999999965,3.25,-2.90000000000001,7837.666666666666,16976.0,-5250.0,118.88766666666668,119.3606,118.4184,3.82,3.81,3.77,5.093333333333334,5.08,5.08,72.79333333333334,72.32416666666667,1.500105088912206,1266273.3333333333,1266225.7142857143,3640.235008231604,3.329999999999995,0.6665476190476124,3.1533886669793816,7837.666666666667,3282.5,8581.695881998563,2.1333333333333258,0.029306713068962154,5112.333333333489,0.004037306321436729,-0.4729333333333443,-0.00397798482040479,0.010000000000000231,0.002617801047120505,0.013333333333332753,0.002617801047120283,0.18676666666665653,0.0022606907715558844,0.4350333333333083,0.003093901853306491,-0.42966666666667663,-0.003700662616704431,3.48999999999999,-10439.0
2023-07-21,77.06,1276498.0,3.0,3.48999999999999,-10439.0,117.9418,3.84,5.12,304.609,82.9884,141.48,115.246,0.0,0.0,0.0,0.0,1.0,29.0,7.0,-0.3546048870425356,-0.9350162426854148,-0.4999999999999997,-0.8660254037844388,74.92666666666666,72.79333333333334,71.235,1271385.6666666667,1266273.3333333333,1265169.0,3.4099999999999935,3.3299999999999965,0.17499999999999494,-1300.6666666666679,7837.666666666666,5863.0,118.41473333333333,118.88766666666668,118.8895,3.83,3.82,3.79,5.1066666666666665,5.093333333333334,5.08,74.92666666666668,73.08083333333333,2.457888377811374,1271385.6666666667,1268277.3333333333,5336.111859560123,3.4099999999999917,1.7924999999999933,2.631421193955842,-1300.6666666666672,2281.1666666666665,9909.52057759495,2.13333333333334,0.02847228401103319,5112.333333333256,0.0040210720219433504,-0.4729333333333301,-0.003993872384123298,0.009999999999999787,0.0026109660574411553,0.013333333333333641,0.0026109660574413773,0.18676666666667074,0.0022555915764947976,0.4350333333333367,0.003084359148819882,-0.4296666666666624,-0.0037144083889726343,3.801999999999992,-8270.8
2023-07-28,77.742,1272148.2,3.1,3.801999999999992,-8270.8,118.45618,3.9219999999999997,5.162,304.9036,82.8828,141.53458,114.73854,0.0,0.0,0.0,0.0,0.0,30.0,7.0,-0.46472317204376806,-0.8854560256532101,-0.4999999999999997,-0.8660254037844388,77.06,74.92666666666666,70.66,1276498.0,1271385.6666666667,1261161.0,3.48999999999999,3.4099999999999935,3.25,-10439.0,-1300.6666666666679,16976.0,117.9418,118.41473333333333,119.3606,3.84,3.83,3.81,5.12,5.1066666666666665,5.08,76.57622222222223,74.0695,2.98170297164447,1273343.9555555556,1268772.5333333334,5569.081060438763,3.5673333333333237,2.9094999999999938,1.353091829847477,-6670.155555555556,1777.7,10431.659958564172,0.6820000000000022,0.008850246561121322,-4349.800000000047,-0.003407604242231521,0.5143800000000027,0.004361303626025714,0.08199999999999985,0.021354166666666563,0.041999999999999815,0.008203124999999867,-0.10559999999999548,-0.0012724669953873002,0.054580000000015616,0.00038577890867985687,-0.5074599999999947,-0.004403276469465256,4.113999999999994,-6102.6
2023-08-04,78.424,1267798.4,3.2,4.113999999999994,-6102.6,118.97056,4.004,5.204,305.1982,82.77720000000001,141.58916,114.23107999999999,0.0,0.0,0.0,0.0,0.0,31.0,8.0,-0.5680647467311556,-0.8229838658936566,-0.8660254037844385,-0.5000000000000004,77.742,77.06,72.79333333333334,1272148.2,1276498.0,1266273.3333333333,3.801999999999992,3.48999999999999,3.3299999999999965,-8270.8,-10439.0,7837.666666666666,118.45618,117.9418,118.88766666666668,3.9219999999999997,3.84,3.82,5.162,5.12,5.093333333333334,77.742,75.26766666666667,3.058314009021966,1272148.2,1269210.7666666666,5326.997500068631,3.8019999999999907,3.5659999999999936,0.32913948410970484,-8270.800000000001,-216.56666666666692,10636.207051659805,0.6820000000000022,0.008772606827712304,-4349.800000000047,-0.003419255712502678,0.5143800000000027,0.004342365252703706,0.08199999999999985,0.020907700152983155,0.041999999999999815,0.008136381247578317,-0.10559999999999548,-0.0012740882306099266,0.054579999999987194,0.00038563014070480683,-0.5074600000000089,-0.004422751065160879,4.425999999999996,-3934.4000000000005
2023-08-11,79.106,1263448.6,3.3,4.425999999999996,-3934.4000000000005,119.48494,4.086,5.246,305.4928,82.6716,141.64374,113.72362,0.0,0.0,0.0,0.0,0.0,32.0,8.0,-0.663122658240795,-0.7485107481711013,-0.8660254037844385,-0.5000000000000004,78.424,77.742,74.92666666666666,1267798.4,1272148.2,1271385.6666666667,4.113999999999994,3.801999999999992,3.4099999999999935,-6102.6,-8270.8,-1300.6666666666679,118.97056,118.45618,118.41473333333333,4.004,3.9219999999999997,3.83,5.204,5.162,5.1066666666666665,78.42399999999999,76.67533333333334,2.3824139392179173,1267798.4000000001,1269592.0333333334,4677.951421481069,4.113999999999993,3.761999999999993,0.4360990713129378,-6102.599999999999,-3701.6333333333337,6496.2804789954835,0.681999999999988,0.008696317453840585,-4349.799999999814,-0.003430987134862895,0.5143799999999885,0.004323590642928643,0.08200000000000074,0.02047952047952073,0.0420000000000007,0.008070714834742532,-0.10560000000000969,-0.001275713602296391,0.054580000000015616,0.00038548148742467703,-0.5074599999999947,-0.004442398688693117,4.737999999999998,-1766.2000000000007
2023-08-18,79.788,1259098.8,3.4,4.737999999999998,-1766.2000000000007,119.99932,4.168,5.288,305.7874,82.566,141.69832,113.21615999999999,0.0,0.0,0.0,0.0,0.0,33.0,8.0,-0.7485107481711011,-0.6631226582407952,-0.8660254037844385,-0.5000000000000004,79.106,78.424,77.06,1263448.6,1267798.4,1276498.0,4.425999999999996,4.113999999999994,3.48999999999999,-3934.4000000000005,-6102.6,-10439.0,119.48494,118.97056,117.9418,4.086,4.004,3.84,5.246,5.204,5.12,79.106,77.84111111111112,1.7230219791815367,1263448.5999999999,1268396.2777777778,6323.469546295152,4.425999999999995,3.9966666666666595,0.5265839597506542,-3934.4,-5302.277777777778,3639.4060554294183,0.6820000000000022,0.00862134351376631,-4349.800000000047,-0.00344279933508973,0.5143800000000027,0.004304977681706124,0.08199999999999985,0.0200685266764562,0.041999999999999815,0.00800609988562706,-0.10559999999999548,-0.0012773431262972368,0.054579999999987194,0.0003853329487062407,-0.5074600000000089,-0.004462221656327925,5.05,402.0
2023-08-25,80.47,1254749.0,3.5,5.05,402.0,120.5137,4.25,5.33,306.082,82.4604,141.7529,112.7087,0.0,0.0,0.0,0.0,2.0,34.0,8.0,-0.8229838658936564,-0.5680647467311559,-0.8660254037844385,-0.5000000000000004,79.788,79.106,77.742,1259098.8,1263448.6,1272148.2,4.737999999999998,4.425999999999996,3.801999999999992,-1766.2000000000007,-3934.4000000000005,-8270.8,119.99932,119.48494,118.45618,4.168,4.086,3.9219999999999997,5.288,5.246,5.162,79.788,78.765,1.2759051688906178,1259098.8,1265623.5,8137.730650492169,4.737999999999997,4.269999999999993,0.5836985523367496,-1766.2000000000005,-5018.5,4056.3307730016327,0.6820000000000022,0.008547651275881085,-4349.800000000047,-0.0034546931503707246,0.5143800000000027,0.004286524290304294,0.08199999999999985,0.01967370441458738,0.041999999999999815,0.007942511346444636,-0.10559999999999548,-0.0012789768185451633,0.054580000000015616,0.00038518452441782536,-0.5074599999999947,-0.004482222325858709,4.184999999999995,1692.0
2023-09-01,83.99000000000001,1260154.5,2.75,4.184999999999995,1692.0,121.23060000000001,4.255,5.33,306.679,82.84105,142.59050000000002,112.4819,0.0,0.0,0.0,0.0,0.0,35.0,9.0,-0.8854560256532096,-0.4647231720437691,-1.0,-1.8369701987210297e-16,80.47,79.788,78.424,1254749.0,1259098.8,1267798.4,5.05,4.737999999999998,4.113999999999994,402.0,-1766.2000000000007,-6102.6,120.5137,119.99932,118.97056,4.25,4.168,4.004,5.33,5.288,5.204,81.416,79.92,2.2149094789633406,1258000.7666666666,1262899.5833333333,6296.827445756054,4.657666666666663,4.385833333333328,0.4520709752535364,109.26666666666642,-2996.6666666666665,3831.2198196744957,3.5200000000000102,0.043743009817323264,5405.5,0.0043080329213252,0.7169000000000096,0.005948701267988632,0.004999999999999893,0.0011764705882353343,0.0,0.0,0.3806499999999886,0.004616155148410517,0.837600000000009,0.005908873821981908,-0.22679999999999723,-0.0020122670210905858,3.31999999999999,2982.0
2023-09-08,87.51,1265560.0,2.0,3.31999999999999,2982.0,121.9475,4.26,5.33,307.276,83.2217,143.4281,112.2551,0.0,0.0,0.0,0.0,1.0,36.0,9.0,-0.9350162426854147,-0.3546048870425359,-1.0,-1.8369701987210297e-16,83.99000000000001,80.47,79.106,1260154.5,1254749.0,1263448.6,4.184999999999995,5.05,4.425999999999996,1692.0,402.0,-3934.4000000000005,121.23060000000001,120.5137,119.48494,4.255,4.25,4.086,5.33,5.33,5.246,83.99,81.548,3.5068855698470474,1260154.5,1261801.55,4744.618484025945,4.184999999999994,4.305499999999995,0.5963655758006302,1692.0,-1121.2000000000003,3470.301079733573,3.519999999999996,0.04190975116085238,5405.5,0.00428955338412873,0.7168999999999954,0.005913523483344951,0.004999999999999893,0.001175088131609936,0.0,0.0,0.3806500000000028,0.004594944173208937,0.8375999999999806,0.005874164127343651,-0.22679999999999723,-0.0020163244041929707,-0.43333333333334023,4089.333333333333
2023-09-15,88.59666666666666,1267602.3333333333,3.0,-0.43333333333334023,4089.333333333333,122.06756666666666,4.37,5.33,307.276,83.2217,143.4281,112.2551,0.0,0.0,0.0,0.0,0.0,37.0,9.0,-0.970941817426052,-0.23931566428755774,-1.0,-1.8369701987210297e-16,87.51,83.99000000000001,79.788,1265560.0,1260154.5,1259098.8,3.31999999999999,4.184999999999995,4.737999999999998,2982.0,1692.0,-1766.2000000000007,121.9475,121.23060000000001,119.99932,4.26,4.255,4.168,5.33,5.33,5.288,86.6988888888889,83.24344444444445,4.10288597435022,1264438.9444444443,1261768.8722222222,4695.476400315893,2.3572222222222137,3.547611111111106,2.0372410364855584,2921.111111111111,577.4555555555553,3007.9120798074932,1.086666666666659,0.012417628461509178,2042.3333333332557,0.0016137783537195638,0.12006666666665922,0.0009845766962557345,0.11000000000000032,0.025821596244131495,0.0,0.0,0.0,0.0,0.0,0.0,0.0,0.0,-4.186666666666671,5196.666666666666
2023-09-22,89.68333333333334,1269644.6666666667,4.0,-4.186666666666671,5196.666666666666,122.18763333333334,4.4799999999999995,5.33,307.276,83.2217,143.4281,112.2551,0.0,0.0,0.0,0.0,0.0,38.0,9.0,-0.992708874098054,-0.12053668025532357,-1.0,-1.8369701987210297e-16,88.59666666666666,87.51,80.47,1267602.3333333333,1265560.0,1254749.0,-0.43333333333334023,3.31999999999999,5.05,4089.333333333333,2982.0,402.0,122.06756666666666,121.9475,120.5137,4.37,4.26,4.25,5.33,5.33,5.33,88.59666666666665,85.00633333333333,4.239703422541742,1267602.3333333333,1262801.55,5710.439659028458,-0.43333333333334156,2.1121666666666616,3.6724987784583085,4089.3333333333335,2099.2999999999997,2542.5138369556785,1.086666666666673,0.0122653222468867,2042.3333333334886,0.0016111782691050625,0.12006666666667343,0.0009836082584864236,0.10999999999999943,0.025171624713958618,0.0,0.0,0.0,0.0,0.0,0.0,0.0,0.0,-7.94,6304.0
2023-09-29,90.77,1271687.0,5.0,-7.94,6304.0,122.3077,4.59,5.33,307.276,83.2217,143.4281,112.2551,0.0,0.0,0.0,1.0,1.0,39.0,9.0,-1.0,-1.8369701987210297e-16,-1.0,-1.8369701987210297e-16,89.68333333333334,88.59666666666666,83.99000000000001,1269644.6666666667,1267602.3333333333,1260154.5,-4.186666666666671,-0.43333333333334023,4.184999999999995,5196.666666666666,4089.333333333333,1692.0,122.18763333333334,122.06756666666666,121.23060000000001,4.4799999999999995,4.37,4.255,5.33,5.33,5.33,89.68333333333334,86.83666666666666,3.892648341567981,1269644.6666666667,1264899.5833333333,6354.148352538781,-4.186666666666672,-0.0008333333333384966,5.192276502438764,5196.666666666667,3444.3333333333335,2200.2093940754235,1.086666666666659,0.012116706931796895,2042.3333333332557,0.0016085865494124274,0.12006666666665922,0.0009826417239715557,0.11000000000000032,0.024553571428571397,0.0,0.0,0.0,0.0,0.0,0.0,0.0,0.0,4.84,-11885.0
2023-10-06,82.83,1277991.0,4.0,4.84,-11885.0,123.3563,4.78,5.33,307.696,82.4286,142.4163,112.6164,0.0,0.0,0.0,0.0,1.0,40.0,10.0,-0.992708874098054,0.1205366802553232,-0.8660254037844386,0.5000000000000001,90.77,89.68333333333334,87.51,1271687.0,1269644.6666666667,1265560.0,-7.94,-4.186666666666671,3.31999999999999,6304.0,5196.666666666666,2982.0,122.3077,122.18763333333334,121.9475,4.59,4.4799999999999995,4.26,5.33,5.33,5.33,87.7611111111111,87.23,3.173459381250253,1273107.5555555557,1268773.25,6003.250687702707,-2.4288888888888915,-0.03583333333333849,5.151971979521796,-128.11111111111072,1396.5,6704.857150686441,-7.939999999999998,-0.08747383496750027,6304.0,0.00495719465560307,1.0486000000000075,0.008573458580285687,0.1900000000000004,0.04139433551198257,0.0,0.0,-0.7930999999999955,-0.009529966342912921,-1.0117999999999938,-0.007054405656910956,0.36129999999999995,0.00321856200742765,0.8799999999999999,-7468.0
2023-10-13,85.975,1271802.0,3.0,0.8799999999999999,-7468.0,123.48415,4.855,5.33,307.696,82.4286,142.4163,112.6164,0.0,0.0,0.0,0.0,0.0,41.0,10.0,-0.9709418174260521,0.23931566428755738,-0.8660254037844386,0.5000000000000001,82.83,90.77,88.59666666666666,1277991.0,1271687.0,1267602.3333333333,4.84,-7.94,-0.43333333333334023,-11885.0,6304.0,4089.333333333333,123.3563,122.3077,122.06756666666666,4.78,4.59,4.37,5.33,5.33,5.33,86.52499999999999,87.56083333333333,2.8556940681928595,1273826.6666666667,1270714.5,4300.578094210363,-0.7400000000000014,-0.586666666666671,4.773193666485545,-4349.666666666667,-130.16666666666666,7606.356820303513,3.144999999999996,0.03796933478208375,-6189.0,-0.004842757108618145,0.12784999999999513,0.0010364286218051966,0.07500000000000018,0.01569037656903771,0.0,0.0,0.0,0.0,0.0,0.0,0.0,0.0,-3.08,-3051.0
2023-10-20,89.12,1265613.0,2.0,-3.08,-3051.0,123.612,4.93,5.33,307.696,82.4286,142.4163,112.6164,0.0,0.0,0.0,0.0,1.0,42.0,10.0,-0.9350162426854148,0.35460488704253557,-0.8660254037844386,0.5000000000000001,85.975,82.83,89.68333333333334,1271802.0,1277991.0,1269644.6666666667,0.8799999999999999,4.84,-4.186666666666671,-7468.0,-11885.0,5196.666666666666,123.48415,123.3563,122.18763333333334,4.855,4.78,4.4799999999999995,5.33,5.33,5.33,85.97500000000001,87.82916666666667,2.924768129461181,1271802.0,1270723.3333333333,4287.9091304584435,0.8799999999999987,-1.653333333333336,4.42820254480051,-7468.0,-1135.6666666666667,7510.829846147346,3.1450000000000102,0.03658040127944173,-6189.0,-0.0048663235314930775,0.12784999999999513,0.0010353555496798172,0.07499999999999929,0.015447991761070812,0.0,0.0,0.0,0.0,0.0,0.0,0.0,0.0,-4.85000000000001,1164.0
2023-10-27,86.04,1262562.0,3.5,-4.85000000000001,1164.0,123.62,4.84,5.33,307.696,82.4286,142.4163,112.6164,0.0,0.0,0.0,0.0,2.0,43.0,10.0,-0.8854560256532101,0.464723172043768,-0.8660254037844386,0.5000000000000001,89.12,85.975,90.77,1265613.0,1271802.0,1271687.0,-3.08,0.8799999999999999,-7.94,-3051.0,-7468.0,6304.0,123.612,123.48415,122.3077,4.93,4.855,4.59,5.33,5.33,5.33,87.045,87.40305555555555,2.9763729636118024,1266659.0,1269883.2777777778,5377.0509447950735,-2.3500000000000045,-2.3894444444444476,4.550252943722117,-3118.3333333333335,-1623.222222222222,7192.00117002421,-3.0799999999999983,-0.034560143626570894,-3051.0,-0.002410689523574705,0.008000000000009777,6.471863573120906e-05,-0.08999999999999986,-0.018255578093306246,0.0,0.0,0.0,0.0,0.0,0.0,0.0,0.0,-4.84999999999999,-60.0
2023-11-03,81.19,1263726.0,3.5,-4.84999999999999,-60.0,121.7564,4.57,5.33,308.148,82.737,143.6397,111.2058,0.0,0.0,0.0,0.0,2.0,44.0,11.0,-0.822983865893657,0.5680647467311548,-0.5000000000000004,0.8660254037844384,86.04,89.12,82.83,1262562.0,1265613.0,1277991.0,-4.85000000000001,-3.08,4.84,1164.0,-3051.0,-11885.0,123.62,123.612,123.3563,4.84,4.93,4.78,5.33,5.33,5.33,85.45,85.9875,3.6241850808148466,1263967.0,1268896.8333333333,5942.728040776073,-4.260000000000002,-2.5000000000000013,4.610314522893197,-648.9999999999997,-2499.3333333333335,6479.9962860071655,-4.8500000000000085,-0.05636913063691318,1164.0,0.0009219349227997942,-1.8636000000000053,-0.01507523054521931,-0.2699999999999996,-0.05578512396694202,0.0,0.0,0.3083999999999918,0.00374141984699472,1.223399999999998,0.00859030883403089,-1.4106000000000023,-0.012525706735431075,-4.344999999999993,-2546.25
2023-11-10,79.3175,1265125.0,2.875,-4.344999999999993,-2546.25,121.3029,4.4825,5.33,308.29625,82.81287499999999,143.648075,111.110275,0.0,0.0,0.0,0.0,0.0,45.0,11.0,-0.7485107481711011,0.6631226582407952,-0.5000000000000004,0.8660254037844384,81.19,86.04,85.975,1263726.0,1262562.0,1271802.0,-4.84999999999999,-4.85000000000001,0.8799999999999999,-60.0,1164.0,-7468.0,121.7564,123.62,123.48415,4.57,4.84,4.855,5.33,5.33,5.33,82.1825,84.07875,3.6174638042420164,1263804.3333333333,1267803.1666666667,5930.348030818027,-4.681666666666666,-1.900833333333333,3.9479468292603164,-480.7499999999997,-3974.375,4886.732962189566,-1.8725000000000023,-0.02306318512132044,1399.0,0.0011070437737294991,-0.45350000000000534,-0.003724650203192681,-0.08750000000000036,-0.019146608315098512,0.0,0.0,0.07587499999999636,0.0009170624992445031,0.00837500000000091,5.830560771147297e-05,-0.09552499999999498,-0.0008589929661941831,-3.839999999999995,-5032.5
2023-11-17,77.445,1266524.0,2.25,-3.839999999999995,-5032.5,120.8494,4.395,5.33,308.4445,82.88874999999999,143.65645,111.01474999999999,0.0,0.0,0.0,0.0,0.0,46.0,11.0,-0.6631226582407955,0.7485107481711007,-0.5000000000000004,0.8660254037844384,79.3175,81.19,89.12,1265125.0,1263726.0,1265613.0,-4.344999999999993,-4.84999999999999,-3.08,-2546.25,-60.0,-3051.0,121.3029,121.7564,123.612,4.4825,4.57,4.93,5.33,5.33,5.33,79.3175,83.18124999999999,4.539701463202313,1265125.0,1265892.0,3217.890924186512,-4.3449999999999935,-3.347499999999999,2.176965204131638,-2546.2499999999995,-2832.2916666666665,3165.9535625805797,-1.8725000000000023,-0.023607652787846378,1399.0,0.00110581958304512,-0.45349999999999113,-0.003738575087652407,-0.08750000000000036,-0.019520356943669936,0.0,0.0,0.07587499999999636,0.0009162222661631692,0.00837500000000091,5.830220836577915e-05,-0.09552500000000919,-0.0008597314694793745,-3.3349999999999973,-7518.75
2023-11-24,75.5725,1267923.0,1.625,-3.3349999999999973,-7518.75,120.39590000000001,4.3075,5.33,308.59275,82.964625,143.664825,110.919225,0.0,0.0,0.0,0.0,0.0,47.0,11.0,-0.5680647467311559,0.8229838658936564,-0.5000000000000004,0.8660254037844384,77.445,79.3175,86.04,1266524.0,1265125.0,1262562.0,-3.839999999999995,-4.344999999999993,-4.85000000000001,-5032.5,-2546.25,1164.0,120.8494,121.3029,123.62,4.395,4.4825,4.84,5.33,5.33,5.33,77.445,81.4475,5.198021739085107,1266524.0,1265245.5,1921.624182810535,-3.8399999999999963,-4.049999999999998,0.7567364138191711,-5032.5,-2840.75,3180.848330241478,-1.872499999999988,-0.024178449222028386,1399.0,0.0011045980968382718,-0.45349999999999113,-0.0037526044812798975,-0.08749999999999947,-0.019908987485779184,0.0,0.0,0.07587500000001057,0.0009153835713533454,0.00837500000000091,5.829880941643495e-05,-0.09552499999999498,-0.0008604712436860451,-2.83,-10005.0
2023-12-01,73.7,1269322.0,1.0,-2.83,-10005.0,119.9424,4.22,5.33,308.741,83.0405,143.6732,110.8237,0.0,0.0,0.0,0.0,1.0,48.0,12.0,-0.4647231720437684,0.88545602565321,-2.4492935982947064e-16,1.0,75.5725,77.445,81.19,1267923.0,1266524.0,1263726.0,-3.3349999999999973,-3.839999999999995,-4.84999999999999,-7518.75,-5032.5,-60.0,120.39590000000001,120.8494,121.7564,4.3075,4.395,4.57,5.33,5.33,5.33,75.57249999999999,78.8775,4.39600386715043,1267923.0,1265863.6666666667,2555.512212185366,-3.3349999999999986,-4.008333333333332,0.8246615467369427,-7518.75,-3999.75,4331.548626068973,-1.8725000000000023,-0.0247775315094777,1399.0,0.00110337930615656,-0.45350000000000534,-0.003766739565051691,-0.08750000000000036,-0.02031340684852012,0.0,0.0,0.07587499999999636,0.0009145464105935197,0.00837500000000091,5.829541086344037e-05,-0.09552499999999498,-0.0008612122920981236,-2.2333333333333334,-12058.333333333334
2023-12-08,73.57333333333334,1268342.1666666667,1.0,-2.2333333333333334,-12058.333333333334,119.87433333333334,4.176666666666667,5.33,308.90049999999997,82.48365,142.59376666666668,110.80235,0.0,0.0,0.0,0.0,0.0,49.0,12.0,-0.35460488704253595,0.9350162426854147,-2.4492935982947064e-16,1.0,73.7,75.5725,79.3175,1269322.0,1267923.0,1265125.0,-2.83,-3.3349999999999973,-4.344999999999993,-10005.0,-7518.75,-2546.25,119.9424,120.39590000000001,121.3029,4.22,4.3075,4.4825,5.33,5.33,5.33,74.28194444444445,76.79972222222223,3.0839605968566812,1268529.0555555557,1266827.0277777778,2113.1391351708726,-2.799444444444445,-3.572222222222219,0.9696801687306633,-9860.694444444445,-6203.472222222223,4537.613226829312,-0.12666666666666515,-0.0017186793306196435,-979.8333333332557,-0.00077193441327994,-0.06806666666666672,-0.0005674946196396746,-0.043333333333333,-0.010268562401263726,0.0,0.0,-0.5568499999999972,-0.006705764054888874,-1.079433333333327,-0.007513115412848936,-0.021349999999998204,-0.00019264832341814309,-1.6366666666666667,-14111.666666666668
2023-12-15,73.44666666666667,1267362.3333333333,1.0,-1.6366666666666667,-14111.666666666668,119.80626666666667,4.133333333333333,5.33,309.06,81.9268,141.51433333333333,110.781,0.0,0.0,0.0,0.0,0.0,50.0,12.0,-0.2393156642875578,0.970941817426052,-2.4492935982947064e-16,1.0,73.57333333333334,73.7,77.445,1268342.1666666667,1269322.0,1266524.0,-2.2333333333333334,-2.83,-3.839999999999995,-12058.333333333334,-10005.0,-5032.5,119.87433333333334,119.9424,120.8494,4.176666666666667,4.22,4.395,5.33,5.33,5.33,73.57333333333334,75.50916666666667,2.430197751441819,1268342.1666666667,1267433.0833333333,1469.2272638153067,-2.2333333333333347,-3.036666666666665,1.0093699905275988,-12058.333333333334,-8545.416666666666,4355.197692923306,-0.12666666666666515,-0.0017216382747372583,-979.8333333334886,-0.0007725307563561934,-0.06806666666666672,-0.0005678168526485061,-0.04333333333333389,-0.010375099760574713,0.0,0.0,-0.5568499999999972,-0.006751034902068409,-1.0794333333333554,-0.007569989618527173,-0.021349999999998204,-0.0001926854439459058,-1.04,-16165.0
2023-12-22,73.32,1266382.5,1.0,-1.04,-16165.0,119.7382,4.09,5.33,309.2195,81.36994999999999,140.4349,110.75965,0.0,0.0,0.0,0.0,0.0,51.0,12.0,-0.12053668025532363,0.992708874098054,-2.4492935982947064e-16,1.0,73.44666666666667,73.57333333333334,75.5725,1267362.3333333333,1268342.1666666667,1267923.0,-1.6366666666666667,-2.2333333333333334,-3.3349999999999973,-14111.666666666668,-12058.333333333334,-7518.75,119.80626666666667,119.87433333333334,120.39590000000001,4.133333333333333,4.176666666666667,4.3075,5.33,5.33,5.33,73.44666666666667,74.50958333333334,1.6627298295613064,1267362.3333333333,1267642.6666666667,1123.0377899866075,-1.6366666666666678,-2.4858333333333325,1.0534302434322333,-14111.666666666666,-10815.208333333334,4147.169129441733,-0.12666666666667936,-0.001724607424889002,-979.8333333332557,-0.0007731280215312886,-0.06806666666666672,-0.0005681394518038951,-0.043333333333333,-0.010483870967741837,0.0,0.0,-0.5568500000000114,-0.006796921154005875,-1.079433333333327,-0.00762773146654161,-0.021350000000012415,-0.00019272257878166776,-0.44333333333333336,-18218.333333333336
2023-12-29,73.19333333333333,1265402.6666666667,1.0,-0.44333333333333336,-18218.333333333336,119.67013333333334,4.046666666666667,5.33,309.37899999999996,80.81309999999999,139.35546666666667,110.7383,0.0,0.0,0.0,0.0,0.0,52.0,12.0,6.432490598706546e-16,1.0,-2.4492935982947064e-16,1.0,73.32,73.44666666666667,73.7,1266382.5,1267362.3333333333,1269322.0,-1.04,-1.6366666666666667,-2.83,-16165.0,-14111.666666666668,-10005.0,119.7382,119.80626666666667,119.9424,4.09,4.133333333333333,4.22,5.33,5.33,5.33,73.32,73.80097222222223,0.886162202464088,1266382.5,1267455.7777777778,1404.4706858342226,-1.0400000000000011,-1.9197222222222223,1.0921286130338927,-16165.0,-13012.847222222224,3959.391441180175,-0.12666666666666515,-0.0017275868339697853,-979.8333333332557,-0.0007737262109459575,-0.06806666666666672,-0.0005684624177302311,-0.043333333333333,-0.010594947025264756,0.0,0.0,-0.5568499999999972,-0.006843435445148982,-1.079433333333327,-0.007686360963929384,-0.021349999999998204,-0.00019275972793342255,0.15333333333333332,-20271.666666666668
2024-01-05,73.06666666666666,1264422.8333333333,1.0,0.15333333333333332,-20271.666666666668,119.60206666666667,4.003333333333333,5.33,309.5385,80.25625,138.27603333333332,110.71695,0.0,0.0,0.0,0.0,0.0,1.0,1.0,0.12053668025532305,0.992708874098054,0.49999999999999994,0.8660254037844387,73.19333333333333,73.32,73.57333333333334,1265402.6666666667,1266382.5,1268342.1666666667,-0.44333333333333336,-1.04,-2.2333333333333334,-18218.333333333336,-16165.0,-12058.333333333334,119.67013333333334,119.7382,119.87433333333334,4.046666666666667,4.09,4.176666666666667,5.33,5.33,5.33,73.19333333333333,73.38333333333334,0.23697163449981012,1265402.6666666667,1266872.4166666667,1833.1003147262227,-0.4433333333333345,-1.338333333333334,1.1162611203875308,-18218.333333333332,-15138.333333333334,3841.4349170879264,-0.12666666666666515,-0.0017305765552417807,-979.8333333334886,-0.0007743253267472605,-0.06806666666666672,-0.0005687857510534577,-0.04333333333333389,-0.0107084019769359,0.0,0.0,-0.5568499999999972,-0.006890590758181547,-1.0794333333333554,-0.007745898737616996,-0.021349999999998204,-0.0001927968914097189,0.75,-22325.0
2024-01-12,72.94,1263443.0,1.0,0.75,-22325.0,119.534,3.96,5.33,309.698,79.6994,137.1966,110.6956,0.0,0.0,2.0,0.0,0.0,2.0,1.0,0.23931566428755774,0.970941817426052,0.49999999999999994,0.8660254037844387,73.06666666666666,73.19333333333333,73.44666666666667,1264422.8333333333,1265402.6666666667,1267362.3333333333,0.15333333333333332,-0.44333333333333336,-1.6366666666666667,-20271.666666666668,-18218.333333333336,-14111.666666666668,119.60206666666667,119.67013333333334,119.80626666666667,4.003333333333333,4.046666666666667,4.133333333333333,5.33,5.33,5.33,73.06666666666666,73.25666666666667,0.23697163449982264,1264422.8333333333,1265892.5833333333,1833.1003147262227,0.15333333333333213,-0.7416666666666675,1.1162611203875348,-20271.666666666668,-17191.666666666668,3841.4349170879286,-0.12666666666666515,-0.0017335766423357546,-979.8333333332557,-0.0007749253710882531,-0.06806666666666672,-0.0005691094524007401,-0.043333333333333,-0.010824313072439584,0.0,0.0,-0.5568499999999972,-0.006938400436103054,-1.079433333333327,-0.00780636605861551,-0.021349999999998204,-0.00019283406921888346,4.76000000000001,-9597.0
2024-01-19,73.69,1241118.0,3.0,4.76000000000001,-9597.0,120.6442,4.15,5.33,309.698,79.6994,137.1966,110.6956,1.0,0.0,0.0,0.0,1.0,3.0,1.0,0.3546048870425356,0.9350162426854148,0.49999999999999994,0.8660254037844387,72.94,73.06666666666666,73.32,1263443.0,1264422.8333333333,1266382.5,0.75,0.15333333333333332,-1.04,-22325.0,-20271.666666666668,-16165.0,119.534,119.60206666666667,119.7382,3.96,4.003333333333333,4.09,5.33,5.33,5.33,73.23222222222222,73.2761111111111,0.2705584074720498,1256327.9444444443,1261355.2222222222,10010.543736848966,1.8877777777777798,0.4238888888888898,2.2857096312783254,-17397.88888888889,-16781.444444444445,4562.921611164249,0.75,0.010282423910063176,-22325.0,-0.01766997007383797,1.1101999999999919,0.009287734033831319,0.1900000000000004,0.04797979797979801,0.0,0.0,0.0,0.0,0.0,0.0,0.0,0.0,-5.73,-4458.0
2024-01-26,78.45,1231521.0,3.5,-5.73,-4458.0,120.6173,4.15,5.33,309.698,79.6994,137.1966,110.6956,1.0,0.0,0.0,0.0,1.0,4.0,1.0,0.4647231720437685,0.8854560256532099,0.49999999999999994,0.8660254037844387,73.69,72.94,73.19333333333333,1241118.0,1263443.0,1265402.6666666667,4.76000000000001,0.75,-0.44333333333333336,-9597.0,-22325.0,-18218.333333333336,120.6442,119.534,119.67013333333334,4.15,3.96,4.046666666666667,5.33,5.33,5.33,75.02666666666667,74.11,2.1416732814428894,1245360.6666666667,1255381.6666666667,15105.960183905368,-0.07333333333333147,-0.2583333333333326,3.3750330039538503,-12126.666666666666,-15172.5,6830.938799153297,4.760000000000005,0.06459492468448924,-9597.0,-0.007732544367256011,-0.026899999999997704,-0.00022296969104185216,0.0,0.0,0.0,0.0,0.0,0.0,0.0,0.0,0.0,0.0,4.54000000000001,5187.0
2024-02-02,72.72,1227063.0,2.5,4.54000000000001,5187.0,120.902,4.03,5.33,310.967,82.5029,144.6199,110.2366,1.0,1.0,0.0,0.0,0.0,5.0,2.0,0.5680647467311558,0.8229838658936564,0.8660254037844386,0.5000000000000001,78.45,73.69,73.06666666666666,1231521.0,1241118.0,1264422.8333333333,-5.73,4.76000000000001,0.15333333333333332,-4458.0,-9597.0,-20271.666666666668,120.6173,120.6442,119.60206666666667,4.15,4.15,4.003333333333333,5.33,5.33,5.33,74.95333333333333,74.01,2.199173582154523,1233234.0,1248828.4166666667,17687.329927174753,1.190000000000005,0.6716666666666692,3.85169674011049,-2956.0,-11613.833333333334,10685.019024056277,-5.730000000000004,-0.07304015296367117,-4458.0,-0.003619913911333983,0.28470000000000084,0.0023603579254385387,-0.1200000000000001,-0.028915662650602414,0.0,0.0,2.8034999999999997,0.03517592353267407,7.423300000000012,0.05410702597586248,-0.4590000000000032,-0.004146506274865569,2.39,-761.0
2024-02-09,77.26,1232250.0,1.0,2.39,-761.0,121.039,4.17,5.33,310.967,82.5029,144.6199,110.2366,1.0,0.0,0.0,0.0,0.0,6.0,2.0,0.6631226582407952,0.7485107481711011,0.8660254037844386,0.5000000000000001,72.72,78.45,72.94,1227063.0,1231521.0,1263443.0,4.54000000000001,-5.73,0.75,5187.0,-4458.0,-22325.0,120.902,120.6173,119.534,4.03,4.15,3.96,5.33,5.33,5.33,76.14333333333333,74.68777777777778,2.5028416442712027,1230278.0,1243302.9722222222,16620.247399018474,0.40000000000000197,1.1438888888888916,3.861329314377896,-10.666666666666666,-8704.27777777778,10901.55628933914,4.540000000000006,0.062431243124312585,5187.0,0.004227166820285566,0.13700000000000045,0.0011331491621313639,0.13999999999999968,0.03473945409429269,0.0,0.0,0.0,0.0,0.0,0.0,0.0,0.0,2.845000000000005,-3134.5
2024-02-16,77.43,1230290.5,1.5,2.845000000000005,-3134.5,121.03795,4.215,5.33,310.967,82.5029,144.6199,110.2366,0.0,0.0,0.0,0.0,0.0,7.0,2.0,0.7485107481711011,0.6631226582407953,0.8660254037844386,0.5000000000000001,77.26,72.72,73.69,1232250.0,1227063.0,1241118.0,2.39,4.54000000000001,4.76000000000001,-761.0,5187.0,-9597.0,121.039,120.902,120.6442,4.17,4.03,4.15,5.33,5.33,5.33,75.80333333333334,75.415,2.5705933167270634,1229867.8333333333,1237614.25,13492.736230096127,3.2583333333333377,1.5925000000000036,3.879546043031324,430.5,-5848.083333333333,9407.342942705276,0.1700000000000017,0.0022003624126327725,-1959.5,-0.0015901805640089473,-0.0010500000000064347,-8.674889911519656e-06,0.04499999999999993,0.010791366906474753,0.0,0.0,0.0,0.0,0.0,0.0,0.0,0.0,3.30000000000001,-5508.0
2024-02-23,77.6,1228331.0,2.0,3.30000000000001,-5508.0,121.0369,4.26,5.33,310.967,82.5029,144.6199,110.2366,1.0,0.0,0.0,0.0,0.0,8.0,2.0,0.8229838658936564,0.5680647467311559,0.8660254037844386,0.5000000000000001,77.43,77.26,78.45,1230290.5,1232250.0,1231521.0,2.845000000000005,2.39,-5.73,-3134.5,-761.0,-4458.0,121.03795,121.039,120.6173,4.215,4.17,4.15,5.33,5.33,5.33,77.43,76.19166666666666,2.369349418441372,1230290.5,1231762.25,4976.919426205898,2.845000000000004,2.017500000000005,3.9083599501581237,-3134.5,-3045.25,4979.601025684695,0.1699999999999875,0.0021955314477590804,-1959.5,-0.001592713265688106,-0.0010499999999922238,-8.674965165766935e-06,0.04499999999999993,0.01067615658362997,0.0,0.0,0.0,0.0,0.0,0.0,0.0,0.0,3.140000000000005,-5828.5
2024-03-01,78.28,1223213.5,2.0,3.140000000000005,-5828.5,120.50595,4.175,5.33,311.656,82.35425000000001,143.86675,110.79325,0.0,0.0,0.0,0.0,0.0,9.0,3.0,0.8854560256532099,0.4647231720437686,1.0,6.123233995736766e-17,77.6,77.43,72.72,1228331.0,1230290.5,1227063.0,3.30000000000001,2.845000000000005,4.54000000000001,-5508.0,-3134.5,5187.0,121.0369,121.03795,120.902,4.26,4.215,4.03,5.33,5.33,5.33,77.77,76.95666666666666,2.1288745070267563,1227278.3333333333,1228778.1666666667,3345.778932716589,3.0950000000000055,1.7475000000000043,3.733033284073423,-4823.666666666667,-2417.1666666666665,4157.793942304829,0.6800000000000068,0.008762886597938335,-5117.5,-0.004166222296758781,-0.5309500000000043,-0.004386678773167563,-0.08499999999999996,-0.0199530516431925,0.0,0.0,-0.1486499999999893,-0.0018017548474051903,-0.7531500000000051,-0.0052077895227420345,0.5566500000000048,0.0050495933292573625,2.98,-6149.0
2024-03-08,78.96,1218096.0,2.0,2.98,-6149.0,119.975,4.09,5.33,312.345,82.2056,143.1136,111.3499,1.0,0.0,0.0,0.0,0.0,10.0,3.0,0.9350162426854148,0.35460488704253557,1.0,6.123233995736766e-17,78.28,77.6,77.26,1223213.5,1228331.0,1232250.0,3.140000000000005,3.30000000000001,2.39,-5828.5,-5508.0,-761.0,120.50595,121.0369,121.039,4.175,4.26,4.17,5.33,5.33,5.33,78.28,77.04166666666667,2.209094082801456,1223213.5,1226540.6666666667,5148.170467904913,3.140000000000004,3.1991666666666707,0.7265976649196398,-5828.5,-2699.0,4375.414300383458,0.6799999999999926,0.008686765457332601,-5117.5,-0.004183652322345965,-0.5309500000000043,-0.004406006508392402,-0.08499999999999996,-0.02035928143712573,0.0,0.0,-0.1486500000000035,-0.0018050070275669183,-0.7531500000000051,-0.00523505257469159,0.5566500000000048,0.005024223046079079,2.92,-4165.5
2024-03-15,80.03,1217684.0,1.5,2.92,-4165.5,120.5796,4.154999999999999,5.33,312.345,82.2056,143.1136,111.3499,0.0,0.0,0.0,0.0,0.0,11.0,3.0,0.970941817426052,0.23931566428755804,1.0,6.123233995736766e-17,78.96,78.28,77.43,1218096.0,1223213.5,1230290.5,2.98,3.140000000000005,2.845000000000005,-6149.0,-5828.5,-3134.5,119.975,120.50595,121.03795,4.09,4.175,4.215,5.33,5.33,5.33,79.09,78.26,1.0721753587924343,1219664.5,1224977.5,6261.390708136648,3.013333333333334,2.9291666666666694,0.3106190056430322,-5381.0,-4257.75,2054.4910987882313,1.0700000000000074,0.013551165146910016,-412.0,-0.00033823278296618575,0.6046000000000049,0.0050393832048343246,0.0649999999999995,0.01589242053789719,0.0,0.0,0.0,0.0,0.0,0.0,0.0,0.0,2.86,-2182.0
2024-03-22,81.1,1217272.0,1.0,2.86,-2182.0,121.1842,4.22,5.33,312.345,82.2056,143.1136,111.3499,1.0,0.0,0.0,0.0,0.0,12.0,3.0,0.992708874098054,0.120536680255323,1.0,6.123233995736766e-17,80.03,78.96,77.6,1217684.0,1218096.0,1228331.0,2.92,2.98,3.30000000000001,-4165.5,-6149.0,-5508.0,120.5796,119.975,121.0369,4.154999999999999,4.09,4.26,5.33,5.33,5.33,80.03,78.89999999999999,1.439152528400535,1217684.0,1222481.1666666667,5746.65922659454,2.9199999999999986,3.0075000000000025,0.17871066000661515,-4165.5,-4494.583333333333,1603.097358761077,1.0699999999999932,0.013369986255154176,-412.0,-0.00033834722308911935,0.6046000000000049,0.005014115157124355,0.06500000000000039,0.01564380264741283,0.0,0.0,0.0,0.0,0.0,0.0,0.0,0.0,3.73,12409.0
2024-03-29,83.96,1215090.0,2.0,3.73,12409.0,121.0191,4.3133333333333335,5.33,312.345,82.2056,143.1136,111.3499,1.0,1.0,0.0,0.0,0.0,13.0,3.0,1.0,-1.6081226496766366e-16,1.0,6.123233995736766e-17,81.1,80.03,78.28,1217272.0,1217684.0,1223213.5,2.86,2.92,3.140000000000005,-2182.0,-4165.5,-5828.5,121.1842,120.5796,120.50595,4.22,4.154999999999999,4.175,5.33,5.33,5.33,81.69666666666666,79.98833333333333,2.3104840762637333,1216682.0,1219947.75,4904.180234752304,3.1699999999999986,3.1550000000000016,0.32395987405850396,2020.5,-1904.0,7161.901653890541,2.8599999999999994,0.0352651048088779,-2182.0,-0.0017925328110726113,-0.16510000000000957,-0.0013623888262661588,0.09333333333333371,0.02211690363349139,0.0,0.0,0.0,0.0,0.0,0.0,0.0,0.0,0.5300000000000051,4320.5
2024-04-05,85.21,1226306.0,1.5,0.5300000000000051,4320.5,121.65379999999999,4.406666666666666,5.33,312.684,82.186,144.07355,110.07735,0.0,0.0,0.0,0.0,0.0,14.0,4.0,0.992708874098054,-0.12053668025532288,0.8660254037844387,-0.4999999999999998,83.96,81.1,78.96,1215090.0,1217272.0,1218096.0,3.73,2.86,2.98,12409.0,-2182.0,-6149.0,121.0191,121.1842,119.975,4.3133333333333335,4.22,4.09,5.33,5.33,5.33,83.42333333333333,81.25666666666666,2.7785367851925655,1219556.0,1219610.25,4236.0345578069555,2.3733333333333335,2.693333333333334,1.105941529497223,4849.166666666667,-265.9166666666667,7295.476114803387,1.25,0.014888041924726148,11216.0,0.009230591972611002,0.6346999999999952,0.0052446266746322134,0.09333333333333282,0.021638330757341562,0.0,0.0,-0.019599999999996953,-0.0002384265792111373,0.9599500000000205,0.006707608501218765,-1.2725500000000096,-0.011428389248665738,-2.66999999999999,-3768.0
2024-04-12,86.46,1237522.0,1.0,-2.66999999999999,-3768.0,122.2885,4.5,5.33,313.023,82.1664,145.0335,108.8048,1.0,0.0,0.0,0.0,0.0,15.0,4.0,0.9709418174260521,-0.2393156642875575,0.8660254037844387,-0.4999999999999998,85.21,83.96,80.03,1226306.0,1215090.0,1217684.0,0.5300000000000051,3.73,2.92,4320.5,12409.0,-4165.5,121.65379999999999,121.0191,120.5796,4.406666666666666,4.3133333333333335,4.154999999999999,5.33,5.33,5.33,85.21,82.61999999999999,3.022032428681325,1226306.0,1221995.0,8525.785899255126,0.5300000000000039,1.725000000000002,2.410616103820755,4320.5,77.5,7024.734913147972,1.25,0.014669639713648541,11216.0,0.009146167432924512,0.6347000000000094,0.005217264072310268,0.09333333333333371,0.021180030257186067,0.0,0.0,-0.019600000000011164,-0.00023848344000210187,0.9599499999999921,0.006662916267420327,-1.2725499999999954,-0.011560507225146677,1.58999999999999,7858.0
2024-04-19,83.79,1233754.0,1.0,1.58999999999999,7858.0,123.1075,4.62,5.33,313.023,82.1664,145.0335,108.8048,0.0,0.0,2.0,0.0,0.0,16.0,4.0,0.9350162426854148,-0.35460488704253545,0.8660254037844387,-0.4999999999999998,86.46,85.21,81.1,1237522.0,1226306.0,1217272.0,-2.66999999999999,0.5300000000000051,2.86,-3768.0,4320.5,-2182.0,122.2885,121.65379999999999,121.1842,4.5,4.406666666666666,4.22,5.33,5.33,5.33,85.15333333333334,83.425,2.4392027386015966,1232527.3333333333,1224604.6666666667,9440.919926924902,-0.18333333333333268,1.4933333333333334,2.3313744158042526,2803.5,2412.0,6867.343583948604,-2.6699999999999875,-0.0308813324080498,-3768.0,-0.003044794355171021,0.8190000000000026,0.006697277340060648,0.1200000000000001,0.026666666666666616,0.0,0.0,0.0,0.0,0.0,0.0,0.0,0.0,-5.72999999999999,-2130.0
2024-04-26,85.38,1241612.0,3.5,-5.72999999999999,-2130.0,122.9471,4.67,5.33,313.023,82.1664,145.0335,108.8048,1.0,0.0,0.0,0.0,1.0,17.0,4.0,0.8854560256532099,-0.4647231720437685,0.8660254037844387,-0.4999999999999998,83.79,86.46,83.96,1233754.0,1237522.0,1215090.0,1.58999999999999,-2.66999999999999,3.73,7858.0,-3768.0,12409.0,123.1075,122.2885,121.0191,4.62,4.5,4.3133333333333335,5.33,5.33,5.33,85.21,84.31666666666666,1.858716402969579,1237629.3333333333,1228592.6666666667,10877.350241056563,-2.269999999999998,0.051666666666668526,3.601313186417779,653.3333333333334,2751.25,6518.861156291032,1.5899999999999892,0.018976011457214392,7858.0,0.00636917894491118,-0.16039999999999566,-0.0013029263042462214,0.04999999999999982,0.010822510822510845,0.0,0.0,0.0,0.0,0.0,0.0,0.0,0.0,-4.87999999999999,2809.666666666667
2024-05-03,84.14,1244573.0,3.0,-4.87999999999999,2809.666666666667,122.37653333333334,4.586666666666667,5.33,313.07366666666667,82.21153333333334,145.16853333333333,108.42743333333334,0.0,0.0,0.0,0.0,0.0,18.0,5.0,0.8229838658936565,-0.5680647467311557,0.49999999999999994,-0.8660254037844387,85.38,83.79,85.21,1241612.0,1233754.0,1226306.0,-5.72999999999999,1.58999999999999,0.5300000000000051,-2130.0,7858.0,4320.5,122.9471,123.1075,121.65379999999999,4.67,4.62,4.406666666666666,5.33,5.33,5.33,84.43666666666667,84.82333333333334,1.040973902971708,1239979.6666666667,1233142.8333333333,10904.798951224157,-3.006666666666664,-1.2383333333333297,3.776169575994509,2845.888888888889,3583.194444444445,6066.158940673956,-1.2399999999999949,-0.014523307566174704,2961.0,0.002384802981930001,-0.5705666666666644,-0.00464074928702396,-0.08333333333333304,-0.017844396859386102,0.0,0.0,0.045133333333339465,0.0005492918435436867,0.13503333333332534,0.0009310492633309853,-0.37736666666665997,-0.003468290614629721,-4.02999999999999,7749.333333333334
2024-05-10,82.89999999999999,1247534.0,2.5,-4.02999999999999,7749.333333333334,121.80596666666666,4.503333333333333,5.33,313.12433333333337,82.25666666666666,145.30356666666668,108.05006666666667,0.0,0.0,0.0,0.0,0.0,19.0,5.0,0.7485107481711013,-0.663122658240795,0.49999999999999994,-0.8660254037844387,84.14,85.38,86.46,1244573.0,1241612.0,1237522.0,-4.87999999999999,-5.72999999999999,-2.66999999999999,2809.666666666667,-2130.0,-3768.0,122.37653333333334,122.9471,122.2885,4.586666666666667,4.67,4.5,5.33,5.33,5.33,84.14,84.64666666666666,1.2794321657157754,1244573.0,1238550.1666666667,7750.336313130268,-4.879999999999991,-2.5316666666666614,2.9789287783810026,2809.6666666666665,2806.5833333333335,4895.600925263873,-1.240000000000009,-0.014737342524364316,2961.0,0.00237912922745398,-0.5705666666666787,-0.0046623862527021,-0.08333333333333393,-0.01816860465116288,0.0,0.0,0.045133333333325254,0.0005489902876563146,0.13503333333335377,0.0009301832169323898,-0.3773666666666742,-0.0034803615198245597,-3.17999999999999,12689.0
2024-05-17,81.66,1250495.0,2.0,-3.17999999999999,12689.0,121.2354,4.42,5.33,313.175,82.3018,145.4386,107.6727,1.0,0.0,0.0,0.0,0.0,20.0,5.0,0.6631226582407952,-0.7485107481711012,0.49999999999999994,-0.8660254037844387,82.89999999999999,84.14,83.79,1247534.0,1244573.0,1233754.0,-4.02999999999999,-4.87999999999999,1.58999999999999,7749.333333333334,2809.666666666667,7858.0,121.80596666666666,122.37653333333334,123.1075,4.503333333333333,4.586666666666667,4.62,5.33,5.33,5.33,82.89999999999999,84.05499999999999,1.7138932288802318,1247534.0,1242581.6666666667,6254.2791324523905,-4.0299999999999905,-3.1499999999999937,2.573814290114937,7749.333333333333,4201.333333333333,6380.1691548457,-1.2399999999999949,-0.014957780458383585,2961.0,0.00237348240609081,-0.5705666666666644,-0.0046842259232511285,-0.08333333333333304,-0.01850481125092518,0.0,0.0,0.045133333333339465,0.0005486890626900109,0.13503333333332534,0.0009293187801997504,-0.37736666666665997,-0.003492516740696061,-1.1599999999999966,8381.666666666668
2024-05-24,79.95,1263030.3333333333,1.6666666666666667,-1.1599999999999966,8381.666666666668,122.0066,4.423333333333333,5.33,313.1313333333333,82.4733,145.46953333333335,107.87316666666668,0.0,0.0,0.0,0.0,0.0,21.0,5.0,0.5680647467311558,-0.8229838658936564,0.49999999999999994,-0.8660254037844387,81.66,82.89999999999999,85.38,1250495.0,1247534.0,1241612.0,-3.17999999999999,-4.02999999999999,-5.72999999999999,12689.0,7749.333333333334,-2130.0,121.2354,121.80596666666666,122.9471,4.42,4.503333333333333,4.67,5.33,5.33,5.33,81.50333333333333,82.97,1.933432181381477,1253686.4444444443,1246833.0555555555,9794.712186607827,-2.7899999999999934,-2.898333333333328,2.7008251825444987,9606.666666666666,6226.277777777778,5155.48843861964,-1.7099999999999937,-0.020940484937545856,12535.333333333256,0.010024297045036823,0.7712000000000074,0.006361178335700712,0.0033333333333329662,0.0007541478129713397,0.0,0.0,0.17149999999999466,0.002083794036096265,0.030933333333337032,0.0002126899828061024,0.2004666666666708,0.0018618151738245547,0.8599999999999968,4074.333333333334
2024-05-31,78.24,1275565.6666666667,1.3333333333333335,0.8599999999999968,4074.333333333334,122.7778,4.426666666666667,5.33,313.0876666666667,82.6448,145.50046666666665,108.07363333333333,0.0,0.0,0.0,0.0,0.0,22.0,5.0,0.46472317204376906,-0.8854560256532096,0.49999999999999994,-0.8660254037844387,79.95,81.66,84.14,1263030.3333333333,1250495.0,1244573.0,-1.1599999999999966,-3.17999999999999,-4.87999999999999,8381.666666666668,12689.0,2809.666666666667,122.0066,121.2354,122.37653333333334,4.423333333333333,4.42,4.586666666666667,5.33,5.33,5.33,79.95,82.045,2.655467943696849,1263030.3333333333,1253801.6666666667,12983.173234784188,-1.1599999999999977,-3.0199999999999942,2.4642808281524795,8381.666666666666,5595.666666666667,5147.380507490089,-1.710000000000008,-0.021388367729831215,12535.333333333489,0.009924807823301185,0.7711999999999932,0.006320969521320885,0.0033333333333338544,0.0007535795026376579,0.0,0.0,0.17150000000000887,0.0020794608679415294,0.03093333333330861,0.00021264475539650718,0.20046666666665658,0.0018583552598034903,2.87999999999999,-233.0
2024-06-07,76.53,1288101.0,1.0,2.87999999999999,-233.0,123.549,4.43,5.33,313.044,82.8163,145.5314,108.2741,1.0,0.0,0.0,0.0,0.0,23.0,6.0,0.35460488704253584,-0.9350162426854147,1.2246467991473532e-16,-1.0,78.24,79.95,82.89999999999999,1275565.6666666667,1263030.3333333333,1247534.0,0.8599999999999968,-1.1599999999999966,-4.02999999999999,4074.333333333334,8381.666666666668,7749.333333333334,122.7778,122.0066,121.80596666666666,4.426666666666667,4.423333333333333,4.503333333333333,5.33,5.33,5.33,78.24,80.57,2.8808609824150864,1275565.6666666667,1261549.8333333333,17380.826848698038,0.8599999999999955,-1.5849999999999973,3.015756953071629,4074.333333333334,5911.833333333333,4607.934286520254,-1.7099999999999937,-0.021855828220858853,12535.333333333256,0.009827274017252918,0.7712000000000074,0.00628126583144506,0.0033333333333329662,0.0007530120481926694,0.0,0.0,0.17149999999999466,0.002075145683696933,0.030933333333337032,0.00021259954721797314,0.2004666666666708,0.0018549081814280832,2.3,8157.0
2024-06-14,79.41,1287868.0,1.0,2.3,8157.0,124.1694,4.2,5.33,313.044,82.8163,145.5314,108.2741,1.0,0.0,0.0,0.0,0.0,24.0,6.0,0.23931566428755768,-0.970941817426052,1.2246467991473532e-16,-1.0,76.53,78.24,81.66,1288101.0,1275565.6666666667,1250495.0,2.87999999999999,0.8599999999999968,-3.17999999999999,-233.0,4074.333333333334,12689.0,123.549,122.7778,121.2354,4.43,4.426666666666667,4.42,5.33,5.33,5.33,78.05999999999999,79.78166666666667,2.296461771218562,1283844.888888889,1268765.6666666667,17902.453643130222,2.013333333333328,-0.38833333333333214,2.867684896683485,3999.444444444445,6803.055555555556,4400.385550868961,2.8799999999999955,0.03763230105840831,-233.0,-0.00018088643670022275,0.6203999999999894,0.005021489449529959,-0.22999999999999954,-0.05191873589164775,0.0,0.0,0.0,0.0,0.0,0.0,0.0,0.0,1.269999999999998,6037.4
2024-06-21,79.814,1288587.6,1.0,1.269999999999998,6037.4,123.96491999999999,4.21,5.33,313.149,82.61604,145.40784,108.30266,0.0,0.0,0.0,0.0,0.0,25.0,6.0,0.12053668025532308,-0.992708874098054,1.2246467991473532e-16,-1.0,79.41,76.53,79.95,1287868.0,1288101.0,1263030.3333333333,2.3,2.87999999999999,-1.1599999999999966,8157.0,-233.0,8381.666666666668,124.1694,123.549,122.0066,4.2,4.43,4.423333333333333,5.33,5.33,5.33,78.58466666666666,79.26733333333333,1.7354246358365162,1288185.5333333334,1275607.9333333333,15897.892470526718,2.1499999999999946,0.49499999999999905,2.27704852824878,4653.8,6517.733333333333,4382.220878859388,0.40399999999999636,0.005087520463417761,719.6000000000931,0.0005587529156716453,-0.20448000000000377,-0.0016467825406260017,0.009999999999999787,0.0023809523809523725,0.0,0.0,-0.2002600000000001,-0.0024181230023557765,-0.12355999999999767,-0.0008490263956781874,0.02855999999999881,0.0002637749932810074,0.23999999999999622,3917.8
2024-06-28,80.218,1289307.2,1.0,0.23999999999999622,3917.8,123.76044,4.22,5.33,313.254,82.41578,145.28428,108.33122,0.0,0.0,0.0,0.0,0.0,26.0,6.0,-3.216245299353273e-16,-1.0,1.2246467991473532e-16,-1.0,79.814,79.41,78.24,1288587.6,1287868.0,1275565.6666666667,1.269999999999998,2.3,0.8599999999999968,6037.4,8157.0,4074.333333333334,123.96491999999999,124.1694,122.7778,4.21,4.2,4.426666666666667,5.33,5.33,5.33,79.81400000000001,79.027,1.406474031044173,1288587.5999999999,1282076.6333333333,10673.902130731438,1.269999999999997,1.0649999999999968,1.4515336716728156,6037.400000000001,5055.866666666667,3220.9345015245426,0.4040000000000106,0.005061768612023121,719.5999999998603,0.00055844088519863,-0.20447999999998956,-0.0016494989066261345,0.009999999999999787,0.002375296912114022,0.0,0.0,-0.2002600000000001,-0.0024239844950205702,-0.12355999999999767,-0.0008497478540359094,0.02855999999999881,0.00026370543438170024,-0.7900000000000054,1798.2000000000007
2024-07-05,80.622,1290026.8,1.0,-0.7900000000000054,1798.2000000000007,123.55596,4.23,5.33,313.359,82.21552,145.16072,108.35978,0.0,0.0,0.0,0.0,0.0,27.0,7.0,-0.12053668025532283,-0.992708874098054,-0.4999999999999997,-0.8660254037844388,80.218,79.814,76.53,1289307.2,1288587.6,1288101.0,0.23999999999999622,1.269999999999998,2.87999999999999,3917.8,6037.4,-233.0,123.76044,123.96491999999999,123.549,4.22,4.21,4.43,5.33,5.33,5.33,80.218,79.139,1.5170812766630675,1289307.2,1286576.0444444446,5452.271778611423,0.2399999999999951,1.126666666666662,1.3418146916272158,3917.8000000000006,3958.6222222222223,2973.209362338337,0.40399999999999636,0.00503627614749802,719.6000000000931,0.0005581292030325535,-0.20448000000000377,-0.001652224248717915,0.010000000000000675,0.0023696682464455776,0.0,0.0,-0.2002600000000001,-0.0024298744730681943,-0.12355999999999767,-0.0008504705395517842,0.02855999999999881,0.0002636359121590548,-1.8200000000000074,-321.39999999999964
2024-07-12,81.02600000000001,1290746.4,1.0,-1.8200000000000074,-321.39999999999964,123.35148000000001,4.24,5.33,313.464,82.01526,145.03716,108.38834,0.0,0.0,0.0,0.0,0.0,28.0,7.0,-0.23931566428755743,-0.9709418174260521,-0.4999999999999997,-0.8660254037844388,80.622,80.218,79.41,1290026.8,1289307.2,1287868.0,-0.7900000000000054,0.23999999999999622,2.3,1798.2000000000007,3917.8,8157.0,123.55596,123.76044,124.1694,4.23,4.22,4.2,5.33,5.33,5.33,80.622,79.60333333333334,1.6103796653796596,1290026.8,1289106.1666666667,1130.5462072200264,-0.7900000000000067,0.6799999999999947,1.8120154524727345,1798.2000000000005,3226.0000000000005,3443.389574242224,0.4040000000000106,0.005011039170449871,719.5999999998603,0.0005578178685898827,-0.20447999999998956,-0.0016549586114663617,0.009999999999999787,0.0023640661938533203,0.0,0.0,-0.2002600000000001,-0.002435793144652032,-0.12355999999999767,-0.0008511944553595274,0.02855999999999881,0.00026356642658376117,-2.85000000000001,-2441.0
2024-07-19,81.43,1291466.0,1.0,-2.85000000000001,-2441.0,123.147,4.25,5.33,313.569,81.815,144.9136,108.4169,1.0,0.0,0.0,0.0,0.0,29.0,7.0,-0.3546048870425356,-0.9350162426854148,-0.4999999999999997,-0.8660254037844388,81.02600000000001,80.622,79.814,1290746.4,1290026.8,1288587.6,-1.8200000000000074,-0.7900000000000054,1.269999999999998,-321.39999999999964,1798.2000000000007,6037.4,123.35148000000001,123.55596,123.96491999999999,4.24,4.23,4.21,5.33,5.33,5.33,81.02600000000001,80.42,0.7558147921294179,1290746.4000000001,1289667.0,1346.2483277588508,-1.8200000000000085,-0.2750000000000054,1.9269535541885703,-321.39999999999964,2858.0,3965.4084985030295,0.40399999999999636,0.004986053859254991,719.6000000000931,0.0005575068812897488,-0.20448000000000377,-0.0016577020397323672,0.009999999999999787,0.002358490566037652,0.0,0.0,-0.2002600000000001,-0.0024417407199587293,-0.12355999999999767,-0.0008519196046034017,0.02855999999999881,0.00026349697762695357,-3.59,1210.0
2024-07-26,78.58,1289025.0,3.0,-3.59,1210.0,123.672,4.2,5.33,313.569,81.815,144.9136,108.4169,1.0,0.0,0.0,0.0,0.0,30.0,7.0,-0.46472317204376806,-0.8854560256532101,-0.4999999999999997,-0.8660254037844388,81.43,81.02600000000001,80.218,1291466.0,1290746.4,1289307.2,-2.85000000000001,-1.8200000000000074,0.23999999999999622,-2441.0,-321.39999999999964,3917.8,123.147,123.35148000000001,123.76044,4.25,4.24,4.22,5.33,5.33,5.33,80.34533333333333,80.28166666666667,1.0106397313921025,1290412.4666666666,1289859.8333333333,1096.775057457265,-2.7533333333333405,-1.256666666666672,1.8516119103814928,-517.4666666666666,1700.1666666666667,3007.1700195809885,-2.8500000000000085,-0.03499938597568475,-2441.0,-0.0018901000878072116,0.5249999999999915,0.0042631976418425754,-0.04999999999999982,-0.0117647058823529,0.0,0.0,0.0,0.0,0.0,0.0,0.0,0.0,3.29000000000001,-3103.0
2024-08-02,74.99,1290235.0,2.0,3.29000000000001,-3103.0,123.4681,3.8,5.33,314.062,82.227,145.9413,107.8805,1.0,0.0,0.0,0.0,0.0,31.0,8.0,-0.5680647467311556,-0.8229838658936566,-0.8660254037844385,-0.5000000000000004,78.58,81.43,80.622,1289025.0,1291466.0,1290026.8,-3.59,-2.85000000000001,-0.7900000000000054,1210.0,-2441.0,1798.2000000000007,123.672,123.147,123.55596,4.2,4.25,4.23,5.33,5.33,5.33,78.33333333333333,79.47766666666668,2.408796020145399,1290242.0,1290134.4000000001,903.8173355242394,-1.0500000000000012,-0.9200000000000035,2.479935483031759,-1444.6666666666667,176.76666666666688,2666.4466735089095,-3.5900000000000034,-0.04568592517179948,1210.0,0.0009386939741278244,-0.2038999999999902,-0.0016487159583413735,-0.40000000000000036,-0.09523809523809534,0.0,0.0,0.41200000000000614,0.005035751390331855,1.02770000000001,0.00709181194863695,-0.5364000000000004,-0.004947568137439795,0.982500000000007,-85.75
2024-08-09,74.8725,1285231.0,2.5,0.982500000000007,-85.75,123.182625,3.8274999999999997,5.33,314.062,82.227,145.9413,107.8805,0.0,0.0,0.0,0.0,0.0,32.0,8.0,-0.663122658240795,-0.7485107481711013,-0.8660254037844385,-0.5000000000000004,74.99,78.58,81.02600000000001,1290235.0,1289025.0,1290746.4,3.29000000000001,-3.59,-1.8200000000000074,-3103.0,1210.0,-321.39999999999964,123.4681,123.672,123.35148000000001,3.8,4.2,4.24,5.33,5.33,5.33,76.1475,78.58675000000001,2.996950545971961,1288163.6666666667,1289455.0333333334,2221.452956661446,0.22750000000000448,-0.7962500000000016,2.5664146927182236,-659.5833333333334,-490.4916666666665,1946.8883795474078,-0.11749999999999261,-0.0015668755834110648,-5004.0,-0.003878363243905225,-0.28547500000000525,-0.0023121356852499053,0.027499999999999858,0.007236842105263097,0.0,0.0,0.0,0.0,0.0,0.0,0.0,0.0,-1.3249999999999957,2931.5
2024-08-16,74.755,1280227.0,3.0,-1.3249999999999957,2931.5,122.89715000000001,3.855,5.33,314.062,82.227,145.9413,107.8805,0.0,0.0,0.0,0.0,0.0,33.0,8.0,-0.7485107481711011,-0.6631226582407952,-0.8660254037844385,-0.5000000000000004,74.8725,74.99,81.43,1285231.0,1290235.0,1291466.0,0.982500000000007,3.29000000000001,-2.85000000000001,-85.75,-3103.0,-2441.0,123.182625,123.4681,123.147,3.8274999999999997,3.8,4.25,5.33,5.33,5.33,74.8725,77.60891666666667,3.1531470060351285,1285231.0,1287821.7333333334,4324.301907436318,0.9825000000000058,-0.8854166666666666,2.5754322048282767,-85.75,-301.6083333333333,2245.4276987729377,-0.11750000000000682,-0.0015693345353768873,-5004.0,-0.003893463509672568,-0.28547499999999104,-0.0023174940459337323,0.027500000000000302,0.007184846505551956,0.0,0.0,0.0,0.0,0.0,0.0,0.0,0.0,-3.6324999999999985,5948.75
2024-08-23,74.63749999999999,1275223.0,3.5,-3.6324999999999985,5948.75,122.611675,3.8825000000000003,5.33,314.062,82.227,145.9413,107.8805,0.0,0.0,0.0,0.0,0.0,34.0,8.0,-0.8229838658936564,-0.5680647467311559,-0.8660254037844385,-0.5000000000000004,74.755,74.8725,78.58,1280227.0,1285231.0,1289025.0,-1.3249999999999957,0.982500000000007,-3.59,2931.5,-85.75,1210.0,122.89715000000001,123.182625,123.672,3.855,3.8274999999999997,4.2,5.33,5.33,5.33,74.755,76.54416666666667,2.830631849370077,1280227.0,1285234.5,6379.806948488926,-1.3249999999999968,-1.1874999999999984,2.8032035245411566,2931.5,743.4166666666666,3397.7596098998424,-0.11750000000000682,-0.0015718012173099316,-5004.0,-0.003908681819708493,-0.28547500000000525,-0.0023228773002466063,0.027500000000000302,0.007133592736705552,0.0,0.0,0.0,0.0,0.0,0.0,0.0,0.0,-5.94,8966.0
2024-08-30,74.52,1270219.0,4.0,-5.94,8966.0,122.3262,3.91,5.33,314.062,82.227,145.9413,107.8805,1.0,0.0,0.0,0.0,1.0,35.0,8.0,-0.8854560256532096,-0.4647231720437691,-0.8660254037844385,-0.5000000000000004,74.63749999999999,74.755,74.99,1275223.0,1280227.0,1290235.0,-3.6324999999999985,-1.3249999999999957,3.29000000000001,5948.75,2931.5,-3103.0,122.611675,122.89715000000001,123.4681,3.8825000000000003,3.855,3.8,5.33,5.33,5.33,74.63749999999999,75.3925,1.5703661993310796,1275223.0,1281693.3333333333,7936.046412833715,-3.632499999999999,-1.702499999999997,3.3917768204880394,5948.75,2644.5833333333335,4324.525657996114,-0.11749999999999261,-0.0015742756657175505,-5004.0,-0.003924019563637082,-0.28547500000000525,-0.0023282856220666615,0.027499999999999858,0.007083065035415226,0.0,0.0,0.0,0.0,0.0,0.0,0.0,0.0,-1.4050000000000056,-2808.0
2024-09-06,72.055,1276393.5,3.0,-1.4050000000000056,-2808.0,121.99065,3.785,5.23,314.39700000000005,82.11335,144.83915000000002,107.971,0.0,0.0,0.0,0.0,0.0,36.0,9.0,-0.9350162426854147,-0.3546048870425359,-1.0,-1.8369701987210297e-16,74.52,74.63749999999999,74.8725,1270219.0,1275223.0,1285231.0,-5.94,-3.6324999999999985,0.982500000000007,8966.0,5948.75,-85.75,122.3262,122.611675,123.182625,3.91,3.8825000000000003,3.8274999999999997,5.33,5.33,5.33,73.7375,74.30499999999999,1.114725302485546,1273945.1666666667,1279588.0833333333,7247.711296792189,-3.6591666666666693,-1.3383333333333312,3.2634612249368957,4035.5833333333335,1974.9166666666667,4868.049421140538,-2.464999999999989,-0.03307836822329557,6174.5,0.004860972792880558,-0.3355499999999978,-0.0027430754817855396,-0.125,-0.03196930946291565,-0.09999999999999964,-0.018761726078799223,-0.11365000000000691,-0.0013821494156421865,-1.1021499999999946,-0.007552008924135878,0.0905000000000058,0.0008388911805192745,3.12999999999999,-14582.0
2024-09-13,69.59,1282568.0,2.0,3.12999999999999,-14582.0,121.6551,3.66,5.13,314.732,81.9997,143.737,108.0615,1.0,0.0,0.0,0.0,0.0,37.0,9.0,-0.970941817426052,-0.23931566428755774,-1.0,-1.8369701987210297e-16,72.055,74.52,74.755,1276393.5,1270219.0,1280227.0,-1.4050000000000056,-5.94,-1.3249999999999957,-2808.0,8966.0,2931.5,121.99065,122.3262,122.89715000000001,3.785,3.91,3.855,5.23,5.33,5.33,72.055,73.40499999999999,2.150119182743471,1276393.5,1278310.25,5447.43087840328,-1.4050000000000065,-1.365000000000001,3.218420808408981,-2808.0,61.75,8305.113334566848,-2.4650000000000034,-0.03420997848865459,6174.5,0.004837458040956699,-0.3355499999999978,-0.00275062064182785,-0.125,-0.03302509907529727,-0.10000000000000053,-0.019120458891013437,-0.1136499999999927,-0.0013840623966747678,-1.102150000000023,-0.00760947575293025,0.09049999999999159,0.000838188031971443,-4.0,-909.0
2024-09-20,72.72,1267986.0,2.5,-4.0,-909.0,121.4052,3.73,5.13,314.732,81.9997,143.737,108.0615,1.0,1.0,0.0,0.0,0.0,38.0,9.0,-0.992708874098054,-0.12053668025532357,-1.0,-1.8369701987210297e-16,69.59,72.055,74.63749999999999,1282568.0,1276393.5,1275223.0,3.12999999999999,-1.4050000000000056,-3.6324999999999985,-14582.0,-2808.0,5948.75,121.6551,121.99065,122.611675,3.66,3.785,3.8825000000000003,5.13,5.23,5.33,71.455,73.04625,2.032659434091564,1275649.1666666667,1275436.0833333333,5612.501567184297,-0.7583333333333396,-2.195416666666669,3.133243693309948,-6099.666666666667,-75.45833333333333,8314.83228997535,3.1299999999999955,0.044977726684868546,-14582.0,-0.011369377686017423,-0.2499000000000109,-0.0020541678893857274,0.06999999999999984,0.0191256830601092,0.0,0.0,0.0,0.0,0.0,0.0,0.0,0.0,6.21000000000001,-8096.0
2024-09-27,68.72,1267077.0,4.0,6.21000000000001,-8096.0,121.1111,3.75,5.13,314.732,81.9997,143.737,108.0615,1.0,0.0,0.0,1.0,0.0,39.0,9.0,-1.0,-1.8369701987210297e-16,-1.0,-1.8369701987210297e-16,72.72,69.59,74.52,1267986.0,1282568.0,1270219.0,-4.0,3.12999999999999,-5.94,-909.0,-14582.0,8966.0,121.4052,121.6551,122.3262,3.73,3.66,3.91,5.13,5.13,5.33,70.34333333333335,72.04041666666666,2.465154364673352,1272543.6666666667,1273244.4166666667,5926.244075436388,1.7799999999999987,-0.9395833333333347,4.6801021400891045,-7862.333333333333,-1913.375,8725.84487850604,-4.0,-0.05500550055005504,-909.0,-0.0007168848867415978,-0.29410000000000025,-0.0024224662535048402,0.020000000000000018,0.00536193029490617,0.0,0.0,0.0,0.0,0.0,0.0,0.0,0.0,-0.05999999999999517,-1097.0
2024-10-04,72.41499999999999,1259517.5,4.0,-0.05999999999999517,-1097.0,122.0458,3.915,4.98,315.1815,82.18275,145.06869999999998,107.2101,0.0,0.0,0.0,0.0,0.0,40.0,10.0,-0.992708874098054,0.1205366802553232,-0.8660254037844386,0.5000000000000001,68.72,72.72,72.055,1267077.0,1267986.0,1276393.5,6.21000000000001,-4.0,-1.4050000000000056,-8096.0,-909.0,-2808.0,121.1111,121.4052,121.99065,3.75,3.73,3.785,5.13,5.13,5.23,71.28499999999998,71.67,2.1427622359938616,1264860.1666666667,1270626.8333333333,7987.550792742621,0.7166666666666703,-0.34416666666666745,4.492471943893098,-3367.3333333333335,-3087.6666666666665,7890.266628363501,3.694999999999993,0.05376891734575073,-7559.5,-0.005966093615462964,0.9347000000000065,0.007717707130064921,0.16500000000000004,0.04400000000000004,-0.14999999999999947,-0.029239766081871288,0.18304999999999438,0.002232325240214328,1.3316999999999837,0.009264837863597997,-0.8513999999999982,-0.007878846767812808,-6.33,5902.0
2024-10-11,76.11,1251958.0,4.0,-6.33,5902.0,122.9805,4.08,4.83,315.631,82.3658,146.4004,106.3587,1.0,0.0,0.0,1.0,0.0,41.0,10.0,-0.9709418174260521,0.23931566428755738,-0.8660254037844386,0.5000000000000001,72.41499999999999,68.72,69.59,1259517.5,1267077.0,1282568.0,-0.05999999999999517,6.21000000000001,3.12999999999999,-1097.0,-8096.0,-14582.0,122.0458,121.1111,121.6551,3.915,3.75,3.66,4.98,5.13,5.13,72.415,71.935,2.612542822615818,1259517.5,1267583.3333333333,11061.523356511125,-0.059999999999996355,-0.4091666666666674,4.591361907611578,-1097.0,-3598.3333333333335,7003.428893525423,3.6950000000000074,0.05102534005385628,-7559.5,-0.006001901521812902,0.9347000000000065,0.007658600295954443,0.16500000000000004,0.04214559386973171,-0.15000000000000036,-0.030120481927710885,0.18304999999999438,0.002227353063751103,1.331700000000012,0.00917978861049984,-0.8513999999999982,-0.007941415967338883,-5.5875,5188.5
2024-10-18,74.755,1249159.25,3.5,-5.5875,5188.5,123.63065,4.135,4.7825,315.85524999999996,82.33,146.09792499999998,105.88535,0.0,0.0,0.0,0.0,0.0,42.0,10.0,-0.9350162426854148,0.35460488704253557,-0.8660254037844386,0.5000000000000001,76.11,72.41499999999999,72.72,1251958.0,1259517.5,1267986.0,-6.33,-0.05999999999999517,-4.0,5902.0,-1097.0,-909.0,122.9805,122.0458,121.4052,4.08,3.915,3.73,4.83,4.98,5.13,74.42666666666666,72.385,2.8583176870322573,1253544.9166666667,1263044.2916666667,12247.423478445875,-3.9924999999999997,-1.10625,5.065785662165342,3331.1666666666665,-2265.5833333333335,7888.809279077973,-1.355000000000004,-0.01780317960846145,-2798.75,-0.0022354983154386776,0.6501499999999965,0.0052866104788971136,0.054999999999999716,0.013480392156862697,-0.04750000000000032,-0.009834368530020732,-0.035799999999994725,-0.00043464641878054877,-0.30247500000001537,-0.0020660804205454575,-0.4733499999999964,-0.004450505694409523,-4.845,4475.0
2024-10-25,73.4,1246360.5,3.0,-4.845,4475.0,124.2808,4.1899999999999995,4.734999999999999,316.0795,82.29419999999999,145.79545,105.412,0.0,0.0,0.0,0.0,0.0,43.0,10.0,-0.8854560256532101,0.464723172043768,-0.8660254037844386,0.5000000000000001,74.755,76.11,68.72,1249159.25,1251958.0,1267077.0,-5.5875,-6.33,6.21000000000001,5188.5,5902.0,-8096.0,123.63065,122.9805,121.1111,4.135,4.08,3.75,4.7825,4.83,5.13,74.75500000000001,73.02,2.5158994415519573,1249159.25,1257009.7083333333,9259.302895487443,-5.587500000000001,-2.435416666666665,4.7695545957318295,5188.5,910.5833333333334,5373.633690685168,-1.3549999999999898,-0.018125877867701035,-2798.75,-0.0022405069649846787,0.6501499999999965,0.005258809203057657,0.054999999999999716,0.013301088270858408,-0.04750000000000032,-0.00993204391008895,-0.035800000000008936,-0.0004348354184381398,-0.30247499999998695,-0.0020703579465620736,-0.4733499999999964,-0.004470401240587063,-4.1025,3761.5
2024-11-01,72.045,1243561.75,2.5,-4.1025,3761.5,124.93095000000001,4.245,4.6875,316.30375000000004,82.2584,145.492975,104.93865,0.0,0.0,0.0,0.0,0.0,44.0,11.0,-0.822983865893657,0.5680647467311548,-0.5000000000000004,0.8660254037844384,73.4,74.755,72.41499999999999,1246360.5,1249159.25,1259517.5,-4.845,-5.5875,-0.05999999999999517,4475.0,5188.5,-1097.0,124.2808,123.63065,122.0458,4.1899999999999995,4.135,3.915,4.734999999999999,4.7825,4.98,73.39999999999999,72.9075,2.5468976225991984,1246360.5,1252939.0,8827.435155522979,-4.8450000000000015,-2.4524999999999983,4.776457892622937,4475.0,1689.0,5395.571193117559,-1.355000000000004,-0.018460490463215296,-2798.75,-0.0022455381087574944,0.6501500000000107,0.005231298800780326,0.055000000000000604,0.013126491646778149,-0.04749999999999943,-0.01003167898627233,-0.035799999999994725,-0.00043502458253430465,-0.30247499999998695,-0.0020746532213452573,-0.4733500000000106,-0.00449047546768877,-3.36,3048.0
2024-11-08,70.69,1240763.0,2.0,-3.36,3048.0,125.5811,4.3,4.64,316.528,82.2226,145.1905,104.4653,1.0,0.0,0.0,0.0,0.0,45.0,11.0,-0.7485107481711011,0.6631226582407952,-0.5000000000000004,0.8660254037844384,72.045,73.4,76.11,1243561.75,1246360.5,1251958.0,-4.1025,-4.845,-6.33,3761.5,4475.0,5902.0,124.93095000000001,124.2808,122.9805,4.245,4.1899999999999995,4.08,4.6875,4.734999999999999,4.83,72.045,73.23583333333333,1.9579974889330467,1243561.75,1248553.3333333333,6672.114454326068,-4.102500000000001,-4.047499999999999,2.21780296690213,3761.5,3546.3333333333335,2488.512641452058,-1.355000000000004,-0.0188076896384205,-2798.75,-0.002250591898633081,0.6501499999999965,0.005204074730881247,0.054999999999999716,0.012956419316843215,-0.04750000000000032,-0.010133333333333439,-0.035799999999994725,-0.00043521391128442666,-0.30247500000001537,-0.0020789663555922377,-0.4733499999999964,-0.004510730793658935,4.35000000000001,-1797.0
2024-11-15,67.33,1243811.0,2.5,4.35000000000001,-1797.0,126.8848,4.43,4.64,316.528,82.2226,145.1905,104.4653,1.0,1.0,0.0,0.0,0.0,46.0,11.0,-0.6631226582407955,0.7485107481711007,-0.5000000000000004,0.8660254037844384,70.69,72.045,74.755,1240763.0,1243561.75,1249159.25,-3.36,-4.1025,-5.5875,3048.0,3761.5,5188.5,125.5811,124.93095000000001,123.63065,4.3,4.245,4.135,4.64,4.6875,4.7825,70.02166666666666,72.38833333333334,3.1325495473604446,1242711.9166666667,1245935.5833333333,4092.594307603021,-1.0374999999999976,-3.3124999999999987,3.8979417645726735,1670.8333333333333,3429.6666666666665,2752.180075261555,-3.3599999999999994,-0.047531475456217276,3048.0,0.0024565529436322286,1.303699999999992,0.010381339230186581,0.1299999999999999,0.03023255813953485,0.0,0.0,0.0,0.0,0.0,0.0,0.0,0.0,-3.42,-4709.0
2024-11-22,71.68,1242014.0,2.0,-3.42,-4709.0,127.4712,4.41,4.64,316.528,82.2226,145.1905,104.4653,1.0,0.0,0.0,0.0,0.0,47.0,11.0,-0.5680647467311559,0.8229838658936564,-0.5000000000000004,0.8660254037844384,67.33,70.69,73.4,1243811.0,1240763.0,1246360.5,4.35000000000001,-3.36,-4.845,-1797.0,3048.0,4475.0,126.8848,125.5811,124.2808,4.43,4.3,4.1899999999999995,4.64,4.64,4.734999999999999,69.89999999999999,71.64999999999999,2.547329974699286,1242196.0,1244278.25,3045.5026350270646,-0.8099999999999975,-2.827499999999999,3.618415399038636,-1152.6666666666667,1661.1666666666667,3980.7633773770963,4.3500000000000085,0.06460715877023637,-1797.0,-0.001444753262352605,0.5863999999999976,0.0046215149489929885,-0.019999999999999574,-0.004514672686230181,0.0,0.0,0.0,0.0,0.0,0.0,0.0,0.0,-0.2299999999999951,-3960.5
2024-11-29,70.13,1239200.0,2.0,-0.2299999999999951,-3960.5,127.0796,4.28,4.5600000000000005,317.06600000000003,82.6447,145.57395,104.47325000000001,0.0,0.0,0.0,0.0,0.0,48.0,11.0,-0.4647231720437684,0.88545602565321,-0.5000000000000004,0.8660254037844384,71.68,67.33,72.045,1242014.0,1243811.0,1243561.75,-3.42,4.35000000000001,-4.1025,-4709.0,-1797.0,3761.5,127.4712,126.8848,124.93095000000001,4.41,4.43,4.245,4.64,4.64,4.6875,69.71333333333332,70.87916666666666,2.0759923329984034,1241675.0,1242618.375,2522.2523057192398,0.2333333333333374,-1.9345833333333313,3.458619817451264,-3488.8333333333335,136.33333333333334,4109.567880771252,-1.5500000000000114,-0.02162388392857162,-2814.0,-0.0022656749440828072,-0.39159999999999684,-0.003072066474623214,-0.1299999999999999,-0.02947845804988658,-0.07999999999999918,-0.01724137931034464,0.42210000000000036,0.0051336250617226575,0.3834500000000105,0.0026410130139369326,0.007950000000008117,7.610182519934838e-05,2.96000000000001,-3212.0
2024-12-06,68.58,1236386.0,2.0,2.96000000000001,-3212.0,126.688,4.15,4.48,317.604,83.0668,145.9574,104.4812,1.0,0.0,0.0,0.0,0.0,49.0,12.0,-0.35460488704253595,0.9350162426854147,-2.4492935982947064e-16,1.0,70.13,71.68,70.69,1239200.0,1242014.0,1240763.0,-0.2299999999999951,-3.42,-3.36,-3960.5,-4709.0,3048.0,127.0796,127.4712,125.5811,4.28,4.41,4.3,4.5600000000000005,4.64,4.64,70.13,70.07583333333334,1.8225378368275849,1239200.0,1240955.9583333333,2830.759864483682,-0.22999999999999599,-0.6337499999999963,3.609533816852251,-3960.5,-1144.8333333333333,3660.101647040246,-1.5499999999999972,-0.02210181092257235,-2814.0,-0.0022708198837959603,-0.39159999999999684,-0.0030815331493017073,-0.1299999999999999,-0.030373831775700855,-0.08000000000000007,-0.01754385964912286,0.42210000000000036,0.0051074055565571985,0.3834500000000105,0.002634056436608301,0.007949999999993906,7.609603415215105e-05,3.09333333333334,-469.0
2024-12-13,69.48,1234187.3333333333,2.0,3.09333333333334,-469.0,127.27533333333334,4.306666666666667,4.48,317.604,83.0668,145.9574,104.4812,0.0,0.0,0.0,0.0,0.0,50.0,12.0,-0.2393156642875578,0.970941817426052,-2.4492935982947064e-16,1.0,68.58,70.13,67.33,1236386.0,1239200.0,1243811.0,2.96000000000001,-0.2299999999999951,4.35000000000001,-3212.0,-3960.5,-1797.0,126.688,127.0796,126.8848,4.15,4.28,4.43,4.48,4.5600000000000005,4.64,69.39666666666666,69.64833333333333,1.54848851034426,1236591.111111111,1239393.5555555555,3590.0843052040573,1.9411111111111172,0.5655555555555604,3.4167994554141625,-2547.1666666666665,-1849.9166666666667,2841.9538774699927,0.9000000000000057,0.013123359580052618,-2198.6666666667443,-0.0017783011670035043,0.5873333333333335,0.004636061294939875,0.1566666666666663,0.03775100401606424,0.0,0.0,0.0,0.0,0.0,0.0,0.0,0.0,3.22666666666667,2274.0
2024-12-20,70.38,1231988.6666666667,2.0,3.22666666666667,2274.0,127.86266666666666,4.463333333333334,4.48,317.604,83.0668,145.9574,104.4812,0.0,0.0,0.0,0.0,0.0,51.0,12.0,-0.12053668025532363,0.992708874098054,-2.4492935982947064e-16,1.0,69.48,68.58,71.68,1234187.3333333333,1236386.0,1242014.0,3.09333333333334,2.96000000000001,-3.42,-469.0,-3212.0,-4709.0,127.27533333333334,126.688,127.4712,4.306666666666667,4.15,4.41,4.48,4.48,4.64,69.48,69.59666666666666,1.5115113848953257,1234187.3333333333,1237931.1666666667,4573.1617156766215,3.093333333333339,1.6633333333333387,2.9262064938148935,-469.0,-1978.9166666666667,2580.7271924143256,0.8999999999999915,0.012953367875647492,-2198.6666666665114,-0.0017814691556817808,0.5873333333333193,0.004614667413952889,0.15666666666666718,0.03637770897832837,0.0,0.0,0.0,0.0,0.0,0.0,0.0,0.0,3.36,5017.0
2024-12-27,71.28,1229790.0,2.0,3.36,5017.0,128.45,4.62,4.48,317.604,83.0668,145.9574,104.4812,1.0,0.0,0.0,0.0,0.0,52.0,12.0,6.432490598706546e-16,1.0,-2.4492935982947064e-16,1.0,70.38,69.48,70.13,1231988.6666666667,1234187.3333333333,1239200.0,3.22666666666667,3.09333333333334,-0.2299999999999951,2274.0,-469.0,-3960.5,127.86266666666666,127.27533333333334,127.0796,4.463333333333334,4.306666666666667,4.28,4.48,4.48,4.5600000000000005,70.38000000000001,70.25500000000001,1.141818724667581,1231988.6666666667,1235594.3333333333,4549.95505227559,3.226666666666669,1.4983333333333368,2.7680524641784596,2274.0,-843.25,3859.3286430414364,0.9000000000000057,0.01278772378516635,-2198.6666666667443,-0.0017846484518526662,0.5873333333333335,0.004593470077270512,0.1566666666666663,0.0351008215085884,0.0,0.0,0.0,0.0,0.0,0.0,0.0,0.0,2.62999999999999,-3442.0
2025-01-03,74.64,1234807.0,1.0,2.62999999999999,-3442.0,129.4535,4.6,4.33,318.961,81.4748,144.1446,103.3436,1.0,0.0,0.0,0.0,0.0,1.0,1.0,0.12053668025532305,0.992708874098054,0.49999999999999994,0.8660254037844387,71.28,70.38,68.58,1229790.0,1231988.6666666667,1236386.0,3.36,3.22666666666667,2.96000000000001,5017.0,2274.0,-3212.0,128.45,127.86266666666666,126.688,4.62,4.463333333333334,4.15,4.48,4.48,4.48,72.10000000000001,70.74833333333333,2.1097906689214803,1232195.2222222222,1234393.1666666667,3294.2805098727263,3.072222222222219,2.5066666666666686,1.3638784566245088,1283.0,-632.0833333333334,3633.5662429171043,3.3599999999999994,0.047138047138047146,5017.0,0.0040795582985713175,1.0035000000000025,0.007812378357337613,-0.020000000000000462,-0.0043290043290044045,-0.15000000000000036,-0.033482142857142905,-1.5919999999999987,-0.01916529829005087,-1.81280000000001,-0.012420062292148315,-1.1376000000000062,-0.010888083214970812,-0.48000000000000487,-8662.5
2025-01-10,76.6,1231017.5,2.0,-0.48000000000000487,-8662.5,129.4697,4.605,4.33,318.961,81.4748,144.1446,103.3436,0.0,0.0,0.0,0.0,0.0,2.0,1.0,0.23931566428755774,0.970941817426052,0.49999999999999994,0.8660254037844387,74.64,71.28,69.48,1234807.0,1229790.0,1234187.3333333333,2.62999999999999,3.36,3.09333333333334,-3442.0,5017.0,-469.0,129.4535,128.45,127.27533333333334,4.6,4.62,4.306666666666667,4.33,4.48,4.48,74.17333333333333,71.82666666666667,3.1349300895981873,1231871.5,1233029.4166666667,2505.6741513466595,1.8366666666666607,2.4650000000000003,1.4643250246368786,-2362.5,-1415.75,4811.204669830629,1.9599999999999937,0.0262593783494105,-3789.5,-0.0030689006460118406,0.016199999999997772,0.00012514146006092908,0.005000000000000782,0.0010869565217392907,0.0,0.0,0.0,0.0,0.0,0.0,0.0,0.0,-3.59,-13883.0
2025-01-17,78.56,1227228.0,3.0,-3.59,-13883.0,129.4859,4.61,4.33,318.961,81.4748,144.1446,103.3436,1.0,0.0,0.0,0.0,0.0,3.0,1.0,0.3546048870425356,0.9350162426854148,0.49999999999999994,0.8660254037844387,76.6,74.64,70.38,1231017.5,1234807.0,1231988.6666666667,-0.48000000000000487,2.62999999999999,3.22666666666667,-8662.5,-3442.0,2274.0,129.4697,129.4535,127.86266666666666,4.605,4.6,4.463333333333334,4.33,4.33,4.48,76.60000000000001,73.49,3.6697629351228382,1231017.5,1231503.0833333333,2821.47613010041,-0.4800000000000059,1.3733333333333322,2.828031903010366,-8662.5,-3194.25,7056.428088983836,1.960000000000008,0.025587467362924388,-3789.5,-0.0030783477895318656,0.016199999999997772,0.00012512580163548392,0.004999999999999893,0.0010857763300760048,0.0,0.0,0.0,0.0,0.0,0.0,0.0,0.0,-3.4383333333333317,-12562.0
2025-01-24,77.12833333333333,1223563.1666666667,2.6666666666666665,-3.4383333333333317,-12562.0,129.285,4.548333333333334,4.33,319.0806666666667,81.59261666666667,144.47101666666666,103.34438333333333,0.0,0.0,0.0,0.0,0.0,4.0,1.0,0.4647231720437685,0.8854560256532099,0.49999999999999994,0.8660254037844387,78.56,76.6,71.28,1227228.0,1231017.5,1229790.0,-3.59,-0.48000000000000487,3.36,-13883.0,-8662.5,5017.0,129.4859,129.4697,128.45,4.61,4.605,4.62,4.33,4.33,4.48,77.42944444444446,74.76472222222223,3.3088870933136496,1227269.5555555557,1229732.388888889,3919.9123327243224,-2.5027777777777795,0.28472222222222004,3.257978312571331,-11702.5,-5209.75,7809.22784755318,-1.431666666666672,-0.01822386286490163,-3664.8333333332557,-0.002986269326753721,-0.2008999999999901,-0.0015515202813587425,-0.061666666666666536,-0.013376717281272543,0.0,0.0,0.11781666666666979,0.0014460503943141134,0.3264166666666597,0.002264508463492021,0.0007833333333309156,7.579892062237192e-06,-3.286666666666663,-11241.0
2025-01-31,75.69666666666667,1219898.3333333333,2.3333333333333335,-3.286666666666663,-11241.0,129.08409999999998,4.486666666666667,4.33,319.20033333333333,81.71043333333334,144.79743333333334,103.34516666666666,0.0,0.0,0.0,0.0,0.0,5.0,1.0,0.5680647467311558,0.8229838658936564,0.49999999999999994,0.8660254037844387,77.12833333333333,78.56,74.64,1223563.1666666667,1227228.0,1234807.0,-3.4383333333333317,-3.59,2.62999999999999,-12562.0,-13883.0,-3442.0,129.285,129.4859,129.4535,4.548333333333334,4.61,4.6,4.33,4.33,4.33,77.12833333333333,75.65083333333334,2.5169522464902743,1223563.1666666667,1227717.3333333333,5368.123124307483,-3.4383333333333326,-0.8008333333333354,3.165479733696673,-12562.0,-7462.25,7139.287399663925,-1.4316666666666578,-0.01856213669857587,-3664.8333333334886,-0.0029952138419772067,-0.2009000000000185,-0.0015539312371892766,-0.061666666666666536,-0.013558079882740937,0.0,0.0,0.11781666666666979,0.0014439623519857392,0.3264166666666881,0.002259392051070064,0.0007833333333309156,7.579834607973623e-06,-3.134999999999995,-9920.0
2025-02-07,74.265,1216233.5,2.0,-3.134999999999995,-9920.0,128.8832,4.425000000000001,4.33,319.32,81.82825,145.12385,103.34594999999999,0.0,0.0,0.0,0.0,0.0,6.0,2.0,0.6631226582407952,0.7485107481711011,0.8660254037844386,0.5000000000000001,75.69666666666667,77.12833333333333,76.6,1219898.3333333333,1223563.1666666667,1231017.5,-3.286666666666663,-3.4383333333333317,-0.48000000000000487,-11241.0,-12562.0,-8662.5,129.08409999999998,129.285,129.4697,4.486666666666667,4.548333333333334,4.605,4.33,4.33,4.33,75.69666666666666,76.14833333333333,1.6128580567156041,1219898.3333333333,1225457.9166666667,6943.146667954146,-3.286666666666664,-1.8833333333333346,2.4982502765824584,-11241.0,-9951.75,3687.0127712011104,-1.431666666666672,-0.018913206217799128,-3664.8333333332557,-0.0030042120996420785,-0.2008999999999901,-0.0015563496976002122,-0.061666666666666536,-0.01374442793462105,0.0,0.0,0.11781666666665558,0.001441880331071399,0.3264166666666597,0.002254298706491742,0.0007833333333309156,7.579777154598233e-06,-2.9833333333333267,-8599.0
2025-02-14,72.83333333333333,1212568.6666666667,1.6666666666666667,-2.9833333333333267,-8599.0,128.6823,4.363333333333333,4.33,319.43966666666665,81.94606666666667,145.45026666666666,103.34673333333333,0.0,0.0,0.0,0.0,0.0,7.0,2.0,0.7485107481711011,0.6631226582407953,0.8660254037844386,0.5000000000000001,74.265,75.69666666666667,78.56,1216233.5,1219898.3333333333,1227228.0,-3.134999999999995,-3.286666666666663,-3.59,-9920.0,-11241.0,-13883.0,128.8832,129.08409999999998,129.4859,4.425000000000001,4.486666666666667,4.61,4.33,4.33,4.33,74.265,75.84722222222221,2.0579943490549417,1216233.5,1221751.5277777778,6889.701344447565,-3.1349999999999962,-2.8188888888888872,1.1657194567526679,-9920.0,-10811.25,2144.3396127946003,-1.431666666666672,-0.019277811441010817,-3664.8333333332557,-0.0030132645855694973,-0.2008999999999901,-0.0015587756976859213,-0.061666666666667425,-0.01393596986817347,0.0,0.0,0.11781666666666979,0.0014398043055627863,0.3264166666666597,0.002249228274102899,0.0007833333333451264,7.579719702111021e-06,-2.831666666666658,-7278.0
2025-02-21,71.40166666666667,1208903.8333333333,1.3333333333333335,-2.831666666666658,-7278.0,128.48139999999998,4.301666666666667,4.33,319.5593333333333,82.06388333333334,145.77668333333335,103.34751666666666,0.0,0.0,0.0,0.0,0.0,8.0,2.0,0.8229838658936564,0.5680647467311559,0.8660254037844386,0.5000000000000001,72.83333333333333,74.265,77.12833333333333,1212568.6666666667,1216233.5,1223563.1666666667,-2.9833333333333267,-3.134999999999995,-3.4383333333333317,-8599.0,-9920.0,-12562.0,128.6823,128.8832,129.285,4.363333333333333,4.425000000000001,4.548333333333334,4.33,4.33,4.33,72.83333333333333,74.98083333333334,2.6784030793659293,1212568.6666666667,1218065.9166666667,6856.275356476648,-2.9833333333333276,-3.21083333333333,0.28374235183015073,-8599.0,-10580.5,2471.3647039642074,-1.4316666666666578,-0.01965675057208227,-3664.8333333334886,-0.00302237179145326,-0.2009000000000185,-0.0015612092727594895,-0.061666666666666536,-0.01413292589763171,0.0,0.0,0.11781666666666979,0.0014377342495999201,0.3264166666666881,0.0022441805996460396,0.0007833333333309156,7.5796622502899424e-06,-2.67999999999999,-5957.0
2025-02-28,69.97,1205239.0,1.0,-2.67999999999999,-5957.0,128.2805,4.24,4.33,319.679,82.1817,146.1031,103.3483,1.0,0.0,0.0,0.0,0.0,9.0,2.0,0.8854560256532099,0.4647231720437686,0.8660254037844386,0.5000000000000001,71.40166666666667,72.83333333333333,75.69666666666667,1208903.8333333333,1212568.6666666667,1219898.3333333333,-2.831666666666658,-2.9833333333333267,-3.286666666666663,-7278.0,-8599.0,-11241.0,128.48139999999998,128.6823,129.08409999999998,4.301666666666667,4.363333333333333,4.486666666666667,4.33,4.33,4.33,71.40166666666667,73.54916666666666,2.6784030793659293,1208903.8333333333,1214401.0833333333,6856.275356476511,-2.8316666666666594,-3.0591666666666613,0.283742351830157,-7278.0,-9259.5,2471.3647039642065,-1.431666666666672,-0.0200508858336641,-3664.8333333332557,-0.003031534214949172,-0.2008999999999901,-0.00156365045835416,-0.061666666666666536,-0.014335528864781066,0.0,0.0,0.11781666666666979,0.0014356701374722558,0.3264166666666597,0.0022391555302454513,0.0007833333333309156,7.5796047993570426e-06,-3.83999999999999,-4157.0
2025-03-07,69.9125,1206293.5,2.0,-3.83999999999999,-4157.0,127.81504999999999,4.2475000000000005,4.33,319.7055,82.24440000000001,146.28395,103.388275,0.0,0.0,0.0,0.0,0.0,10.0,3.0,0.9350162426854148,0.35460488704253557,1.0,6.123233995736766e-17,69.97,71.40166666666667,74.265,1205239.0,1208903.8333333333,1216233.5,-2.67999999999999,-2.831666666666658,-3.134999999999995,-5957.0,-7278.0,-9920.0,128.2805,128.48139999999998,128.8832,4.24,4.301666666666667,4.425000000000001,4.33,4.33,4.33,70.42805555555556,72.34652777777778,2.3497269591185996,1206812.111111111,1211522.8055555555,5781.432305628544,-3.117222222222214,-3.126111111111104,0.4102663994508954,-5797.333333333333,-7858.666666666667,2603.5826598490685,-0.05750000000000455,-0.0008217807631842877,1054.5,0.0008749302005659487,-0.46545000000000414,-0.003628376877233941,0.007500000000000284,0.001768867924528461,0.0,0.0,0.06270000000000664,0.0007629435750295954,0.1808499999999924,0.0012378245225459494,0.03997499999999832,0.00038679881526837434,-4.999999999999989,-2357.0
2025-03-14,69.85499999999999,1207348.0,3.0,-4.999999999999989,-2357.0,127.3496,4.255,4.33,319.73199999999997,82.3071,146.46480000000003,103.42824999999999,0.0,0.0,0.0,0.0,0.0,11.0,3.0,0.970941817426052,0.23931566428755804,1.0,6.123233995736766e-17,69.9125,69.97,72.83333333333333,1206293.5,1205239.0,1212568.6666666667,-3.83999999999999,-2.67999999999999,-2.9833333333333267,-4157.0,-5957.0,-8599.0,127.81504999999999,128.2805,128.6823,4.2475000000000005,4.24,4.363333333333333,4.33,4.33,4.33,69.9125,71.37291666666665,1.838632776307553,1206293.5,1209431.0833333333,4198.8694255373675,-3.839999999999991,-3.4116666666666586,0.8761303809618287,-4157.0,-6378.0,2813.0811577343584,-0.05750000000000455,-0.0008224566422314616,1054.5,0.0008741653668862259,-0.4654499999999899,-0.003641589937961043,0.007499999999999396,0.0017657445556207296,0.0,0.0,0.06269999999999243,0.0007623619358885225,0.18085000000002083,0.0012362942072594585,0.03997499999999832,0.00038664925979281506,-6.1599999999999895,-557.0
2025-03-21,69.7975,1208402.5,4.0,-6.1599999999999895,-557.0,126.88415,4.262499999999999,4.33,319.7585,82.3698,146.64565000000002,103.468225,0.0,0.0,0.0,0.0,0.0,12.0,3.0,0.992708874098054,0.120536680255323,1.0,6.123233995736766e-17,69.85499999999999,69.9125,71.40166666666667,1207348.0,1206293.5,1208903.8333333333,-4.999999999999989,-3.83999999999999,-2.831666666666658,-2357.0,-4157.0,-7278.0,127.3496,127.81504999999999,128.48139999999998,4.255,4.2475000000000005,4.301666666666667,4.33,4.33,4.33,69.855,70.62833333333333,1.2405013547402501,1207348.0,1208125.9166666667,2558.00208223362,-4.99999999999999,-3.9158333333333246,1.399264787109397,-2357.0,-4817.5,3042.8422075421645,-0.05749999999999034,-0.0008231336339559192,1054.5,0.0008734018692209133,-0.4654499999999899,-0.0036548995835086195,0.007499999999999396,0.001762632197414682,0.0,0.0,0.06269999999999243,0.0007617811829112586,0.1808499999999924,0.001234767671139947,0.03997500000001253,0.0003864998199236691,-7.31999999999999,1243.0
2025-03-28,69.74,1209457.0,5.0,-7.31999999999999,1243.0,126.4187,4.27,4.33,319.785,82.4325,146.8265,103.5082,1.0,0.0,0.0,1.0,0.0,13.0,3.0,1.0,-1.6081226496766366e-16,1.0,6.123233995736766e-17,69.7975,69.85499999999999,69.97,1208402.5,1207348.0,1205239.0,-6.1599999999999895,-4.999999999999989,-2.67999999999999,-557.0,-2357.0,-5957.0,126.88415,127.3496,128.2805,4.262499999999999,4.255,4.24,4.33,4.33,4.33,69.7975,70.11277777777778,0.6366386701242442,1208402.5,1207607.3055555555,1620.9184824613933,-6.15999999999999,-4.638611111111102,1.8640846477759316,-557.0,-3177.1666666666665,3242.8444561321057,-0.05750000000000455,-0.000823811741108238,1054.5,0.0008726397040721423,-0.46545000000000414,-0.003668306876784877,0.007500000000000284,0.0017595307917890324,0.0,0.0,0.06270000000000664,0.0007612013140738672,0.1808499999999924,0.0012332449002065982,0.03997499999999832,0.0003863504955265995,-2.0799999999999947,253.0
2025-04-04,65.82499999999999,1209041.0,3.5,-2.0799999999999947,253.0,125.2175,4.375,4.33,320.0435,82.54205,147.2922,102.8831,0.0,0.0,0.0,0.0,0.0,14.0,4.0,0.992708874098054,-0.12053668025532288,0.8660254037844387,-0.4999999999999998,69.74,69.7975,69.9125,1209457.0,1208402.5,1206293.5,-7.31999999999999,-6.1599999999999895,-3.83999999999999,1243.0,-557.0,-4157.0,126.4187,126.88415,127.81504999999999,4.27,4.262499999999999,4.2475000000000005,4.33,4.33,4.33,68.45416666666667,69.18333333333332,1.6472489692417263,1208966.8333333333,1207630.1666666667,1643.6692692265601,-5.186666666666659,-4.513333333333324,2.0278724483227517,313.0,-1922.0,2759.5923612012084,-3.9150000000000063,-0.0561370805850302,-416.0,-0.0003439560067037828,-1.2012,-0.009501758837893393,0.10500000000000043,0.024590163934426368,0.0,0.0,0.1095499999999987,0.001328966123798292,0.4656999999999982,0.0031717707634519865,-0.6251000000000033,-0.006039135063695467,3.16,-737.0
2025-04-11,61.91,1208625.0,2.0,3.16,-737.0,124.0163,4.48,4.33,320.302,82.6516,147.7579,102.258,1.0,0.0,0.0,0.0,0.0,15.0,4.0,0.9709418174260521,-0.2393156642875575,0.8660254037844387,-0.4999999999999998,65.82499999999999,69.74,69.85499999999999,1209041.0,1209457.0,1207348.0,-2.0799999999999947,-7.31999999999999,-4.999999999999989,253.0,1243.0,-2357.0,125.2175,126.4187,127.3496,4.375,4.27,4.255,4.33,4.33,4.33,65.825,67.83999999999999,3.317300483827359,1209041.0,1208194.5,1172.1284912215253,-2.079999999999996,-3.5399999999999925,3.7522260059862917,253.0,-1052.0,1931.7530898124783,-3.914999999999992,-0.05947588302316742,-416.0,-0.0003440743531443191,-1.2012,-0.009592908339489337,0.10500000000000043,0.02400000000000002,0.0,0.0,0.1095499999999987,0.001327202316879772,0.4656999999999982,0.003161742441215587,-0.6251000000000033,-0.006075827808454504,-0.5099999999999998,213.5
2025-04-18,62.879999999999995,1210368.5,2.25,-0.5099999999999998,213.5,123.45105000000001,4.385,4.33,320.302,82.6516,147.7579,102.258,0.0,0.0,0.0,0.0,0.0,16.0,4.0,0.9350162426854148,-0.35460488704253545,0.8660254037844387,-0.4999999999999998,61.91,65.82499999999999,69.7975,1208625.0,1209041.0,1208402.5,3.16,-2.0799999999999947,-6.1599999999999895,-737.0,253.0,-557.0,124.0163,125.2175,126.88415,4.48,4.375,4.262499999999999,4.33,4.33,4.33,63.53833333333333,66.66791666666666,3.662951820822638,1209344.8333333333,1208873.6666666667,1021.2048602508721,0.1900000000000007,-2.9849999999999945,3.9405266145529136,-90.16666666666667,-323.5833333333333,1219.4482529680054,0.9699999999999989,0.01566790502342097,1743.5,0.0014425483503981429,-0.5652499999999918,-0.004557868602756199,-0.09500000000000064,-0.021205357142857317,0.0,0.0,0.0,0.0,0.0,0.0,0.0,0.0,-4.18,1164.0
2025-04-25,63.85,1212112.0,2.5,-4.18,1164.0,122.8858,4.29,4.33,320.302,82.6516,147.7579,102.258,1.0,1.0,0.0,0.0,0.0,17.0,4.0,0.8854560256532099,-0.4647231720437685,0.8660254037844387,-0.4999999999999998,62.879999999999995,61.91,69.74,1210368.5,1208625.0,1209457.0,-0.5099999999999998,3.16,-7.31999999999999,213.5,-737.0,1243.0,123.45105000000001,124.0163,126.4187,4.385,4.48,4.27,4.33,4.33,4.33,62.879999999999995,65.66708333333334,3.4310123931090466,1210368.5,1209667.6666666667,1384.978327122955,-0.510000000000001,-2.848333333333329,3.870257958672332,213.5,263.25,830.3193211048693,0.970000000000006,0.015426208651399653,1743.5,0.0014404704021957482,-0.565250000000006,-0.004578737888418116,-0.09499999999999975,-0.021664766248574607,0.0,0.0,0.0,0.0,0.0,0.0,0.0,0.0,2.7,4869.0
2025-05-02,59.67,1213276.0,1.0,2.7,4869.0,122.4962,4.33,4.33,320.62,82.6995,148.5073,100.222,1.0,0.0,0.0,0.0,0.0,18.0,5.0,0.8229838658936565,-0.5680647467311557,0.49999999999999994,-0.8660254037844387,63.85,62.879999999999995,65.82499999999999,1212112.0,1210368.5,1209041.0,-4.18,-0.5099999999999998,-2.0799999999999947,1164.0,213.5,253.0,122.8858,123.45105000000001,125.2175,4.29,4.385,4.375,4.33,4.33,4.33,62.13333333333333,63.979166666666664,3.48337539847026,1211918.8333333333,1210479.9166666667,1846.7131454561852,-0.6633333333333343,-1.3716666666666644,4.040497081630744,2082.1666666666665,1167.5833333333333,1953.4769621540752,-4.18,-0.06546593578700077,1164.0,0.0009603072983355165,-0.3896000000000015,-0.003170423271037004,0.040000000000000036,0.00932400932400923,0.0,0.0,0.0478999999999985,0.0005795411099118741,0.7493999999999801,0.005071810035199409,-2.0360000000000014,-0.01991042265641807,2.9850000000000003,5192.5
2025-05-09,60.1175,1218791.25,1.25,2.9850000000000003,5192.5,122.314,4.35,4.33,320.62,82.6995,148.5073,100.222,0.0,0.0,0.0,0.0,0.0,19.0,5.0,0.7485107481711013,-0.663122658240795,0.49999999999999994,-0.8660254037844387,59.67,63.85,61.91,1213276.0,1212112.0,1208625.0,2.7,-4.18,3.16,4869.0,1164.0,-737.0,122.4962,122.8858,124.0163,4.33,4.29,4.48,4.33,4.33,4.33,61.2125,62.37541666666666,2.322184540829572,1214726.4166666667,1212035.625,3756.6548941424985,0.5016666666666657,0.34583333333333394,3.0830867919451475,3741.8333333333335,1825.8333333333333,2556.3594948024647,0.447499999999998,0.007499581028992841,5515.25,0.0045457505134858245,-0.1822000000000088,-0.0014873930783160239,0.019999999999999574,0.004618937644341736,0.0,0.0,0.0,0.0,0.0,0.0,0.0,0.0,3.27,5516.0
2025-05-16,60.565,1224306.5,1.5,3.27,5516.0,122.1318,4.37,4.33,320.62,82.6995,148.5073,100.222,0.0,0.0,0.0,0.0,0.0,20.0,5.0,0.6631226582407952,-0.7485107481711012,0.49999999999999994,-0.8660254037844387,60.1175,59.67,62.879999999999995,1218791.25,1213276.0,1210368.5,2.9850000000000003,2.7,-0.5099999999999998,5192.5,4869.0,213.5,122.314,122.4962,123.45105000000001,4.35,4.33,4.385,4.33,4.33,4.33,60.11750000000001,61.498749999999994,1.6570710229200214,1218791.25,1214579.875,5887.777610753142,2.984999999999999,1.2374999999999998,3.0140599695427395,5192.5,2703.0,2800.066659920803,0.447499999999998,0.007443755977876609,5515.25,0.004525180173388987,-0.1821999999999946,-0.0014896087120035428,0.020000000000000462,0.0045977011494253706,0.0,0.0,0.0,0.0,0.0,0.0,0.0,0.0,3.5549999999999997,5839.5
2025-05-23,61.0125,1229821.75,1.75,3.5549999999999997,5839.5,121.9496,4.390000000000001,4.33,320.62,82.6995,148.5073,100.222,0.0,0.0,0.0,0.0,0.0,21.0,5.0,0.5680647467311558,-0.8229838658936564,0.49999999999999994,-0.8660254037844387,60.565,60.1175,63.85,1224306.5,1218791.25,1212112.0,3.27,2.9850000000000003,-4.18,5516.0,5192.5,1164.0,122.1318,122.314,122.8858,4.37,4.35,4.29,4.33,4.33,4.33,60.565,61.34916666666667,1.6530265172307046,1224306.5,1218112.6666666667,7685.05226342706,3.269999999999999,1.303333333333333,3.06827584592172,5516.0,3799.0833333333335,2449.387952462146,0.4475000000000051,0.007388755882110187,5515.25,0.004504795163629449,-0.1821999999999946,-0.0014918309563929366,0.020000000000000462,0.004576659038901809,0.0,0.0,0.0,0.0,0.0,0.0,0.0,0.0,3.84,6163.0
2025-05-30,61.46,1235337.0,2.0,3.84,6163.0,121.7674,4.41,4.33,320.62,82.6995,148.5073,100.222,1.0,1.0,0.0,0.0,0.0,22.0,5.0,0.46472317204376906,-0.8854560256532096,0.49999999999999994,-0.8660254037844387,61.0125,60.565,59.67,1229821.75,1224306.5,1213276.0,3.5549999999999997,3.27,2.7,5839.5,5516.0,4869.0,121.9496,122.1318,122.4962,4.390000000000001,4.37,4.33,4.33,4.33,4.33,61.012499999999996,61.112500000000004,1.4829194179055083,1229821.75,1222274.0833333333,9253.122184787631,3.5549999999999984,2.028333333333333,3.068039547767705,5839.5,4790.666666666667,1834.653963739947,0.447499999999998,0.0073345625896332756,5515.25,0.004484592990813496,-0.1822000000000088,-0.0014940598411147255,0.019999999999999574,0.004555808656036442,0.0,0.0,0.0,0.0,0.0,0.0,0.0,0.0,8.54000000000001,-6609.0
2025-06-06,65.3,1241500.0,5.0,8.54000000000001,-6609.0,121.161,4.51,4.33,321.435,83.3544,150.0627,99.1407,1.0,0.0,0.0,1.0,0.0,23.0,6.0,0.35460488704253584,-0.9350162426854147,1.2246467991473532e-16,-1.0,61.46,61.0125,60.1175,1235337.0,1229821.75,1218791.25,3.84,3.5549999999999997,2.9850000000000003,6163.0,5839.5,5192.5,121.7674,121.9496,122.314,4.41,4.390000000000001,4.35,4.33,4.33,4.33,62.590833333333336,61.354166666666664,2.034014913088857,1235552.9166666667,1227172.0833333333,10493.11070019816,5.311666666666668,4.148333333333334,2.1888962210819254,1797.8333333333333,3495.1666666666665,4971.107388365967,3.8399999999999963,0.06247966156849971,6163.0,0.004988922051229805,-0.6063999999999936,-0.004979986433150341,0.09999999999999964,0.0226757369614512,0.0,0.0,0.6548999999999978,0.007919032158598238,1.55540000000002,0.010473559212240913,-1.0812999999999988,-0.010789048312745741,-0.25999999999999446,1376.0
2025-06-13,70.50999999999999,1236109.5,5.0,-0.25999999999999446,1376.0,121.1009,4.445,4.33,321.435,83.3544,150.0627,99.1407,0.0,0.0,0.0,0.0,0.0,24.0,6.0,0.23931566428755768,-0.970941817426052,1.2246467991473532e-16,-1.0,65.3,61.46,60.565,1241500.0,1235337.0,1224306.5,8.54000000000001,3.84,3.27,-6609.0,6163.0,5516.0,121.161,121.7674,122.1318,4.51,4.41,4.37,4.33,4.33,4.33,65.75666666666666,63.16083333333333,4.05202871000044,1237648.8333333333,1230977.6666666667,8371.479659631039,4.040000000000004,3.6550000000000025,2.82247409199802,310.0,2913.0,4982.55927210104,5.209999999999994,0.07978560490045927,-5390.5,-0.00434192509061615,-0.06010000000000559,-0.0004960342024249442,-0.0649999999999995,-0.014412416851441123,0.0,0.0,0.0,0.0,0.0,0.0,0.0,0.0,-9.06,9361.0
2025-06-20,75.72,1230719.0,5.0,-9.06,9361.0,121.0408,4.38,4.33,321.435,83.3544,150.0627,99.1407,1.0,0.0,0.0,1.0,0.0,25.0,6.0,0.12053668025532308,-0.992708874098054,1.2246467991473532e-16,-1.0,70.50999999999999,65.3,61.0125,1236109.5,1241500.0,1229821.75,-0.25999999999999446,8.54000000000001,3.5549999999999997,1376.0,-6609.0,5839.5,121.1009,121.161,121.9496,4.445,4.51,4.390000000000001,4.33,4.33,4.33,70.50999999999999,65.76125,6.164291879445776,1236109.5,1232965.625,5970.839902702253,-0.25999999999999623,1.6475000000000024,5.947668240579665,1376.0,3607.75,5614.516949391109,5.210000000000008,0.07389022833640624,-5390.5,-0.004360859616401314,-0.06009999999999138,-0.000496280374464475,-0.06500000000000039,-0.014623172103487181,0.0,0.0,0.0,0.0,0.0,0.0,0.0,0.0,-8.125,9054.5
2025-06-27,74.49833333333333,1235570.0,4.5,-8.125,9054.5,121.06936666666667,4.355,4.33,321.7443333333333,83.49928333333332,150.26668333333333,98.96508333333333,0.0,0.0,0.0,0.0,0.0,26.0,6.0,-3.216245299353273e-16,-1.0,1.2246467991473532e-16,-1.0,75.72,70.50999999999999,61.46,1230719.0,1236109.5,1235337.0,-9.06,-0.25999999999999446,3.84,9361.0,1376.0,6163.0,121.0408,121.1009,121.7674,4.38,4.445,4.41,4.33,4.33,4.33,73.57611111111112,68.08347222222223,6.433844677792905,1234132.8333333333,1234842.875,4216.93167406154,-5.815,-0.25166666666666454,7.0441753716575395,6597.166666666667,4197.5,6025.825088732666,-1.221666666666664,-0.016134002465222674,4851.0,0.003941598366483223,0.028566666666662854,0.00023600857451921975,-0.024999999999999467,-0.0057077625570775,0.0,0.0,0.14488333333332548,0.001738160593002025,0.2039833333333263,0.0013593206928392831,-0.17561666666667008,-0.0017713882055166996,-7.19,8748.0
2025-07-04,73.27666666666667,1240421.0,4.0,-7.19,8748.0,121.09793333333333,4.33,4.33,322.0536666666667,83.64416666666666,150.47066666666666,98.78946666666667,0.0,0.0,0.0,0.0,0.0,27.0,7.0,-0.12053668025532283,-0.992708874098054,-0.4999999999999997,-0.8660254037844388,74.49833333333333,75.72,65.3,1235570.0,1230719.0,1241500.0,-8.125,-9.06,8.54000000000001,9054.5,9361.0,-6609.0,121.06936666666667,121.0408,121.161,4.355,4.38,4.51,4.33,4.33,4.33,74.49833333333333,70.1275,5.636915995865608,1235570.0,1236609.4166666667,3901.085213324919,-8.125000000000002,-2.042499999999998,7.245816551638603,9054.5,4682.25,6295.297147474457,-1.221666666666664,-0.01639857714937687,4851.0,0.003926123165826301,0.028566666666662854,0.00023595288761457667,-0.025000000000000355,-0.005740528128587941,0.0,0.0,0.1448833333333397,0.0017351446329778586,0.2039833333333263,0.0013574754483722806,-0.17561666666665587,-0.0017745315898450853,-6.255000000000001,8441.5
2025-07-11,72.055,1245272.0,3.5,-6.255000000000001,8441.5,121.1265,4.305,4.33,322.363,83.78905,150.67464999999999,98.61385,0.0,0.0,0.0,0.0,0.0,28.0,7.0,-0.23931566428755743,-0.9709418174260521,-0.4999999999999997,-0.8660254037844388,73.27666666666667,74.49833333333333,70.50999999999999,1240421.0,1235570.0,1236109.5,-7.19,-8.125,-0.25999999999999446,8748.0,9054.5,1376.0,121.09793333333333,121.06936666666667,121.1009,4.33,4.355,4.445,4.33,4.33,4.33,73.27666666666669,71.89333333333333,3.708228837479177,1240421.0,1238265.25,5158.738816315315,-7.190000000000001,-3.724999999999998,6.762629666039676,8748.0,5062.0,6468.816128164414,-1.221666666666664,-0.016671973797934725,4851.0,0.003910769005039505,0.028566666666662854,0.00023589722698269533,-0.025000000000000355,-0.005773672055427337,0.0,0.0,0.1448833333333397,0.001732139121078502,0.2039833333333263,0.0013556352068619937,-0.17561666666667008,-0.0017776861500754526,-5.32,8135.0
2025-07-18,70.83333333333333,1250123.0,3.0,-5.32,8135.0,121.15506666666667,4.28,4.33,322.6723333333333,83.93393333333333,150.87863333333334,98.43823333333333,0.0,0.0,0.0,0.0,0.0,29.0,7.0,-0.3546048870425356,-0.9350162426854148,-0.4999999999999997,-0.8660254037844388,72.055,73.27666666666667,75.72,1245272.0,1240421.0,1230719.0,-6.255000000000001,-7.19,-9.06,8441.5,8748.0,9361.0,121.1265,121.09793333333333,121.0408,4.305,4.33,4.38,4.33,4.33,4.33,72.055,72.81555555555555,2.0641413783049485,1245272.0,1239702.4166666667,7082.554203225506,-6.255000000000002,-6.035,3.122915304647212,8441.5,7519.333333333333,3040.660317540698,-1.2216666666666782,-0.016954641130617953,4851.0,0.0038955344695776883,0.028566666666677065,0.00023584159260514603,-0.024999999999999467,-0.00580720092915199,0.0,0.0,0.14488333333332548,0.0017291440031044214,0.20398333333335472,0.0013537999479895646,-0.17561666666667008,-0.0017808519459150407,-4.385,7828.5
2025-07-25,69.61166666666666,1254974.0,2.5,-4.385,7828.5,121.18363333333333,4.255000000000001,4.33,322.9816666666667,84.07881666666665,151.08261666666667,98.26261666666667,0.0,0.0,0.0,0.0,0.0,30.0,7.0,-0.46472317204376806,-0.8854560256532101,-0.4999999999999997,-0.8660254037844388,70.83333333333333,72.055,74.49833333333333,1250123.0,1245272.0,1235570.0,-5.32,-6.255000000000001,-8.125,8135.0,8441.5,9054.5,121.15506666666667,121.1265,121.06936666666667,4.28,4.305,4.355,4.33,4.33,4.33,70.83333333333333,72.66583333333334,2.2855290537546384,1250123.0,1242846.5,9075.38999161825,-5.320000000000001,-6.7225,1.7492248283167477,8135.0,8594.75,573.4089945231284,-1.221666666666664,-0.017247058823529393,4851.0,0.003880418166852362,0.028566666666662854,0.00023578598446283294,-0.024999999999999467,-0.005841121495327006,0.0,0.0,0.14488333333332548,0.0017261592252317826,0.2039833333333263,0.0013519696515453816,-0.17561666666665587,-0.0017840290374978585,-3.45,7522.0
2025-08-01,68.39,1259825.0,2.0,-3.45,7522.0,121.2122,4.23,4.33,323.291,84.2237,151.2866,98.087,1.0,0.0,0.0,0.0,0.0,31.0,8.0,-0.5680647467311556,-0.8229838658936566,-0.8660254037844385,-0.5000000000000004,69.61166666666666,70.83333333333333,73.27666666666667,1254974.0,1250123.0,1240421.0,-4.385,-5.32,-7.19,7828.5,8135.0,8748.0,121.18363333333333,121.15506666666667,121.09793333333333,4.255000000000001,4.28,4.33,4.33,4.33,4.33,69.61166666666666,71.44416666666666,2.2855290537546424,1254974.0,1247697.5,9075.389991618526,-4.385000000000002,-5.787500000000001,1.749224828316755,7828.5,8288.25,573.4089945231306,-1.221666666666664,-0.017549740225536903,4851.0,0.0038654187258062578,0.028566666666662854,0.00023573040253777044,-0.025000000000000355,-0.005875440658049458,0.0,0.0,0.1448833333333397,0.0017231847340066775,0.2039833333333263,0.0013501442974301892,-0.17561666666667008,-0.0017872174853882372,-2.46,7367.428571428572
2025-08-08,67.62285714285714,1262985.2857142857,2.142857142857143,-2.46,7367.428571428572,121.00842857142857,4.217142857142857,4.314285714285714,323.4272857142857,84.11902857142857,151.35155714285713,98.12954285714287,0.0,0.0,0.0,0.0,0.0,32.0,8.0,-0.663122658240795,-0.7485107481711013,-0.8660254037844385,-0.5000000000000004,68.39,69.61166666666666,72.055,1259825.0,1254974.0,1245272.0,-3.45,-4.385,-6.255000000000001,7522.0,7828.5,8441.5,121.2122,121.18363333333333,121.1265,4.23,4.255000000000001,4.305,4.33,4.33,4.33,68.54150793650793,70.29825396825396,2.168593657302438,1259261.4285714284,1252266.7142857143,8639.297866877097,-3.431666666666668,-4.843333333333335,1.7640058578889344,7572.642857142858,8007.071428571428,534.8633622959799,-0.7671428571428578,-0.011217178785536741,3160.285714285681,0.0025085116697045606,-0.20377142857142871,-0.0016811131929906908,-0.012857142857143344,-0.003039513677811634,-0.015714285714286014,-0.003629165291982872,-0.10467142857142164,-0.0012427787970775706,0.06495714285713916,0.00042936481391708803,0.042542857142862545,0.0004337257449291698,-1.4700000000000002,7212.857142857143
2025-08-15,66.85571428571428,1266145.5714285714,2.2857142857142856,-1.4700000000000002,7212.857142857143,120.80465714285714,4.204285714285715,4.298571428571429,323.56357142857144,84.01435714285714,151.41651428571427,98.17208571428571,0.0,0.0,0.0,0.0,0.0,33.0,8.0,-0.7485107481711011,-0.6631226582407952,-0.8660254037844385,-0.5000000000000004,67.62285714285714,68.39,70.83333333333333,1262985.2857142857,1259825.0,1250123.0,-2.46,-3.45,-5.32,7367.428571428572,7522.0,8135.0,121.00842857142857,121.2122,121.15506666666667,4.217142857142857,4.23,4.28,4.314285714285714,4.33,4.33,67.62285714285714,69.22809523809524,1.9810447380029839,1262985.2857142857,1256554.142857143,7939.733046968376,-2.4600000000000013,-3.8900000000000006,1.787626918571052,7367.428571428572,7751.214285714286,473.16339672467507,-0.7671428571428578,-0.01134443129964513,3160.285714285681,0.0025022347845473636,-0.20377142857142871,-0.0016839440936227135,-0.012857142857142456,-0.0030487804878047697,-0.015714285714285126,-0.0036423841059601836,-0.10467142857143585,-0.0012443252180753817,0.06495714285713916,0.0004291805388947356,0.042542857142848334,0.0004335377084634384,-0.4800000000000004,7058.285714285714
2025-08-22,66.08857142857143,1269305.857142857,2.4285714285714284,-0.4800000000000004,7058.285714285714,120.60088571428571,4.191428571428571,4.282857142857143,323.6998571428571,83.90968571428571,151.4814714285714,98.21462857142858,0.0,0.0,0.0,0.0,0.0,34.0,8.0,-0.8229838658936564,-0.5680647467311559,-0.8660254037844385,-0.5000000000000004,66.85571428571428,67.62285714285714,69.61166666666666,1266145.5714285714,1262985.2857142857,1254974.0,-1.4700000000000002,-2.46,-4.385,7212.857142857143,7367.428571428572,7828.5,120.80465714285714,121.00842857142857,121.18363333333333,4.204285714285715,4.217142857142857,4.255000000000001,4.298571428571429,4.314285714285714,4.33,66.85571428571428,68.23369047619047,1.76379508472727,1266145.5714285714,1260559.7857142857,7130.851644330717,-1.4700000000000013,-2.9275,1.8140831017348296,7212.857142857142,7520.678571428572,401.04696592492206,-0.7671428571428578,-0.011474604158208557,3160.285714285681,0.002495989233465501,-0.20377142857142871,-0.001686784544493669,-0.012857142857143344,-0.003058103975535298,-0.015714285714286014,-0.0036556995679628557,-0.10467142857142164,-0.0012458754923689863,0.06495714285713916,0.00042899642197924415,0.042542857142862545,0.00043334983496912116,0.5099999999999998,6903.714285714285
2025-08-29,65.32142857142857,1272466.142857143,2.571428571428571,0.5099999999999998,6903.714285714285,120.39711428571428,4.178571428571429,4.267142857142857,323.8361428571429,83.80501428571428,151.54642857142858,98.25717142857143,0.0,0.0,0.0,0.0,0.0,35.0,8.0,-0.8854560256532096,-0.4647231720437691,-0.8660254037844385,-0.5000000000000004,66.08857142857143,66.85571428571428,68.39,1269305.857142857,1266145.5714285714,1259825.0,-0.4800000000000004,-1.4700000000000002,-3.45,7058.285714285714,7212.857142857143,7522.0,120.60088571428571,120.80465714285714,121.2122,4.191428571428571,4.204285714285715,4.23,4.282857142857143,4.298571428571429,4.33,66.08857142857143,67.31503968253968,1.5629764065860128,1269305.857142857,1264283.642857143,6385.56807358908,-0.4800000000000015,-1.9558333333333335,1.837499433106458,7058.285714285714,7315.464285714285,333.0975947873202,-0.7671428571428578,-0.011607799057541834,3160.285714285914,0.0024897747824150773,-0.20377142857142871,-0.0016896345940127233,-0.012857142857142456,-0.0030674846625765584,-0.015714285714286014,-0.003669112741827907,-0.10467142857143585,-0.0012474296343790714,0.06495714285716758,0.00042881246296722075,0.042542857142848334,0.0004331621242339434,1.5,6749.142857142857
2025-09-05,64.55428571428571,1275626.4285714286,2.7142857142857144,1.5,6749.142857142857,120.19334285714285,4.1657142857142855,4.251428571428571,323.97242857142857,83.70034285714286,151.61138571428572,98.29971428571429,0.0,0.0,0.0,0.0,0.0,36.0,9.0,-0.9350162426854147,-0.3546048870425359,-1.0,-1.8369701987210297e-16,65.32142857142857,66.08857142857143,67.62285714285714,1272466.142857143,1269305.857142857,1262985.2857142857,0.5099999999999998,-0.4800000000000004,-2.46,6903.714285714285,7058.285714285714,7367.428571428572,120.39711428571428,120.60088571428571,121.00842857142857,4.178571428571429,4.191428571428571,4.217142857142857,4.267142857142857,4.282857142857143,4.314285714285714,65.32142857142857,66.47214285714286,1.4351928690700986,1272466.142857143,1267725.7142857143,5912.353193586368,0.5099999999999986,-0.9750000000000005,1.852120406453078,6903.714285714285,7135.571428571428,289.1766637493095,-0.7671428571428578,-0.011744122471295748,3160.285714285681,0.002483591199676116,-0.20377142857142871,-0.0016924942909167795,-0.012857142857143344,-0.0030769230769231992,-0.015714285714286014,-0.0036826247070640417,-0.10467142857142164,-0.001248987658597267,0.06495714285713916,0.0004286286616548285,0.042542857142862545,0.00043297457604696277,2.4899999999999993,6594.571428571428
2025-09-12,63.78714285714286,1278786.7142857143,2.857142857142857,2.4899999999999993,6594.571428571428,119.98957142857142,4.152857142857143,4.235714285714286,324.1087142857143,83.59567142857142,151.67634285714286,98.34225714285714,0.0,0.0,0.0,0.0,0.0,37.0,9.0,-0.970941817426052,-0.23931566428755774,-1.0,-1.8369701987210297e-16,64.55428571428571,65.32142857142857,66.85571428571428,1275626.4285714286,1272466.142857143,1266145.5714285714,1.5,0.5099999999999998,-1.4700000000000002,6749.142857142857,6903.714285714285,7212.857142857143,120.19334285714285,120.39711428571428,120.80465714285714,4.1657142857142855,4.178571428571429,4.204285714285715,4.251428571428571,4.267142857142857,4.298571428571429,64.55428571428571,65.705,1.4351928690701048,1275626.4285714286,1270886.0,5912.35319358681,1.4999999999999984,0.014999999999999458,1.8521204064530854,6749.142857142858,6981.0,289.1766637493121,-0.7671428571428507,-0.011883685934318766,3160.285714285681,0.0024774382558261365,-0.20377142857142871,-0.0016953636842734765,-0.012857142857142456,-0.0030864197530863224,-0.015714285714285126,-0.003696236559139643,-0.10467142857143585,-0.001250549579588811,0.06495714285713916,0.0004284450178402288,0.042542857142848334,0.00043278719019657075,3.48,6440.0
2025-09-19,63.02,1281947.0,3.0,3.48,6440.0,119.7858,4.14,4.22,324.245,83.491,151.7413,98.3848,1.0,0.0,0.0,0.0,0.0,38.0,9.0,-0.992708874098054,-0.12053668025532357,-1.0,-1.8369701987210297e-16,63.78714285714286,64.55428571428571,66.08857142857143,1278786.7142857143,1275626.4285714286,1269305.857142857,2.4899999999999993,1.5,-0.4800000000000004,6594.571428571428,6749.142857142857,7058.285714285714,119.98957142857142,120.19334285714285,120.60088571428571,4.152857142857143,4.1657142857142855,4.191428571428571,4.235714285714286,4.251428571428571,4.282857142857143,63.78714285714287,64.93785714285714,1.435192869070111,1278786.7142857143,1274046.2857142857,5912.353193587252,2.4899999999999984,1.0049999999999994,1.8521204064530932,6594.571428571428,6826.428571428572,289.1766637493144,-0.7671428571428578,-0.012026606347002367,3160.285714285681,0.0024713157237099548,-0.20377142857142871,-0.00169824282348352,-0.012857142857143344,-0.003095975232198289,-0.015714285714286014,-0.003709949409780866,-0.10467142857142164,-0.001252115411990662,0.06495714285713916,0.000428261531320695,0.042542857142862545,0.0004325999664729352,-4.85,-1230.0
2025-09-26,66.5,1288387.0,3.5,-4.85,-1230.0,120.4349,4.2,4.22,324.245,83.491,151.7413,98.3848,1.0,0.0,0.0,0.0,1.0,39.0,9.0,-1.0,-1.8369701987210297e-16,-1.0,-1.8369701987210297e-16,63.02,63.78714285714286,65.32142857142857,1281947.0,1278786.7142857143,1272466.142857143,3.48,2.4899999999999993,0.5099999999999998,6440.0,6594.571428571428,6903.714285714285,119.7858,119.98957142857142,120.39711428571428,4.14,4.152857142857143,4.178571428571429,4.22,4.235714285714286,4.267142857142857,64.4357142857143,64.87857142857142,1.344612834042022,1283040.238095238,1277753.1904761905,6863.928087409478,0.3733333333333319,0.44166666666666615,2.9462886258251446,3934.8571428571427,5419.285714285714,3264.797815410666,3.479999999999997,0.05522056490003169,6440.0,0.005023608620325248,0.6491000000000042,0.00541883929480802,0.0600000000000005,0.01449275362318847,0.0,0.0,0.0,0.0,0.0,0.0,0.0,0.0,-3.15,-2701.0
2025-10-03,63.125,1288603.5,2.25,-3.15,-2701.0,120.7756,4.125,4.154999999999999,324.4236,83.0488,151.2308,99.70625,0.0,0.0,0.0,0.0,0.0,40.0,10.0,-0.992708874098054,0.1205366802553232,-0.8660254037844386,0.5000000000000001,66.5,63.02,64.55428571428571,1288387.0,1281947.0,1275626.4285714286,-4.85,3.48,1.5,-1230.0,6440.0,6749.142857142857,120.4349,119.7858,120.19334285714285,4.2,4.14,4.1657142857142855,4.22,4.22,4.251428571428571,64.215,64.38464285714285,1.355510126883148,1286312.5,1280969.4642857143,6631.331947003119,-1.5066666666666677,-0.0033333333333337065,3.294405358583944,836.3333333333334,3792.7380952380954,4487.16614394892,-3.375,-0.050751879699248104,216.5,0.0001680395719609873,0.3406999999999982,0.0028289142100836884,-0.07500000000000018,-0.017857142857142905,-0.06500000000000039,-0.01540284360189581,-0.4421999999999997,-0.005296379250458116,-0.5105000000000075,-0.003364278545129107,1.3214499999999987,0.013431444694709027,-1.45,-4172.0
2025-10-10,59.75,1288820.0,1.0,-1.45,-4172.0,121.1163,4.05,4.09,324.6022,82.6066,150.7203,101.0277,0.0,0.0,1.0,0.0,0.0,41.0,10.0,-0.9709418174260521,0.23931566428755738,-0.8660254037844386,0.5000000000000001,63.125,66.5,63.78714285714286,1288603.5,1288387.0,1278786.7142857143,-3.15,-4.85,2.4899999999999993,-2701.0,-1230.0,6594.571428571428,120.7756,120.4349,119.98957142857142,4.125,4.2,4.152857142857143,4.154999999999999,4.22,4.235714285714286,63.125,63.45607142857143,2.218824737172108,1288603.5,1283695.107142857,5737.987081412036,-3.1500000000000017,-0.33000000000000035,3.330303289491804,-2701.0,1946.7857142857144,5176.6193394641605,-3.375,-0.05346534653465351,216.5,0.00016801133940735902,0.3406999999999982,0.002820934029721167,-0.07500000000000018,-0.018181818181818188,-0.0649999999999995,-0.015643802647412608,-0.4421999999999997,-0.005324580246794608,-0.5104999999999791,-0.0033756351219459413,1.3214499999999987,0.013253431956371742,3.97000000000001,-15903.0
2025-10-17,58.3,1284648.0,2.5,3.97000000000001,-15903.0,120.7028,4.02,4.09,324.7808,82.6066,150.7203,101.0277,1.0,1.0,0.0,0.0,0.0,42.0,10.0,-0.9350162426854148,0.35460488704253557,-0.8660254037844386,0.5000000000000001,59.75,63.125,63.02,1288820.0,1288603.5,1281947.0,-1.45,-3.15,3.48,-4172.0,-2701.0,6440.0,121.1163,120.7756,119.7858,4.05,4.125,4.14,4.09,4.154999999999999,4.22,60.39166666666667,62.413690476190474,2.948747725096147,1287357.1666666667,1285198.7023809524,4168.023939477781,-0.2099999999999982,0.08166666666666796,3.7303855922232256,-7592.0,-1828.5714285714284,8294.808322200153,-1.4500000000000028,-0.024267782426778295,-4172.0,-0.0032370695675113526,-0.4134999999999991,-0.0034140739107783036,-0.03000000000000025,-0.007407407407407418,0.0,0.0,0.0,0.0,0.0,0.0,0.0,0.0,3.028571428571437,-13325.571428571428
2025-10-24,58.575714285714284,1282957.142857143,2.2857142857142856,3.028571428571437,-13325.571428571428,120.70044285714286,4.0371428571428565,4.037142857142857,324.9594,82.4876,150.55534285714288,100.88885714285713,0.0,0.0,0.0,0.0,0.0,43.0,10.0,-0.8854560256532101,0.464723172043768,-0.8660254037844386,0.5000000000000001,58.3,59.75,66.5,1284648.0,1288820.0,1288387.0,3.97000000000001,-1.45,-4.85,-15903.0,-4172.0,-1230.0,120.7028,121.1163,120.4349,4.02,4.05,4.2,4.09,4.09,4.22,58.8752380952381,61.545119047619046,3.218470368607838,1285475.0476190476,1285893.7738095238,3094.329323802261,1.849523809523814,0.17142857142857423,3.8056462885388282,-11133.52380952381,-5148.595238095238,8235.47873949703,0.2757142857142867,0.004729233031119939,-1690.857142857043,-0.0013162026818684947,-0.002357142857135841,-1.9528485313835553e-05,0.017142857142856904,0.004264392324093702,-0.05285714285714249,-0.012923506811037266,-0.11899999999999977,-0.0014405628605946852,-0.16495714285713348,-0.0010944586950605295,-0.13884285714286193,-0.0013743048405819858,2.0871428571428643,-10748.142857142857
2025-10-31,58.85142857142857,1281266.2857142857,2.0714285714285716,2.0871428571428643,-10748.142857142857,120.69808571428571,4.054285714285714,3.9842857142857144,325.13800000000003,82.3686,150.3903857142857,100.75001428571429,0.0,0.0,0.0,0.0,0.0,44.0,10.0,-0.822983865893657,0.5680647467311548,-0.8660254037844386,0.5000000000000001,58.575714285714284,58.3,63.125,1282957.142857143,1284648.0,1288603.5,3.028571428571437,3.97000000000001,-3.15,-13325.571428571428,-15903.0,-2701.0,120.70044285714286,120.7028,120.7756,4.0371428571428565,4.02,4.125,4.037142857142857,4.09,4.154999999999999,58.57571428571429,60.85035714285715,3.285644152978415,1282957.142857143,1285780.3214285716,3275.172170505743,3.0285714285714356,-0.060714285714281724,3.60040811178796,-13325.571428571428,-8013.285714285714,6114.511184761343,0.2757142857142867,0.004706972660537101,-1690.857142857276,-0.0013179373545493256,-0.002357142857150052,-1.952886668310505e-05,0.017142857142857792,0.004246284501061792,-0.052857142857142936,-0.013092710544939878,-0.11899999999999977,-0.00144264107574954,-0.1649571428571619,-0.0010956578473185763,-0.13884285714284772,-0.0013761961536172818,1.1457142857142912,-8170.714285714285
2025-11-07,59.12714285714286,1279575.4285714286,1.8571428571428572,1.1457142857142912,-8170.714285714285,120.69572857142857,4.071428571428571,3.9314285714285715,325.3166,82.2496,150.22542857142858,100.61117142857142,0.0,0.0,0.0,0.0,0.0,45.0,11.0,-0.7485107481711011,0.6631226582407952,-0.5000000000000004,0.8660254037844384,58.85142857142857,58.575714285714284,59.75,1281266.2857142857,1282957.142857143,1288820.0,2.0871428571428643,3.028571428571437,-1.45,-10748.142857142857,-13325.571428571428,-4172.0,120.69808571428571,120.70044285714286,121.1163,4.054285714285714,4.0371428571428565,4.05,3.9842857142857144,4.037142857142857,4.09,58.85142857142858,59.62154761904762,1.7870900081641585,1281266.2857142857,1284311.7261904762,3805.2346599389193,2.0871428571428625,0.9385714285714334,2.732818086495613,-10748.142857142857,-9170.07142857143,5155.950633659601,0.2757142857142867,0.0046849208661035036,-1690.857142857043,-0.0013196766056435827,-0.002357142857135841,-1.9529248067029492e-05,0.017142857142856904,0.0042283298097252064,-0.052857142857142936,-0.013266403728935172,-0.11899999999999977,-0.0014447252958044166,-0.16495714285713348,-0.0010968596301795808,-0.13884285714286193,-0.0013780926794623172,0.20428571428571818,-5593.285714285714
2025-11-14,59.40285714285714,1277884.5714285714,1.6428571428571428,0.20428571428571818,-5593.285714285714,120.69337142857142,4.088571428571428,3.8785714285714286,325.4952,82.1306,150.06047142857142,100.47232857142858,0.0,0.0,0.0,0.0,0.0,46.0,11.0,-0.6631226582407955,0.7485107481711007,-0.5000000000000004,0.8660254037844384,59.12714285714286,58.85142857142857,58.3,1279575.4285714286,1281266.2857142857,1284648.0,1.1457142857142912,2.0871428571428643,3.97000000000001,-8170.714285714285,-10748.142857142857,-15903.0,120.69572857142857,120.69808571428571,120.7028,4.071428571428571,4.054285714285714,4.02,3.9314285714285715,3.9842857142857144,4.09,59.127142857142864,59.00119047619048,0.5353582944184484,1279575.4285714286,1282525.238095238,3902.276558645697,1.1457142857142897,1.4976190476190532,1.964129690773211,-8170.714285714285,-9652.119047619048,4527.017255090963,0.2757142857142796,0.004663074730000716,-1690.857142857276,-0.0013214204533023022,-0.002357142857150052,-1.952962946616399e-05,0.017142857142856904,0.004210526315789442,-0.052857142857142936,-0.013444767441860517,-0.11899999999999977,-0.0014468155468233546,-0.1649571428571619,-0.0010980640523100549,-0.13884285714284772,-0.001379994439697163,-0.7371428571428544,-3015.8571428571413
2025-11-21,59.67857142857142,1276193.7142857143,1.4285714285714286,-0.7371428571428544,-3015.8571428571413,120.69101428571429,4.105714285714285,3.8257142857142856,325.6738,82.0116,149.89551428571428,100.33348571428571,0.0,0.0,0.0,0.0,0.0,47.0,11.0,-0.5680647467311559,0.8229838658936564,-0.5000000000000004,0.8660254037844384,59.40285714285714,59.12714285714286,58.575714285714284,1277884.5714285714,1279575.4285714286,1282957.142857143,0.20428571428571818,1.1457142857142912,3.028571428571437,-5593.285714285714,-8170.714285714285,-13325.571428571428,120.69337142857142,120.69572857142857,120.70044285714286,4.088571428571428,4.071428571428571,4.0371428571428565,3.8785714285714286,3.9314285714285715,4.037142857142857,59.40285714285714,58.98928571428572,0.5158141968922079,1277884.5714285716,1280420.857142857,3163.3040592777684,0.2042857142857167,1.6164285714285773,1.7612515842028762,-5593.285714285714,-9459.42857142857,4821.927326583977,0.2757142857142867,0.0046414313885816405,-1690.857142857043,-0.0013231689157705562,-0.002357142857135841,-1.953001087995343e-05,0.017142857142856904,0.00419287211740027,-0.052857142857142936,-0.01362799263351755,-0.11899999999999977,-0.0014489118550211622,-0.16495714285713348,-0.001099271122413148,-0.13884285714286193,-0.0013819014560227938,-1.6785714285714275,-438.42857142857065
2025-11-28,59.95428571428571,1274502.857142857,1.2142857142857144,-1.6785714285714275,-438.42857142857065,120.68865714285714,4.122857142857143,3.772857142857143,325.8524,81.8926,149.73055714285712,100.19464285714287,0.0,0.0,0.0,0.0,0.0,48.0,11.0,-0.4647231720437684,0.88545602565321,-0.5000000000000004,0.8660254037844384,59.67857142857142,59.40285714285714,58.85142857142857,1276193.7142857143,1277884.5714285714,1281266.2857142857,-0.7371428571428544,0.20428571428571818,2.0871428571428643,-3015.8571428571413,-5593.285714285714,-10748.142857142857,120.69101428571429,120.69337142857142,120.69808571428571,4.105714285714285,4.088571428571428,4.054285714285714,3.8257142857142856,3.8785714285714286,3.9842857142857144,59.67857142857142,59.26499999999999,0.5158141968922015,1276193.7142857143,1278730.0,3163.30405927709,-0.7371428571428562,0.6750000000000044,1.7612515842028689,-3015.8571428571413,-6881.999999999999,4821.927326583975,0.2757142857142867,0.004619988031119071,-1690.857142857276,-0.0013249220113920046,-0.002357142857150052,-1.9530392308841904e-05,0.017142857142857792,0.00417536534446783,-0.05285714285714249,-0.013816280806571934,-0.11899999999999977,-0.001451014246765081,-0.1649571428571619,-0.0011004808492316442,-0.13884285714284772,-0.0013838137502590886,-2.62,2139.0
2025-12-05,60.23,1272812.0,1.0,-2.62,2139.0,120.6863,4.14,3.72,326.031,81.7736,149.5656,100.0558,1.0,0.0,0.0,0.0,0.0,49.0,12.0,-0.35460488704253595,0.9350162426854147,-2.4492935982947064e-16,1.0,59.95428571428571,59.67857142857142,59.12714285714286,1274502.857142857,1276193.7142857143,1279575.4285714286,-1.6785714285714275,-0.7371428571428544,1.1457142857142912,-438.42857142857065,-3015.8571428571413,-8170.714285714285,120.68865714285714,120.69101428571429,120.69572857142857,4.122857142857143,4.105714285714285,4.071428571428571,3.772857142857143,3.8257142857142856,3.9314285714285715,59.95428571428571,59.54071428571428,0.5158141968921952,1274502.857142857,1277039.142857143,3163.3040592762745,-1.6785714285714288,-0.2664285714285684,1.7612515842028615,-438.42857142857065,-4304.571428571428,4821.927326583972,0.2757142857142867,0.004598741898589331,-1690.857142857043,-0.0013266797586061196,-0.002357142857135841,-1.9530773752385322e-05,0.017142857142856904,0.004158004158004047,-0.052857142857142936,-0.014009844755774381,-0.11899999999999977,-0.0014531227485755638,-0.16495714285713348,-0.0011016932415455205,-0.13884285714286193,-0.0013857313443476071,-1.7028571428571428,-1778.0
2025-12-12,60.29714285714285,1276817.7142857143,1.1428571428571428,-1.7028571428571428,-1778.0,120.43077142857143,4.154285714285714,3.7085714285714286,326.11057142857146,81.92254285714286,149.54391428571427,99.95127142857143,0.0,0.0,0.0,0.0,0.0,50.0,12.0,-0.2393156642875578,0.970941817426052,-2.4492935982947064e-16,1.0,60.23,59.95428571428571,59.40285714285714,1272812.0,1274502.857142857,1277884.5714285714,-2.62,-1.6785714285714275,0.20428571428571818,2139.0,-438.42857142857065,-5593.285714285714,120.6863,120.68865714285714,120.69337142857142,4.14,4.122857142857143,4.088571428571428,3.72,3.772857142857143,3.8785714285714286,60.160476190476196,59.78166666666666,0.46455193832617814,1274710.8571428573,1276297.7142857143,2404.764386609417,-2.0004761904761916,-0.8980952380952362,1.3885278260839604,-25.80952380952355,-2809.5476190476184,3679.899156134557,0.06714285714285495,0.0011147743174970692,4005.714285714319,0.0031471374293410292,-0.2555285714285702,-0.002117295595511437,0.014285714285714235,0.003450655624568588,-0.011428571428571566,-0.003072196620583778,0.14894285714285616,0.001821405161847478,-0.021685714285723634,-0.00014499132344414356,-0.10452857142857397,-0.0010447027701400158,-0.7857142857142858,-5695.0
2025-12-19,60.364285714285714,1280823.4285714286,1.2857142857142856,-0.7857142857142858,-5695.0,120.17524285714286,4.168571428571428,3.6971428571428575,326.19014285714286,82.07148571428571,149.52222857142857,99.84674285714286,0.0,0.0,0.0,0.0,0.0,51.0,12.0,-0.12053668025532363,0.992708874098054,-2.4492935982947064e-16,1.0,60.29714285714285,60.23,59.67857142857142,1276817.7142857143,1272812.0,1276193.7142857143,-1.7028571428571428,-2.62,-0.7371428571428544,-1778.0,2139.0,-3015.8571428571413,120.43077142857143,120.6863,120.69101428571429,4.154285714285714,4.14,4.105714285714285,3.7085714285714286,3.72,3.8257142857142856,60.29714285714286,59.98785714285714,0.3834055241120189,1276817.7142857143,1276505.7142857143,2771.0486691024107,-1.7028571428571446,-1.219999999999999,0.9852698791162704,-1778.0,-2396.9285714285706,3042.0548825034957,0.06714285714286206,0.0011135329795299853,4005.714285714319,0.003137264028291842,-0.2555285714285702,-0.0021217880480001172,0.014285714285714235,0.003438789546079679,-0.011428571428571122,-0.0030816640986132127,0.14894285714285616,0.001818093676640098,-0.021685714285695212,-0.00014501234897634774,-0.10452857142857397,-0.001045795315403053,0.13142857142857123,-9612.0
2025-12-26,60.43142857142857,1284829.142857143,1.4285714285714286,0.13142857142857123,-9612.0,119.91971428571429,4.182857142857142,3.685714285714286,326.2697142857143,82.22042857142857,149.50054285714285,99.74221428571428,0.0,0.0,0.0,0.0,0.0,52.0,12.0,6.432490598706546e-16,1.0,-2.4492935982947064e-16,1.0,60.364285714285714,60.29714285714285,59.95428571428571,1280823.4285714286,1276817.7142857143,1274502.857142857,-0.7857142857142858,-1.7028571428571428,-1.6785714285714275,-5695.0,-1778.0,-438.42857142857065,120.17524285714286,120.43077142857143,120.68865714285714,4.168571428571428,4.154285714285714,4.122857142857143,3.6971428571428575,3.7085714285714286,3.772857142857143,60.36428571428572,60.15928571428571,0.287472802619894,1280823.4285714286,1277663.142857143,4421.174604292484,-0.7857142857142874,-1.232142857142857,0.964434380074299,-5695.0,-3066.714285714285,4133.264299730743,0.06714285714285495,0.0011122944030292903,4005.714285714319,0.0031274523844260216,-0.2555285714285702,-0.0021262996050885885,0.014285714285714235,0.0034270047978066653,-0.011428571428571566,-0.0030911901081916993,0.14894285714285616,0.0018147942107611392,-0.021685714285723634,-0.00014503338060778415,-0.10452857142857397,-0.0010468901482157955,1.0485714285714285,-13529.0
2026-01-02,60.49857142857143,1288834.857142857,1.5714285714285714,1.0485714285714285,-13529.0,119.66418571428571,4.1971428571428575,3.6742857142857144,326.3492857142857,82.36937142857143,149.47885714285715,99.63768571428572,0.0,0.0,0.0,0.0,0.0,1.0,1.0,0.12053668025532305,0.992708874098054,0.49999999999999994,0.8660254037844387,60.43142857142857,60.364285714285714,60.23,1284829.142857143,1280823.4285714286,1272812.0,0.13142857142857123,-0.7857142857142858,-2.62,-9612.0,-5695.0,2139.0,119.91971428571429,120.17524285714286,120.6863,4.182857142857142,4.168571428571428,4.14,3.685714285714286,3.6971428571428575,3.72,60.43142857142857,60.29595238095238,0.19243958324241425,1284829.142857143,1279770.0,6224.930875775184,0.13142857142856967,-0.9345238095238099,1.3472815916039036,-9612.0,-4818.9047619047615,5940.625825389024,0.06714285714286206,0.0011110585787907912,4005.714285714086,0.0031177019201218403,-0.25552857142858443,-0.00213083038890316,0.014285714285715123,0.003415300546448341,-0.011428571428571566,-0.0031007751937984773,0.14894285714285616,0.0018115066988912965,-0.021685714285695212,-0.00014505441834022914,-0.10452857142855976,-0.001047987275770046,1.9657142857142853,-17446.0
2026-01-09,60.565714285714286,1292840.5714285714,1.7142857142857142,1.9657142857142853,-17446.0,119.40865714285714,4.211428571428572,3.662857142857143,326.42885714285717,82.51831428571428,149.45717142857143,99.53315714285715,0.0,0.0,0.0,0.0,0.0,2.0,1.0,0.23931566428755774,0.970941817426052,0.49999999999999994,0.8660254037844387,60.49857142857143,60.43142857142857,60.29714285714285,1288834.857142857,1284829.142857143,1276817.7142857143,1.0485714285714285,0.13142857142857123,-1.7028571428571428,-13529.0,-9612.0,-1778.0,119.66418571428571,119.91971428571429,120.43077142857143,4.1971428571428575,4.182857142857142,4.154285714285714,3.6742857142857144,3.685714285714286,3.7085714285714286,60.49857142857144,60.39785714285714,0.12561278370374843,1288834.857142857,1282826.2857142857,7494.005223226225,1.0485714285714267,-0.3271428571428577,1.7158171730777456,-13529.0,-7653.5,7328.035991996773,0.06714285714285495,0.001109825497650485,4005.714285714319,0.0031080120649393805,-0.2555285714285702,-0.002135380522612529,0.014285714285714235,0.003403675970047537,-0.011428571428571566,-0.0031104199066874783,0.14894285714285616,0.001808231076183553,-0.021685714285723634,-0.00014507546217723544,-0.10452857142857397,-0.0010490867052885822,2.8828571428571426,-21363.0
2026-01-16,60.63285714285715,1296846.2857142857,1.8571428571428572,2.8828571428571426,-21363.0,119.15312857142857,4.225714285714286,3.6514285714285717,326.50842857142857,82.66725714285714,149.43548571428573,99.42862857142858,0.0,0.0,0.0,0.0,0.0,3.0,1.0,0.3546048870425356,0.9350162426854148,0.49999999999999994,0.8660254037844387,60.565714285714286,60.49857142857143,60.364285714285714,1292840.5714285714,1288834.857142857,1280823.4285714286,1.9657142857142853,1.0485714285714285,-0.7857142857142858,-17446.0,-13529.0,-5695.0,119.40865714285714,119.66418571428571,120.17524285714286,4.211428571428572,4.1971428571428575,4.168571428571428,3.662857142857143,3.6742857142857144,3.6971428571428575,60.5657142857143,60.464999999999996,0.12561278370374632,1292840.5714285714,1286832.0,7494.0052232272765,1.9657142857142837,0.5899999999999994,1.715817173077753,-17446.0,-11570.5,7328.035991996775,0.06714285714286206,0.0011085951504858915,4005.714285714319,0.0030983822555072926,-0.2555285714285702,-0.002139950130440438,0.014285714285714235,0.0033921302578019397,-0.011428571428571122,-0.0031201248049921304,0.14894285714285616,0.0018049672782596282,-0.021685714285695212,-0.0001450965121205794,-0.10452857142857397,-0.001050188444023159,3.8,-25280.0
2026-01-23,60.7,1300852.0,2.0,3.8,-25280.0,118.8976,4.24,3.64,326.588,82.8162,149.4138,99.3241,1.0,1.0,0.0,0.0,0.0,4.0,1.0,0.4647231720437685,0.8854560256532099,0.49999999999999994,0.8660254037844387,60.63285714285715,60.565714285714286,60.43142857142857,1296846.2857142857,1292840.5714285714,1284829.142857143,2.8828571428571426,1.9657142857142853,0.13142857142857123,-21363.0,-17446.0,-9612.0,119.15312857142857,119.40865714285714,119.91971428571429,4.225714285714286,4.211428571428572,4.182857142857142,3.6514285714285717,3.662857142857143,3.685714285714286,60.63285714285715,60.532142857142865,0.12561278370374424,1296846.2857142857,1290837.7142857143,7494.005223228329,2.882857142857141,1.5071428571428565,1.7158171730777607,-21363.0,-15487.5,7328.035991996777,0.06714285714285495,0.0011073675282142759,4005.714285714319,0.0030888119354159915,-0.2555285714285702,-0.002144539337675777,0.014285714285714235,0.0033806626098715764,-0.011428571428571566,-0.003129890453834161,0.14894285714285616,0.0018017152412044268,-0.021685714285723634,-0.00014511756817381372,-0.10452857142857397,-0.0010512924992571726,3.7466666666666666,-13127.0
2026-01-30,61.483333333333334,1285492.3333333333,2.3333333333333335,3.7466666666666666,-13127.0,118.44033333333333,4.173333333333334,3.64,326.8786666666667,83.0355,150.0839,99.52846666666667,0.0,0.0,0.0,0.0,0.0,5.0,1.0,0.5680647467311558,0.8229838658936564,0.49999999999999994,0.8660254037844387,60.7,60.63285714285715,60.49857142857143,1300852.0,1296846.2857142857,1288834.857142857,3.8,2.8828571428571426,1.0485714285714285,-25280.0,-21363.0,-13529.0,118.8976,119.15312857142857,119.66418571428571,4.24,4.225714285714286,4.1971428571428575,3.64,3.6514285714285717,3.6742857142857144,60.93873015873017,60.718650793650795,0.38646316679694814,1294396.873015873,1291615.865079365,6410.220567837861,3.4765079365079345,2.262539682539682,1.486920958901199,-19923.333333333332,-16726.166666666668,5813.324192462248,0.7833333333333314,0.012904997254255868,-15359.666666666744,-0.011807389823490055,-0.45726666666666915,-0.0038458864322464814,-0.06666666666666643,-0.01572327044025157,0.0,0.0,0.21930000000000405,0.0026480326312967595,0.6700999999999908,0.004484860166865445,0.20436666666667236,0.0020575738080352846,3.6933333333333334,-974.0
2026-02-06,62.266666666666666,1270132.6666666667,2.6666666666666665,3.6933333333333334,-974.0,117.98306666666667,4.1066666666666665,3.64,327.1693333333333,83.2548,150.75400000000002,99.73283333333333,0.0,0.0,0.0,0.0,0.0,6.0,2.0,0.6631226582407952,0.7485107481711011,0.8660254037844386,0.5000000000000001,61.483333333333334,60.7,60.565714285714286,1285492.3333333333,1300852.0,1292840.5714285714,3.7466666666666666,3.8,1.9657142857142853,-13127.0,-25280.0,-17446.0,118.44033333333333,118.8976,119.40865714285714,4.173333333333334,4.24,4.211428571428572,3.64,3.64,3.662857142857143,61.48333333333334,61.02452380952382,0.7070043314703139,1285492.3333333333,1289166.4523809522,10815.961526896253,3.746666666666665,2.8561904761904757,1.1354010749101195,-13127.0,-15286.5,8414.953802606415,0.7833333333333314,0.012740580103008936,-15359.666666666511,-0.011948470067369654,-0.45726666666665494,-0.0038607343782099957,-0.06666666666666732,-0.015974440894568898,0.0,0.0,0.21930000000000405,0.0026410390736493206,0.6701000000000192,0.004464836001729866,0.20436666666665815,0.0020533488911378406,3.64,11179.0
2026-02-13,63.05,1254773.0,3.0,3.64,11179.0,117.5258,4.04,3.64,327.46,83.4741,151.4241,99.9372,1.0,0.0,0.0,0.0,0.0,7.0,2.0,0.7485107481711011,0.6631226582407953,0.8660254037844386,0.5000000000000001,62.266666666666666,61.483333333333334,60.63285714285715,1270132.6666666667,1285492.3333333333,1296846.2857142857,3.6933333333333334,3.7466666666666666,2.8828571428571426,-974.0,-13127.0,-21363.0,117.98306666666667,118.44033333333333,119.15312857142857,4.1066666666666665,4.173333333333334,4.225714285714286,3.64,3.64,3.6514285714285717,62.26666666666667,61.44976190476191,1.0237420465034215,1270132.6666666667,1283489.4761904762,17744.61257977699,3.6933333333333316,3.288095238095238,0.7312042686826445,-974.0,-11168.5,13781.462748924736,0.7833333333333314,0.012580299785867277,-15359.666666666744,-0.012092962467437851,-0.45726666666666915,-0.003875697416465429,-0.06666666666666643,-0.016233766233766156,0.0,0.0,0.21930000000000405,0.0026340823592154727,0.6700999999999908,0.004444989851015491,0.20436666666667236,0.0020491412891441296,3.64,11179.0
2026-02-20,63.05,1254773.0,3.0,3.64,11179.0,117.5258,4.04,3.64,327.46,83.4741,151.4241,99.9372,0.0,0.0,0.0,0.0,0.0,8.0,2.0,0.8229838658936564,0.5680647467311559,0.8660254037844386,0.5000000000000001,63.05,62.266666666666666,60.7,1254773.0,1270132.6666666667,1300852.0,3.64,3.6933333333333334,3.8,11179.0,-974.0,-25280.0,117.5258,117.98306666666667,118.8976,4.04,4.1066666666666665,4.24,3.64,3.64,3.64,62.78888888888889,61.86380952380952,1.094609343333826,1259892.888888889,1277144.8809523808,20347.118067512547,3.6577777777777762,3.5671428571428567,0.3409511838234516,7128.0,-6397.666666666667,15956.705319916977,0.0,0.0,0.0,0.0,0.0,0.0,0.0,0.0,0.0,0.0,0.0,0.0,0.0,0.0,0.0,0.0,3.64,11179.0
