Vec_0,Vec_1,Vec_2,Vec_3,Vec_4,Vec_5,Vec_6,Vec_7,Vec_8,Vec_9,Vec_10,Vec_11,Vec_12,Vec_13,Vec_14,Vec_15,Vec_16,Vec_17,Vec_18,Vec_19,Vec_20,Vec_21,Vec_22,Vec_23,Vec_24,Vec_25,Vec_26,Vec_27,Vec_28,Vec_29,Vec_30,Vec_31,Vec_32,Vec_33,Vec_34,Vec_35,Vec_36,Vec_37,Vec_38,Vec_39,Vec_40,Vec_41,Vec_42,Vec_43,Vec_44,Vec_45,Vec_46,Vec_47,Vec_48,Vec_49,Vec_50,Vec_51,Vec_52,Vec_53,Vec_54,Vec_55,Vec_56,Vec_57,Vec_58,Vec_59,Vec_60,Vec_61,Vec_62,Vec_63,Vec_64,Vec_65,Vec_66,Vec_67,Vec_68,Vec_69,Vec_70,Vec_71,Vec_72,Vec_73,Vec_74,Vec_75,Vec_76,Vec_77,Vec_78,Vec_79,Vec_80,Vec_81,Vec_82,Vec_83,Vec_84,Vec_85,Vec_86,Vec_87,Vec_88,Vec_89,Vec_90,Vec_91,Vec_92,Vec_93,Vec_94,Vec_95,Vec_96,Vec_97,Vec_98,Vec_99
0.42345357,0.5596279,0.3487734,-0.0071555255,0.2176269,-0.28527266,0.242363,0.88203686,0.34199244,-0.41440764,0.09457713,-0.7639979,0.06905187,0.19218054,-0.088498846,-0.1583697,-0.1049305,0.19991839,0.096426845,-0.40020847,0.057709955,0.37534866,-0.03346584,-0.12716536,0.18055019,-0.7671873,-0.40598816,-0.17406535,-0.29930243,0.024166798,-0.22161457,0.54094577,-0.017233262,-0.023190297,-0.7818452,0.6352695,0.46626797,-0.6785704,-0.4831242,-0.035052612,-0.071374156,0.090381846,0.33958742,-0.5980474,0.17705116,-0.040224575,-0.08401808,0.50901955,0.15483125,0.5243175,1.157252,-0.52132297,-0.64496493,0.35064405,-0.4793659,0.43638983,0.61461884,-0.59236157,-0.033203494,-0.15296328,-0.18819535,0.026830126,-0.47160268,0.35641438,-0.7890409,0.40221906,-0.4064127,0.3752764,-0.30651206,0.0025990903,-0.37533158,0.057869684,0.3780858,-0.5301668,-0.59796304,0.025821418,-0.16975339,-0.27962396,-0.56957614,0.583143,0.22255214,-0.07749461,0.27266496,0.2943483,-0.09569685,0.21835954,-0.23951657,0.45970425,-0.001947777,0.17710936,0.20451458,0.36366564,-0.34006584,-0.11305211,0.32693332,-0.16137524,-0.18254864,-0.19881989,0.14852019,-0.28350988
-0.29896826,0.3077615,-0.006812918,-0.20287399,-0.31213078,-0.44910386,0.5676146,0.4143784,-0.079138264,0.1292634,0.006964701,-0.060664326,-0.13945575,-0.39372596,-0.099561125,-0.07761249,0.34477746,-0.17348096,-0.26924577,-0.33847982,-0.39705122,0.29429543,-0.15163088,-0.28822348,-0.516526,-0.21134543,-0.12913144,-0.10217926,-0.34854722,-0.0025296598,0.6964199,0.4703052,0.18373947,0.40283242,-0.5087904,-0.3701191,0.45081362,-0.6588032,0.15567127,-0.21163,-0.4442839,0.18576247,-0.23579426,-0.68547773,0.47170854,-0.09831087,-0.38032648,0.04656817,0.00362978,-0.20460767,0.19775009,-0.31479922,-0.16961104,-0.26731315,-0.14245461,0.6422134,0.039456315,-0.22341168,-0.32698214,0.64901584,0.29520538,-0.5347543,-0.31619307,-0.082810774,-0.7701118,0.045805965,-0.24899466,-0.23707291,-0.017764505,0.60479045,-0.3693696,-0.2775724,0.038065895,-0.18079515,-0.17909224,-0.35870263,0.109666504,-0.25032094,-0.53815615,-0.03730731,0.45542276,-0.20869833,-0.14558779,0.82984936,0.15983091,-0.05752262,-0.31480265,0.11786392,0.251949,0.014009658,0.5714479,0.17724186,0.2349419,-0.4167572,0.795058,-0.010644997,0.0943164,-0.51908165,0.20180428,-0.48320737
-0.2646777,-0.34571013,0.08427611,0.100250445,0.30936366,-0.6574808,0.1215608,0.47414827,0.45323923,0.60574406,0.61270416,-0.31368542,-0.30399787,0.2076976,0.042972207,-0.012596335,-0.042188443,-0.09514671,-0.08680987,-1.0455506,-0.042289868,0.37016976,0.17056869,-0.15506609,0.26456532,-0.2755333,-0.35830078,0.115471005,-0.31724596,0.06243272,0.2516315,0.55261266,0.16916099,-0.5284029,-0.30571535,0.078979716,0.7142882,-0.34543774,0.21319535,-0.3865958,-0.6278206,-0.41262162,-0.15678261,-0.08998472,0.68547904,-0.21225405,0.21617585,0.33465534,0.4725089,0.45662892,0.36608368,-0.4061049,-0.216609,0.1733189,-0.34329745,0.6918203,-0.03541551,-0.020553568,0.16702376,0.7265876,-0.083034724,0.06394017,0.053130288,0.030164314,-0.46456778,-0.087514624,-0.36904693,0.8502591,-0.15844314,0.13008362,-0.9133094,-0.20705111,0.19632342,-0.55261576,0.04636718,0.113152586,0.50649387,-0.23126183,-0.38857135,0.58184695,0.6929451,0.24712181,0.2656007,-0.20426482,0.16761766,-0.30325794,-0.43625155,0.63674295,-0.36194432,0.35782906,0.059374884,0.10364877,0.3256313,0.11097666,0.56967163,0.17280835,0.495453,0.23121786,0.25884128,0.12842566
-0.08999894,-0.075843334,0.4371952,0.40658468,0.43212193,-0.18151572,0.46066627,0.51568216,-0.4142632,0.029087547,0.42746606,-0.5203383,-0.3717166,0.4459653,-0.2708659,0.18797925,-0.43805346,0.36331642,0.35637122,-0.3334845,-0.1558825,0.25549144,0.18487708,-0.063962035,0.058361523,-0.78478503,0.049095206,-0.3473829,-0.4526524,0.011410324,0.14544931,0.43862835,0.37267593,0.09882645,-0.34008834,0.04842118,1.052326,-0.8580872,-0.28359836,-0.59393495,-0.39583018,-0.19092596,-0.033590246,-0.17267635,0.23845024,0.23378949,-0.3308658,0.44698396,0.053301252,-0.0445232,1.164789,-0.4920988,-0.43448144,-0.01162492,-0.7471194,1.0705488,0.119372524,-0.6115025,-0.3734828,0.39181215,0.050837003,-0.075502336,-0.20228069,0.34478778,-0.69214225,-0.18649277,-0.6145612,0.23327346,-0.3622349,0.21907301,-0.6028682,0.0023433208,0.7496943,-0.6681801,-0.27992374,-0.051528938,0.34369123,-0.70430213,-0.41595888,0.079922624,0.24988334,-0.5003106,-0.07755124,0.047698356,0.14245245,-0.38494235,-0.3842821,0.5786364,-0.2844778,0.68756425,0.57705677,0.86293525,0.0104249995,0.47093773,0.562091,0.5186536,0.07173187,0.6831037,0.19910684,0.08108236
-0.18970416,0.2731488,0.118988924,-0.23890425,-0.17474845,-0.39214835,0.5715028,0.30349132,0.08795469,0.42192405,0.17089136,-0.040058773,-0.013296,-0.2660776,-0.26840213,-0.23972878,0.24653102,0.20337741,-0.11052929,-0.31050166,-0.3741763,0.42728096,-0.20438622,-0.3360629,-0.5063013,-0.28797987,0.0110196965,0.00402774,-0.3455346,-0.014701777,0.61353236,0.54366577,0.2904577,0.510495,-0.4588799,-0.5329224,0.4066066,-0.3328104,0.24229194,-0.1457667,-0.39747307,-0.060756903,-0.16896583,-0.6887334,0.56086355,-0.058147795,-0.018669639,0.12909213,-0.0068755895,-0.24053751,0.33110288,-0.44693723,-0.20455866,-0.12946382,-0.18388546,0.7284592,0.049128003,-0.08040358,-0.30517286,0.48124787,0.4299815,-0.3042925,-0.14639245,0.05869608,-0.56034696,-0.016536083,-0.45798868,-0.17371368,0.023166092,0.5827655,-0.46866274,-0.54918844,0.33738682,-0.2541534,-0.17850101,-0.30337557,-0.06327398,-0.26132512,-0.22453012,-0.106869236,0.6079922,-0.51626194,-0.37828043,0.69148403,0.37557203,-0.2856702,-0.3745463,0.045060642,0.059971657,0.18413149,0.51617986,0.23900788,0.15040144,-0.2747125,0.71158355,-0.2915557,0.24758863,-0.2867269,0.17076862,-0.49373746
-0.45275578,0.22911933,0.24104391,0.13910836,0.27950156,-0.28194842,0.5118783,0.7563187,0.26220772,0.14233871,0.4734477,-0.1696235,0.031682268,0.16416904,-0.5029523,-0.28385624,0.02968817,0.25908962,-0.012095372,-0.22301376,0.14361744,0.45873296,0.20195453,-0.33025956,-0.4234982,-0.34188193,0.17089781,-0.09843085,-0.6306428,0.3000094,0.24126002,0.51269066,-0.01989391,-0.102839336,-0.45304552,0.1398047,0.24305904,-0.45904574,0.07783281,-0.120436884,-0.042376213,0.051288627,0.18750663,-0.6941911,0.46675682,-0.09240869,0.17451823,0.22496964,0.43982702,-0.09297899,0.79013664,-0.68663335,-0.19251794,-0.030378947,-0.11475431,0.09557225,0.13358974,-0.33407864,-0.22711924,-0.06954314,-0.07111044,0.27811554,-0.18038563,0.22436139,-0.58969915,0.12397398,0.28747308,0.70194846,-0.09913038,-0.054382864,-0.6634696,-0.8922081,0.0822642,-0.05417864,-0.3442074,-0.102992624,-0.34242836,-0.18578036,-0.11221392,0.26163867,0.308067,-0.358231,-0.14899822,0.60176164,0.4399897,0.15811917,-0.012451194,0.22502677,0.4078819,0.28962076,0.48362106,0.4251747,-0.01633612,0.029878628,0.37461582,-0.24199842,-0.15475841,-0.18596375,0.41695976,-0.5011023
0.2418079,0.54390067,0.42369762,-0.029656645,0.4711136,-0.009965874,0.38139352,0.6352119,0.06636538,-0.49212757,-0.11337165,-0.72605646,0.23276399,0.2629869,-0.107791826,-0.25254315,-0.31441087,0.10620767,0.038595017,-0.14068936,0.10479198,0.27062997,0.11050081,-0.082909085,0.12753984,-0.6075795,-0.18092239,-0.31093436,-0.32598117,0.11137588,-0.1121368,0.33893403,-0.065871835,-0.17129335,-0.7588163,0.6323287,0.19133814,-0.4997057,-0.32131168,-0.044036023,0.009315195,0.119465165,0.18647487,-0.46536517,0.035072044,0.07660813,-0.016573276,0.4176265,0.13009596,0.32926384,0.969147,-0.47453126,-0.46449015,0.09554951,-0.28940955,0.112043254,0.46407756,-0.46441403,-0.28057548,-0.023904672,0.045182828,-0.0056692646,-0.3325969,0.4605372,-0.85020626,0.038275763,-0.073146276,0.3364157,-0.38462457,0.1668146,-0.3383406,-0.043192126,0.3181056,-0.41136304,-0.5537023,-0.08225458,-0.36782432,-0.07550774,-0.19846658,0.28227907,0.100957096,-0.3073164,-0.036100276,0.2599576,0.08939701,0.23224325,0.16284303,0.40431404,0.31222075,0.2640594,0.4667593,0.5970821,-0.3408115,0.15553947,0.003842171,-0.13117206,-0.26046258,-0.1697033,0.21420632,-0.3933815
-0.29235893,0.22548667,0.060688652,-0.24769825,-0.06647979,-0.37643373,0.60328853,0.43804282,-0.11178112,0.3512886,0.08676703,-0.06645981,-0.018851316,-0.054457393,-0.41631728,-0.33353055,0.1115772,0.16263025,-0.20667103,-0.2590186,-0.3824126,0.4465492,-0.2593214,-0.2895331,-0.51776886,-0.44633216,0.01573962,-0.04443012,-0.41468397,-0.091448575,0.6812402,0.4423801,0.26442724,0.3884938,-0.4419773,-0.56411666,0.55023813,-0.35168818,0.35019872,-0.095828466,-0.5141125,0.07950575,-0.32189006,-0.59489733,0.5440165,0.030391961,-0.071233876,0.25395086,0.13284837,-0.3996723,0.47073892,-0.37423176,-0.24306855,-0.22038108,-0.19090544,0.7011952,0.005109764,-0.14115766,-0.3242491,0.72352093,0.42543793,-0.40902615,-0.109699115,0.15025009,-0.5989924,-0.17167966,-0.37629268,-0.16913936,0.028459521,0.4393708,-0.5677353,-0.5706716,0.15193793,-0.38748983,-0.096319884,-0.39931187,-0.035988726,-0.18519261,-0.29999807,-0.22658518,0.44721216,-0.4160702,-0.31828964,0.6788669,0.40531036,-0.3384323,-0.13955578,0.08991667,0.20293674,0.22217162,0.60438216,0.33523992,0.39164293,-0.201077,0.6752351,-0.26256028,0.27368826,-0.23337863,0.33359924,-0.46119893
-0.12287518,0.44549942,0.599803,0.45067933,0.31426278,-0.10399475,0.16546685,0.8995765,0.13866799,-0.102834165,-0.11693151,-0.31523463,0.5618288,0.23785084,-0.23648877,-0.4544178,-0.08864229,0.6182365,0.16915236,-0.55708444,0.074508935,0.27879798,0.084667824,-0.015046495,0.19582605,-0.5779791,-0.54721314,-0.15802449,-0.28582656,0.555435,-0.16441455,0.8794151,0.26287973,-0.053889263,-0.719342,0.11880049,-0.09918315,-0.719439,-0.21794763,-0.6388896,0.15595512,-0.34938344,-0.19402212,-0.242082,0.4635853,0.09864996,0.13745892,0.11197227,0.07777147,0.0132898865,0.9027333,-0.7612462,-0.5343161,0.4599399,0.008086174,0.55956954,0.07458064,-0.8605866,-0.29132906,-0.2826483,-0.17361516,0.34962282,-0.5632659,0.17011283,-0.9032996,-0.0086027505,-0.19184783,0.35199058,-0.577853,0.02685213,-0.56560445,-0.09007312,0.39951217,-0.28326747,-0.48191607,0.32574025,-0.46050116,-0.4400427,-0.3184866,0.061780315,0.66594833,-0.20283218,0.37989113,0.28349867,0.28806752,0.18022619,-0.17331748,0.39086923,0.15867615,0.34571096,0.48502907,0.3001171,-0.41927627,0.17509057,0.095049545,-0.19274272,-0.3276375,-0.14561449,0.24286948,-0.6581905
-0.42341033,0.073359154,0.1939671,-0.010451362,0.10090763,-0.3040183,0.1949542,0.41480374,0.1549463,0.11854339,0.121619076,-0.055495422,-0.04425736,-0.09227925,-0.19181095,-0.041184556,-0.09312578,-0.0491567,-0.13952644,-0.21407413,-0.07877342,0.33909285,0.004952134,-0.2556679,-0.2777628,-0.16751659,0.0656948,-0.15721057,-0.5635601,0.103812285,0.069935605,0.2702749,0.05725062,-0.20753263,-0.33281943,0.20011002,0.09939162,-0.24149458,-0.07449559,0.008979746,-0.14856584,0.12745458,0.14978679,-0.18302341,0.37717488,0.00029814988,-0.31066653,0.17241664,0.3541449,0.097927414,0.2413016,-0.1931038,-0.088986635,-0.04683413,-0.015066557,0.023207253,-0.02369831,-0.064688504,-0.19536306,0.22378516,-0.1656688,-0.02957938,0.010459885,-0.015934838,-0.4643943,0.121141225,0.23110385,0.46363667,-0.045055706,-0.054069694,-0.38337806,-0.22111244,-0.021562219,-0.22197104,0.11546401,-0.080696315,0.049440134,-0.13434748,-0.3026707,0.2802811,0.03794226,0.22442622,0.088190995,0.29911527,0.08407464,0.06481241,-0.024854919,0.33070433,0.29146436,0.005364546,0.31355467,0.4056683,0.15729553,0.07173043,0.093672894,0.09090502,0.027674586,-0.24223097,0.3206406,-0.19072197
-0.31129292,-0.23175547,-0.10553499,-0.46555546,-0.11577165,-0.27652267,0.11207986,0.43304473,0.0463484,0.1376589,0.61068636,-0.30457872,-0.21359727,-0.1359613,-0.08547744,-0.15125737,-0.43538225,0.055056676,0.32560632,-0.6238802,-0.14337581,0.41622564,0.12636146,-0.14968157,-0.83487546,-0.43642583,0.19459893,-0.44951975,-0.43448117,-0.18423222,0.71170324,0.37647635,0.42698228,0.32562688,-0.30693805,-0.19379033,0.21093887,-0.519386,-0.125885,-0.55369246,-0.019659407,-0.23337115,-0.26774514,-0.19232327,0.46865994,0.21506356,-0.1505349,0.46012756,0.34247357,-0.10713442,0.55089897,-0.05666021,-0.26051188,0.19354013,-0.37561595,0.5663192,0.16615343,0.10484251,-0.49294084,0.39979884,-0.10946099,0.3089066,-0.15866883,-0.23447374,-0.4724636,0.013536163,-0.19666646,0.15148601,-0.27049387,0.6596332,-0.32510063,-0.38416433,0.2815915,-0.31163847,0.12499322,0.19308542,0.043117724,-0.5394999,-0.6356738,0.30279136,0.12724042,-0.29834673,-0.038560428,0.2676554,0.066155866,-0.38865796,-0.8609744,0.053380854,-0.08833071,-0.05843739,0.45132482,0.56344295,0.27537024,0.36331555,-0.08916667,0.051249042,0.4203942,-0.3625017,0.0585922,0.096013956
0.009740112,0.47669607,0.6122197,0.18430735,0.2398009,0.0654188,0.48063037,0.71042585,-0.04449713,-0.17798993,0.074397124,-0.6374919,0.036020875,0.41628784,-0.41693377,-0.14629309,-0.6601111,0.24634406,-0.018325556,0.032248285,-0.12426557,0.27563733,0.15343726,-0.26529536,-0.0033609157,-0.72697914,0.27241552,-0.4037343,-0.6431501,0.18254955,-0.21604078,0.4410142,0.2550366,-0.29182318,-0.4716797,0.68726945,0.16104598,-0.7302918,-0.3548476,-0.29249963,-0.018090293,0.28649107,0.12861758,-0.55656487,0.3531274,0.08464712,0.027858559,0.41110846,0.1895601,0.44729128,0.87450355,-0.51824576,-0.5095222,0.36557078,-0.31872702,0.3694251,0.36919153,-0.41581076,-0.28217885,-0.14308876,-0.08186405,0.13929929,-0.3741614,0.29858327,-0.903667,0.13362755,0.08797216,0.448291,-0.31814837,0.21462913,-0.25388837,-0.11533731,0.32797226,-0.27177912,-0.25624672,-0.31360278,-0.13937585,-0.18694364,-0.020665845,0.535963,-0.11742598,-0.49352723,0.13661087,0.24398036,0.083436854,0.3783463,-0.04834929,0.47677907,0.52970034,0.5418516,0.3564261,0.5766685,-0.33107552,0.14695808,-0.0396715,0.06379272,-0.535575,-0.16466917,0.2128565,-0.36108986
-0.33648515,0.37178093,-0.005648161,-0.13460878,-0.051828362,-0.3374772,0.73571783,0.38007382,-0.3101911,0.26855054,0.003256272,-0.121486105,-0.11198052,-0.14149725,-0.29398102,-0.15349732,0.2362046,0.00519345,-0.14705123,-0.33988795,-0.39691904,0.1227622,-0.15258215,-0.4007627,-0.6035242,-0.12738939,0.002853334,-0.11938762,-0.40266496,0.0010321081,0.98573226,0.5972467,0.14633247,0.3195017,-0.41958514,-0.520395,0.40768763,-0.6508009,0.2309842,-0.3184357,-0.21708257,0.13498782,-0.25918394,-0.80809295,0.5799956,-0.10760262,-0.24888508,-0.13910648,0.1471544,-0.4001632,0.1955961,-0.38354477,0.02625814,-0.13951306,-0.15700242,0.7358084,-0.0005363902,-0.035795722,-0.4775403,0.6748528,0.5751046,-0.47912568,-0.054227892,0.06903787,-0.61455506,-0.21876107,-0.10283276,-0.2559608,0.038255844,0.8453025,-0.3687461,-0.45203152,0.168346,0.025244093,-0.03804406,-0.5075836,0.23834084,-0.18737923,-0.24485517,-0.2814443,0.38179702,-0.47480494,-0.38961405,0.76922977,0.23086093,-0.25303167,-0.10806569,0.0241942,0.47402948,0.28253588,0.7191263,0.25670558,0.27916074,-0.33537242,0.77908695,0.14505567,0.104906574,-0.37572926,0.16434881,-0.17519562
-0.35204285,-0.3234756,0.089026265,0.17372236,0.31350854,-0.607068,0.08985769,0.39211679,0.36950523,0.6324988,0.54388744,-0.19076547,-0.3554063,0.09474876,0.04328706,-0.0055165677,-0.080855094,-0.04309395,0.0041450798,-0.9802189,-0.07613878,0.4350427,0.18723562,-0.16566989,0.19476017,-0.16447072,-0.31661794,0.1023304,-0.33435744,0.123424806,0.25620657,0.46457466,0.27034068,-0.48027363,-0.26119304,-0.0412942,0.55691236,-0.16676189,0.34504268,-0.496802,-0.523587,-0.39390776,-0.23743968,-0.00951992,0.71458805,-0.22201931,0.25688925,0.27777794,0.38269395,0.39076608,0.2483776,-0.42302042,-0.11886309,0.16457637,-0.24978057,0.6291431,-0.060583204,0.044249408,0.088986404,0.636638,-0.05062747,0.21245141,0.08520688,-0.044894695,-0.35588342,-0.1432476,-0.362343,0.84285104,-0.17987406,0.22896162,-0.8068681,-0.25790465,0.3202018,-0.43399096,0.10866742,0.16341606,0.35523933,-0.25156787,-0.33088544,0.39463967,0.71149963,0.09449755,0.06841214,-0.18063289,0.26620612,-0.30354276,-0.3735142,0.6120976,-0.33402076,0.35664546,0.10132545,0.16000585,0.31031266,0.23794337,0.55048865,0.21174026,0.5365968,0.2448049,0.26895064,0.0023591458
-0.37886608,-0.07526663,0.44375005,0.28220645,0.25492644,-0.15315334,0.20326516,0.38257727,-0.22694272,0.3067988,0.28370416,-0.055415217,0.026872182,0.23780271,-0.25881612,-0.016381754,-0.39381272,0.39003983,0.23619345,-0.4655412,-0.16470522,0.57809454,0.039238486,0.04447047,-0.06551172,-0.6844217,-0.12121185,-0.22402732,-0.4767341,0.30771792,0.18056156,0.46183035,0.4131049,0.10916557,-0.32160002,-0.08356754,0.46143776,-0.5647019,0.10354657,-0.589288,-0.40349227,-0.228102,-0.22550474,0.107027754,0.5125493,0.34444788,-0.1644818,0.3277606,0.110961825,-0.13424782,0.83397925,-0.4180077,-0.27998057,-0.015390611,-0.24860327,0.85685086,-0.07355486,-0.3861512,-0.43756032,0.29261935,-0.214333,0.2205865,-0.14525023,0.23166063,-0.7582053,-0.30345616,-0.54499936,0.3282791,-0.19024676,0.08795411,-0.74146724,-0.23511174,0.57274175,-0.42119214,-0.113470316,0.12668124,0.06816592,-0.5836587,-0.28728417,-0.060770776,0.46988976,-0.3231872,0.14010037,0.018580815,0.4234237,-0.21751429,-0.5396659,0.39170477,-0.17598884,0.47160923,0.502996,0.73204,0.12442415,0.47282675,0.23770492,0.41710874,0.21735694,0.4898001,0.27895916,-0.112638235
0.063647434,0.38308886,0.5961221,0.04611385,0.07348612,0.048325427,0.43570203,0.71774614,-0.14363134,-0.13127184,-0.09366758,-0.54417104,-0.068403624,0.49295324,-0.51334965,-0.15298863,-0.6792136,0.21991059,0.0026690543,-0.016592333,-0.32021412,0.32883823,-0.02863825,-0.24291249,0.12614855,-0.7871829,0.31000262,-0.40956718,-0.70899683,0.13398485,-0.1580878,0.42082578,0.25621524,-0.2699048,-0.32268894,0.62317485,0.08703353,-0.76233333,-0.35024154,-0.27399132,-0.14721788,0.33895198,0.16246173,-0.4789382,0.47527927,0.16493614,-0.15707286,0.3735305,0.13179766,0.40716973,0.8049017,-0.35785478,-0.4991912,0.30619535,-0.29536027,0.5055803,0.21598402,-0.22765383,-0.23466484,-0.02891908,0.0043739066,-0.00062564015,-0.24778143,0.3722344,-0.8284364,0.10302784,-0.03633401,0.36775857,-0.20003839,0.2788141,-0.121026136,0.03988991,0.39576942,-0.34688884,-0.15646568,-0.38317296,0.105616435,-0.3127511,-0.0055888174,0.485843,-0.26917663,-0.43722773,0.15497918,0.25045183,0.035922017,0.32100683,-0.032114685,0.44661015,0.548062,0.52232826,0.32497913,0.54756916,-0.14686255,0.19725314,0.009242652,0.093531325,-0.42602864,-0.16238858,0.16036999,-0.13890128
-0.18464468,0.22378014,0.019912515,-0.07175415,-0.15096715,-0.45765176,0.4215363,0.5233799,-0.11429719,0.1084133,-0.09005924,-0.16713686,-0.15275338,-0.016557965,-0.21029854,-0.11540661,0.1802956,-0.076060995,-0.2452884,-0.34321,-0.24763449,0.3241015,-0.13177945,-0.19436528,-0.22379139,-0.40221664,-0.20041828,-0.021173263,-0.3630475,-0.012612962,0.50725216,0.50750995,0.07608019,0.20003644,-0.40057462,-0.2326708,0.5608617,-0.6139561,0.061560195,-0.108194984,-0.5382751,0.25199634,-0.08712649,-0.47056523,0.3716488,3.3825636e-06,-0.3666089,0.16678676,0.13860665,-0.20603481,0.45541376,-0.24250335,-0.18373957,-0.24168582,-0.14366727,0.5364207,-0.021753086,-0.30087027,-0.13676016,0.5788262,0.20955063,-0.4385553,-0.25118226,0.10572038,-0.6460469,-0.0015725275,-0.18776801,0.04899509,-0.0055256397,0.26466942,-0.34004626,-0.2828884,0.02486099,-0.2974942,-0.28811818,-0.34404472,0.21819906,-0.33706993,-0.45408413,-0.012338262,0.28681964,-0.05445801,0.03893545,0.60991997,0.14198641,-0.087944336,-0.088947535,0.22904329,0.23610632,0.085837215,0.5033781,0.23528288,0.29666793,-0.24046001,0.67620444,-0.010263757,0.12202056,-0.27855724,0.28982937,-0.3234581
-0.17792454,-0.20959485,0.38178498,0.06453493,0.37198558,-0.36534947,0.26763806,0.41999254,-0.09691533,0.24000481,0.061012805,-0.2237109,-0.31915393,0.48495227,-0.36319473,-0.20018947,-0.48081788,0.41328034,0.3094634,-0.7472039,-0.22602955,0.7448829,-0.2196035,-0.043630537,0.113033555,-0.6219484,0.0071918145,-0.16392758,-0.6841075,-0.061151095,0.2958935,0.63856035,0.248696,-0.4363355,-0.41334647,0.00032830687,0.52787656,-0.5767826,0.01757327,-0.5257143,-0.39830932,0.10712184,-0.18002978,-0.1497247,0.7060246,0.052574255,-0.12186959,0.527318,0.45481524,0.109799646,1.0137547,-0.5783087,-0.27707523,0.092165485,-0.41430098,1.1018021,-0.048508964,0.093055025,-0.27952582,0.6163944,0.09176271,0.12218444,0.18684791,0.3960562,-0.4977858,-0.53740025,-0.60137343,0.5264619,-0.10650809,0.36015737,-0.46109763,-0.14200006,0.53423977,-0.5835066,0.07851602,0.16596341,0.4012711,-0.5621853,-0.5506407,0.12707224,0.26576468,-0.07631643,0.1665849,-0.28997505,0.20394254,-0.4521032,-0.10876703,0.5227837,-0.042055078,0.46966177,0.45964652,0.7326087,0.5701577,0.5154919,0.139432,0.20861335,0.44751626,0.370718,0.20915893,0.2869583
-0.2677789,-0.18587035,-0.10888413,-0.58664095,-0.23856312,-0.19983399,0.17692098,0.50133586,0.05121984,-0.006363544,0.4796737,-0.3098314,-0.090278834,-0.11479117,-0.04781343,-0.24207255,-0.39544085,-0.031769726,0.09937792,-0.50910115,-0.12299882,0.45169443,0.11078327,-0.079841115,-0.8320183,-0.566343,0.16383561,-0.4105773,-0.33137572,-0.16840132,0.7066156,0.43008602,0.36467516,0.32628822,-0.37450913,-0.09845192,0.24943887,-0.67255414,-0.15851188,-0.49941286,-0.13877803,-0.13009071,-0.2896125,-0.26788986,0.4697808,0.22863047,-0.084003896,0.58433217,0.30225837,-0.16706021,0.6326511,-0.05737268,-0.3046021,0.116101876,-0.29907885,0.527933,0.20781165,-0.08778693,-0.42769742,0.43474692,-0.11523439,0.1849682,-0.34480178,-0.23646767,-0.6530301,0.02284893,-0.17941359,0.057453368,-0.29990742,0.55887514,-0.30955607,-0.44935024,0.074032396,-0.27471104,-0.07769539,0.06647113,-0.047164235,-0.48445034,-0.628007,0.3296029,0.15006484,-0.21495531,0.123411365,0.40936387,0.107840896,-0.19375607,-0.82277673,-0.014465668,-0.020865282,-0.15782808,0.46271822,0.43826467,0.2835754,0.17033301,-0.09914434,-0.12167774,0.27576607,-0.6042112,0.09534261,-0.11808871
-0.03391863,0.21021184,0.550738,0.07512067,-0.11145021,-0.17486982,0.31780684,0.49859872,0.018546944,-0.28775287,-0.53968406,-0.22712824,-0.085507505,0.25356025,-0.06385882,-0.33971402,-0.357653,0.1586996,-0.18000737,-0.15291649,-0.19509254,0.6913744,-0.1828585,0.07519023,0.29552624,-0.6009046,-0.09773753,-0.16788784,-0.3471468,0.18503937,0.021973023,0.5527195,0.15394235,-0.39033514,-0.5008002,0.40337896,0.15989046,-0.62552184,-0.108191036,-0.37841997,-0.3454102,0.49298114,-0.031627007,-0.26086703,0.5035592,-0.07575924,-0.02591992,0.51174635,0.09696375,0.23954836,0.88356864,-0.5355345,-0.21021494,0.14446484,-0.029562432,0.6762017,0.17988965,-0.5044127,0.029413128,0.013463972,-0.0345137,0.027276898,-0.31771263,0.20158312,-0.92153025,-0.13114497,-0.4581766,0.5097176,-0.18141462,0.2409927,0.07867195,0.012270374,0.3174744,-0.104729846,-0.49809337,0.02069993,-0.06564572,-0.4636709,-0.4376316,0.25223842,0.24830966,0.011725888,0.4511159,-0.030100754,0.21134374,0.27371103,-0.05290235,0.32040673,0.21565819,0.13162445,0.28091162,0.29723892,0.17022546,-0.0520569,0.18491516,-0.08093304,-0.08816674,-0.2563231,0.20630403,-0.44650397
-0.24728718,0.22263454,0.0101550035,-0.03608414,-0.15308188,-0.41372082,0.5496806,0.29952604,-0.12831606,0.064146504,0.15218431,-0.082386896,-0.25024876,-0.23431917,-0.057699084,0.09459632,0.31222868,-0.08531519,-0.091430016,-0.3816643,-0.34754857,0.13992664,-0.18561988,-0.23007466,-0.29398715,-0.31440356,-0.13371016,-0.19202861,-0.37024212,-0.10120061,0.5363023,0.46593952,0.16620874,0.22969674,-0.44054338,-0.3304797,0.6102083,-0.8142475,-0.054872397,-0.058395077,-0.42534724,0.19743873,-0.043963943,-0.6256649,0.21195082,0.054830555,-0.5436516,-0.044628873,0.073170766,-0.13490196,0.35836375,-0.31087083,-0.32469448,-0.21262763,-0.27318788,0.71763736,-0.07493266,-0.2064993,-0.3010822,0.59994835,0.2409319,-0.6040312,-0.27982748,0.1971178,-0.753686,0.01677045,-0.19234662,-0.21770306,0.10681402,0.47088414,-0.36473694,-0.047758363,0.10401105,-0.35980794,-0.17317916,-0.35858974,0.36007878,-0.43234375,-0.4668563,0.15869865,0.3576515,-0.18204135,-0.05359926,0.5902279,0.101046294,-0.15025552,-0.37891868,0.19638601,0.10490456,0.18489195,0.37841988,0.34976628,0.16771972,-0.27068436,0.5686724,0.1237353,0.033283595,-0.07457333,0.21310371,-0.08460676
-0.50056463,0.25279662,0.24975578,0.16368295,0.3237713,-0.28689814,0.55191123,0.76169485,0.22385974,0.19297926,0.35997394,-0.10390253,-0.03890242,0.18956836,-0.5527788,-0.2928955,0.0607402,0.27701226,0.0019553204,-0.20852892,0.10818259,0.48606154,0.15838422,-0.38131282,-0.43710768,-0.28856573,0.1945489,-0.08332702,-0.7034863,0.32831815,0.34842157,0.5724487,-0.10341206,-0.14564161,-0.46668762,0.09152253,0.23987481,-0.44669056,0.12303428,-0.09585745,-0.032116573,0.118845284,0.23625533,-0.73669857,0.54081404,-0.12679747,0.096351326,0.19321176,0.4821714,-0.16591826,0.773304,-0.7185233,-0.076934636,-0.07616545,-0.07010259,0.09948022,0.10936158,-0.308575,-0.24425836,-0.03791378,0.004246334,0.24634135,-0.06234634,0.24441874,-0.55903643,0.04521336,0.28035527,0.7435966,-0.045269378,0.010279848,-0.6332423,-0.9396075,0.10602491,0.011614902,-0.32903785,-0.14020565,-0.25959724,-0.20410402,-0.11869979,0.13518545,0.3193531,-0.38039634,-0.20985009,0.633546,0.47412732,0.11516941,0.08613006,0.18449688,0.48519778,0.3017184,0.56976175,0.4720362,0.10843686,0.046275537,0.43514,-0.17553729,-0.122513756,-0.17706598,0.42974985,-0.44957587
-0.4428352,-0.047903474,-0.04555892,-0.43533537,0.06996079,-0.2716201,0.2609378,0.5444408,0.08950701,0.08852443,0.5960702,-0.3395956,-0.05056013,-0.06724069,-0.18872525,-0.20794879,-0.40304384,0.096066974,0.1901295,-0.4835415,-0.026660882,0.39654338,0.1312111,-0.2561672,-1.0070723,-0.4588444,0.2461057,-0.4690761,-0.5767851,-0.14740475,0.73284197,0.5171845,0.23528658,0.24920543,-0.50746745,-0.06413184,0.29467472,-0.62318337,-0.21314123,-0.32377446,0.045571826,-0.079853505,-0.106397845,-0.3872832,0.41288003,0.21312678,-0.24887832,0.48752716,0.57661414,-0.20380777,0.71814823,-0.18067844,-0.21703884,0.12495404,-0.34652466,0.3902283,0.23125035,-0.08083892,-0.583614,0.39196527,-0.14770155,0.21127567,-0.1346342,-0.12929954,-0.6448632,0.0026804581,0.06464459,0.24766983,-0.220594,0.46339935,-0.48918492,-0.5834538,0.06885009,-0.26736173,0.052028436,0.08037594,-0.009164108,-0.43176615,-0.6568752,0.32418588,0.10878269,-0.17782038,0.057790007,0.376767,0.079104505,-0.32207838,-0.6870776,0.03242524,0.1531317,-0.07489967,0.62469685,0.71067286,0.2911737,0.23378319,-0.16271347,0.04737373,0.24171045,-0.45038795,0.19788997,0.026797436
-0.15376455,0.16901626,-0.0033072657,-0.15263042,-0.21502845,-0.26354092,0.3188054,0.24395205,-0.05931834,0.053076454,-0.13979653,-0.041383002,-0.1030821,-0.21954171,-0.008599572,-0.19706212,0.26931137,-0.10367734,-0.15859549,-0.3613238,-0.13373297,0.3626557,-0.07526358,-0.104750484,-0.23131007,-0.21365348,-0.1992299,-0.07737759,-0.1920851,0.038600035,0.50357854,0.37446207,0.23228376,0.1476101,-0.36401683,-0.24972242,0.17058927,-0.3236694,0.16146074,-0.27227628,-0.36551654,0.14372618,-0.29412094,-0.3647462,0.271181,-0.06491999,-0.059565637,0.12246466,-0.050778247,-0.13591884,0.22617067,-0.26499206,-0.14831921,-0.19403976,0.0076392116,0.41937202,0.03232464,-0.09732603,-0.25934058,0.45805776,0.24030788,-0.21747349,-0.3160461,-0.0019254022,-0.4912812,-0.053842306,-0.10887344,0.0035100533,-0.18651818,0.5017313,-0.18761605,-0.2686085,0.112158775,-0.13790883,-0.22173002,-0.23663834,-0.089769356,-0.18562065,-0.276391,-0.08898094,0.29031998,-0.24011892,-0.28750652,0.62335277,0.31570736,0.058182497,-0.10982299,0.15235168,0.26379693,0.08402521,0.5408114,0.16647974,0.18180373,-0.06822337,0.41690704,-0.17712307,0.16810577,-0.4184094,0.25417873,-0.546973
-0.19146931,0.33438203,0.60773075,0.2112956,0.16622132,-0.2394773,0.393422,0.5373932,0.053005405,-0.20235367,-0.43492714,-0.25391597,-0.04976069,0.29635566,-0.19067946,-0.30900264,-0.3644957,0.27375263,-0.09833095,-0.12991282,-0.1083884,0.64173853,-0.16447344,-0.08350326,0.13797763,-0.5041559,-0.0236945,-0.22053675,-0.5680152,0.2039363,0.045576714,0.63110816,0.037492614,-0.45970973,-0.6204627,0.4342671,0.20060277,-0.5810882,-0.15735744,-0.22034542,-0.17949533,0.5381946,0.13326618,-0.368321,0.45234847,-0.089712545,-0.1743069,0.42462182,0.34388393,0.20647557,0.96051615,-0.64650977,-0.13140804,0.15243179,-0.072263606,0.55226743,0.20098448,-0.4981595,-0.11091174,-0.025039528,-0.06373413,0.050953586,-0.12856182,0.2980345,-0.9141801,-0.1492966,-0.23852429,0.68091244,-0.11003252,0.15506446,-0.082994014,-0.10842277,0.31281027,-0.09811549,-0.38134193,0.033214267,-0.03144561,-0.41625518,-0.46361288,0.24736309,0.21115573,0.045147322,0.39205667,-0.05943794,0.185481,0.15822104,0.06922686,0.3626085,0.37225547,0.20626001,0.42669234,0.5424062,0.17706397,0.0050482303,0.12770295,0.071213275,-0.118816815,-0.117882155,0.29859668,-0.31610647
-0.2586615,0.046462454,0.02102025,-0.0771321,-0.1552272,-0.31981125,0.2560065,0.30775148,0.059804447,0.05822311,0.078654245,0.024768135,-0.092233025,-0.17901322,-0.20350792,-0.23551486,0.1872277,-0.10794197,-0.12774113,-0.35918203,-0.11197059,0.28956982,0.055274088,-0.053922787,-0.30962548,-0.26768106,-0.050052825,-0.01821106,-0.2152431,0.1611375,0.46853617,0.18407808,0.19433174,0.08027157,-0.26101905,-0.123372674,0.30386585,-0.34430802,0.27068514,-0.3591437,-0.41899064,0.008797607,-0.2777046,-0.35133255,0.5061499,-0.079145744,-0.036976602,0.17283583,0.035689283,-0.07730766,0.30189806,-0.2140831,-0.18300189,-0.2783443,-0.16812117,0.42352095,-0.025264537,-0.13261922,-0.20774204,0.42532766,0.027755149,-0.08544753,-0.22954509,-0.037674267,-0.46665108,-0.0958194,-0.23109215,0.092369124,-0.21570753,0.30180886,-0.33945414,-0.30944008,-0.0012620727,-0.20567217,-0.09066914,-0.09538304,-0.13754691,-0.08372063,-0.3187594,0.012337129,0.23496193,-0.27089074,-0.17914325,0.5449901,0.23887129,-0.017293964,-0.18426126,0.13434567,0.11574427,0.11040142,0.37097675,0.10755658,0.13070384,-0.19218023,0.49563476,-0.06100672,0.1946817,-0.36026576,0.14864282,-0.52391845
-0.4492267,0.20884886,0.23184317,0.061171304,0.2175247,-0.3092588,0.46857002,0.7429452,0.21067949,0.092485726,0.34307858,-0.0571258,-0.008330683,0.17756616,-0.57907265,-0.39005047,0.049255244,0.26025414,-0.020459028,-0.2456787,0.15136771,0.70594645,0.032891285,-0.31169808,-0.41756034,-0.38897705,0.18538903,-0.11513929,-0.71807396,0.29795718,0.25527853,0.49116075,-0.04659384,-0.06985476,-0.43898764,0.08220594,0.17953981,-0.43607408,0.12711585,-0.037605204,-0.12174546,0.21348022,0.1919251,-0.6407263,0.46996436,-0.06860541,0.09243582,0.27004635,0.44210562,-0.18945701,0.8945748,-0.7326308,-0.17394249,-0.19959246,-0.040235832,0.14776766,0.10475011,-0.2242789,-0.23098218,-0.057759017,-0.07710395,0.27653822,-0.16206908,0.29296738,-0.5673737,0.09840384,0.2155164,0.74787706,-0.03572233,-0.04540849,-0.6097472,-0.9307189,0.08152977,-0.13985173,-0.3298185,-0.07621481,-0.40089393,-0.26326287,-0.20982386,0.19173327,0.25326103,-0.34383118,-0.24566871,0.65057534,0.4926998,0.13908806,0.03750861,0.1344171,0.42670822,0.2189163,0.50376976,0.4457996,0.14616929,0.09568813,0.3607249,-0.36402595,-0.0314359,-0.1748698,0.53540844,-0.5767434
-0.38294107,-0.09917588,-0.066456966,-0.55493236,-0.053993594,-0.29770756,0.16370638,0.52256626,0.07413003,-0.028718041,0.57635903,-0.28502274,-0.014893108,-0.08124325,-0.21940137,-0.32129624,-0.41644293,0.07651583,0.16397944,-0.5268829,0.023721777,0.6530759,-0.015197281,-0.17495003,-0.9842671,-0.57599103,0.23541921,-0.5061905,-0.59380394,-0.18282583,0.6241751,0.42234856,0.30157453,0.33762342,-0.47515085,-0.07500116,0.2242839,-0.6107976,-0.20837945,-0.25581348,-0.058995232,0.030553924,-0.15811647,-0.2753156,0.33022207,0.2810175,-0.25344643,0.57716745,0.52987075,-0.23126967,0.8596308,-0.19713718,-0.33021465,-0.019044114,-0.31168005,0.44656357,0.22587031,0.017506592,-0.568125,0.3688125,-0.24261016,0.24650536,-0.2509774,-0.07265944,-0.65459,0.064736,-0.011000793,0.25266373,-0.20945579,0.39842963,-0.46177393,-0.5730838,0.04027244,-0.4440728,0.05111772,0.1550319,-0.17401028,-0.5007848,-0.76318663,0.3901583,0.031675275,-0.13516092,0.01600159,0.39663455,0.10077239,-0.2941733,-0.74380267,-0.02600122,0.084893785,-0.17150216,0.54770625,0.6800634,0.33519486,0.29143125,-0.24953103,-0.17252971,0.34796798,-0.44782576,0.3211584,-0.121564664
-0.12858038,0.29788855,0.5654383,0.0868946,0.07549921,-0.2478832,0.30571252,0.5196902,0.008270065,-0.32570443,-0.45312178,-0.23504803,-0.013851188,0.30150104,-0.22443676,-0.4196551,-0.3837797,0.23137408,-0.121146716,-0.16793506,-0.053929847,0.8177024,-0.275514,-0.020555383,0.15071315,-0.5835244,-0.02308508,-0.2621177,-0.5609034,0.16954915,-0.023137694,0.52152854,0.0958552,-0.38943067,-0.568574,0.43608925,0.11144899,-0.55932033,-0.14991267,-0.18052255,-0.23462568,0.6162923,0.081623554,-0.27332377,0.37162462,-0.029626802,-0.16461481,0.47760645,0.29696247,0.1801769,1.0510876,-0.6321788,-0.21451613,0.026932782,-0.04317085,0.5732026,0.20193806,-0.3701897,-0.10806056,-0.039521445,-0.120457515,0.08431908,-0.22268759,0.3476449,-0.8897923,-0.09906899,-0.25905833,0.6733215,-0.11768123,0.1301666,-0.041845948,-0.09569339,0.27713826,-0.23165919,-0.35063198,0.08506719,-0.17642686,-0.44072428,-0.51940066,0.29487696,0.093515575,0.07066856,0.31241465,-0.02824183,0.18125586,0.18270424,0.059863694,0.3017945,0.34127086,0.13287763,0.36144468,0.48970595,0.19082469,0.054181926,0.0519227,-0.09978476,-0.034808032,-0.1418135,0.39337248,-0.42101303
-0.12514223,0.2815648,-0.060366563,-0.18517296,-0.16354756,-0.29296196,0.5145213,0.3805279,-0.16283186,0.032257937,0.013004871,-0.19462639,-0.13489182,0.01122677,-0.25567943,-0.16957603,0.22795185,0.0039535067,-0.08922021,-0.38155496,-0.2064574,0.15712541,-0.08924251,-0.22475624,-0.44085968,-0.33783433,-0.05427462,-0.18128794,-0.37182364,0.027405264,0.76525944,0.5235022,0.10770975,0.24242185,-0.320473,-0.27468643,0.3895894,-0.7262277,0.007993644,-0.26243204,-0.2974826,0.23371072,-0.09706495,-0.68584603,0.37299263,0.05972712,-0.29760176,-0.016879758,0.14370708,-0.2778067,0.4423221,-0.23716572,-0.19611584,-0.17204455,-0.20566045,0.632696,0.0027825548,-0.07336283,-0.3346787,0.5151569,0.31661618,-0.32672185,-0.25239316,0.21969937,-0.59289086,-0.061220165,-0.057850994,-0.087166436,-0.026545534,0.62363935,-0.22645873,-0.37194058,0.084578976,-0.12320293,-0.21921363,-0.39973143,0.19421867,-0.28789663,-0.27236792,-0.013708798,0.13427877,-0.3454595,-0.18818325,0.67947006,0.13347298,-0.095855184,-0.17174846,0.027283467,0.373543,0.19882162,0.5789316,0.21062331,0.1254534,-0.25323796,0.51686764,-0.022047345,0.10046038,-0.37834853,0.10616607,-0.129877
-0.010082087,0.33409113,0.51219,0.28366175,0.07098673,-0.036490474,0.1341131,0.8588926,0.022658098,-0.15009168,-0.34320545,-0.2523021,0.43055528,0.24702434,-0.17843243,-0.5172998,-0.06994633,0.47602877,0.09231073,-0.5527609,-0.04766286,0.33156246,0.028274208,0.08334754,0.2954084,-0.6071216,-0.55369395,-0.111210786,-0.13743977,0.54034036,-0.005576818,0.8342473,0.2772264,-0.02028599,-0.5745851,0.035929658,-0.1485786,-0.74365723,-0.11842958,-0.772511,0.0043193684,-0.30871466,-0.30736095,-0.18207167,0.5876921,0.08334206,0.20144916,0.16506642,-0.10509163,-0.057177532,0.78801155,-0.6286856,-0.4582501,0.38535684,0.08934251,0.6657425,0.03278496,-0.78041875,-0.17524919,-0.17764011,-0.03002421,0.28085393,-0.6007983,0.09194697,-0.8447777,-0.08483212,-0.38169044,0.21962345,-0.596223,0.22791657,-0.33587116,-0.04164494,0.4103509,-0.19610628,-0.5523434,0.24009545,-0.381272,-0.48291335,-0.27609405,-0.0760132,0.6369968,-0.27158716,0.3324674,0.36164254,0.32846004,0.22836097,-0.16989043,0.27873653,0.12457912,0.27857435,0.45122376,0.09530811,-0.27304968,0.13529566,0.21540292,-0.26199812,-0.2402916,-0.31579953,0.15404232,-0.68826956
-0.39139637,0.03859379,0.42664537,0.2854488,0.3462883,-0.14325535,0.21692488,0.395923,-0.19579645,0.14798307,0.28201455,-0.10557054,0.09507561,0.2094306,-0.26556256,-0.17226698,-0.3729727,0.3759476,0.18042056,-0.40806827,0.055102803,0.7288137,0.05951931,0.01641944,-0.2162884,-0.65884924,-0.102473274,-0.2631178,-0.49746156,0.3343333,0.17017089,0.44972572,0.3540677,0.102849945,-0.4438025,-0.03257798,0.42036468,-0.5173139,0.11458333,-0.5098189,-0.3069534,-0.07564843,-0.23506105,0.032093115,0.378482,0.27071944,-0.043344334,0.40536252,0.1929826,-0.18592827,0.9986051,-0.59379995,-0.26149088,-0.10941516,-0.19272651,0.71440077,0.083653904,-0.42458087,-0.48029876,0.17356798,-0.2629589,0.34951335,-0.257067,0.22753975,-0.7908456,-0.27479059,-0.4096582,0.4593199,-0.27109566,0.08371123,-0.7484201,-0.44003028,0.46449938,-0.39698,-0.19330803,0.17825004,-0.24856904,-0.48840636,-0.36985943,-0.05798014,0.46657544,-0.37892598,-0.010545395,0.10331267,0.48120221,-0.1527354,-0.43851352,0.303571,-0.08124669,0.4089064,0.5689001,0.74458456,0.08293533,0.4605449,0.15279445,0.2241896,0.19524187,0.39358717,0.44074303,-0.40773448
0.19429883,0.5671689,0.42311144,-0.019779403,0.5140274,-0.0050995974,0.41667208,0.65302086,-0.0027498752,-0.43524113,-0.24698575,-0.67800415,0.156311,0.32657072,-0.19178572,-0.29925427,-0.29614598,0.12645201,0.047211368,-0.1309699,0.07217831,0.2725324,0.06591462,-0.1387764,0.09914269,-0.5467722,-0.13470814,-0.3029558,-0.4024709,0.1453614,0.036946833,0.41057616,-0.15227659,-0.22776636,-0.74270475,0.57316095,0.16944061,-0.48840442,-0.27031824,-0.043424286,0.03552438,0.19486147,0.22585134,-0.51349884,0.13363001,0.039207347,-0.08452562,0.36975345,0.19380368,0.23191996,0.94033605,-0.4884142,-0.32701105,0.060168527,-0.24010065,0.11677907,0.43217602,-0.40613,-0.3007945,0.0185451,0.14514744,-0.029914105,-0.19702907,0.4801548,-0.78952515,-0.057171017,-0.051529385,0.38707554,-0.3488016,0.2655712,-0.28523093,-0.10850619,0.329544,-0.32135913,-0.5117138,-0.13632822,-0.26507288,-0.0802746,-0.1848386,0.13638897,0.06482051,-0.34323913,-0.115067944,0.2974097,0.11064229,0.17381093,0.290924,0.34168994,0.43136412,0.29182857,0.5737249,0.61916256,-0.2041935,0.17107408,0.06424252,-0.06665091,-0.22327098,-0.19265659,0.21665624,-0.3172921
-0.41811305,0.11119699,-0.05719424,-0.016964821,0.026424063,-0.3814152,0.3469588,0.260693,-0.08039919,0.30057663,0.23226544,0.054462604,-0.09978986,-0.22890018,-0.14515878,-0.10907193,0.28414497,-0.07136595,0.032804016,-0.471261,-0.21850659,0.28146192,-0.0038444973,-0.24727201,-0.38373205,0.02771461,-0.13264573,-0.00869535,-0.24153298,0.11322428,0.69472176,0.31781915,0.1920263,0.22975335,-0.2870655,-0.41848114,0.20553185,-0.236147,0.37477815,-0.33503896,-0.21894382,-0.112211816,-0.30583313,-0.4024729,0.42701608,-0.10146509,-0.06184921,-0.10692791,0.050169714,-0.20100239,0.064187355,-0.28116712,0.06856074,-0.17836729,-0.12586728,0.4619056,-0.05991651,0.115839675,-0.36647442,0.51541233,0.31272614,-0.13391873,-0.048354764,-0.04146032,-0.33209628,-0.18896598,-0.20102295,-0.027332898,0.00014072657,0.56296414,-0.451932,-0.3480178,0.21548374,-0.07336613,0.06298247,-0.10568135,0.033509232,-0.13653809,-0.226166,-0.235337,0.47123957,-0.34416538,-0.45029348,0.5280649,0.2528581,-0.18718933,-0.22157267,0.051669564,0.1525666,0.23119655,0.4410736,0.1214462,0.13291526,-0.08009172,0.6091653,0.14035149,0.27289328,-0.17459914,0.19178775,-0.20641986
-0.46437475,0.2645805,0.24881345,0.14041655,0.32722375,-0.2651617,0.53801864,0.7670038,0.1904738,0.16521436,0.32530677,-0.15123202,-0.028680338,0.22646427,-0.56134856,-0.32489756,0.030651776,0.2705444,-0.0019582144,-0.21043585,0.11220388,0.4519123,0.15726465,-0.36980483,-0.4242666,-0.29867974,0.19691898,-0.10083685,-0.6863306,0.32233113,0.36072707,0.5699219,-0.10053358,-0.15728998,-0.4522973,0.10840328,0.22080126,-0.45062009,0.10604753,-0.11640797,-0.016200071,0.122929685,0.22325653,-0.7275479,0.5367329,-0.11872683,0.10405741,0.1902058,0.48366442,-0.16228056,0.77208173,-0.68961316,-0.07989933,-0.05681945,-0.0778669,0.100626186,0.119610526,-0.28701743,-0.24793,-0.028877951,0.025052529,0.24317546,-0.064060844,0.25293085,-0.5463757,0.03330882,0.29073298,0.73138773,-0.07954109,0.04545028,-0.60040957,-0.912993,0.10338288,0.011407451,-0.3155585,-0.15120785,-0.25017235,-0.18510146,-0.10374541,0.12994951,0.26580146,-0.38857368,-0.21565528,0.6202725,0.44336748,0.10836816,0.111954,0.1762452,0.5118458,0.3137036,0.5800961,0.45306176,0.093113154,0.04971284,0.41267186,-0.17830525,-0.12575261,-0.20609127,0.40997088,-0.4270338
-0.08298089,-0.07982347,0.5270656,0.50318146,0.35099372,-0.08680732,0.48983407,0.49023688,-0.5129665,-0.05935903,0.15882127,-0.3801283,-0.48288822,0.6081554,-0.38217804,0.17011496,-0.51162887,0.44259506,0.28265315,-0.23302351,-0.13504565,0.37411696,0.17341825,0.072465934,0.20841344,-1.0437028,0.11835555,-0.367959,-0.48574728,0.17977755,0.017052747,0.46076283,0.44774106,-0.068607315,-0.19311449,0.10293852,1.1690903,-0.92036265,-0.15739535,-0.7280496,-0.6868833,0.18150581,-0.068267785,-0.11723094,0.28536534,0.3541833,-0.29870945,0.5633113,-0.028688323,-0.11594914,1.4024808,-0.5320784,-0.47409987,-0.22551419,-0.64105695,1.1510448,-0.013710515,-0.7677713,-0.28271085,0.3548133,0.02020202,-0.00864042,-0.35180986,0.569864,-0.77606153,-0.32645357,-0.61476415,0.44570255,-0.38559717,0.1066953,-0.46274963,-0.18171225,0.75943214,-0.6232131,-0.5301928,-0.20959428,0.26973328,-0.82703066,-0.3003613,-0.0101153385,0.16115975,-0.58016866,-0.07177745,0.052247327,0.33090335,-0.26288792,-0.15912443,0.63541657,-0.232901,0.7690795,0.6759433,0.88490075,0.057369716,0.5408419,0.6090966,0.42979503,0.08180551,0.7152257,0.25263536,-0.18860304
0.15887405,0.3868118,0.6804345,0.27233678,0.03633632,0.07599585,0.49666977,0.687219,-0.1544081,-0.2226711,-0.09589159,-0.5821318,-0.26714808,0.555255,-0.43168962,0.020022843,-0.7000577,0.2949584,-0.0008774712,0.02866201,-0.25615793,0.34018523,0.099744946,-0.13954537,0.26634163,-1.0106363,0.28989223,-0.42475104,-0.63956636,0.22115976,-0.32219204,0.5138714,0.3490193,-0.32103345,-0.28072333,0.70224875,0.4524627,-0.9756178,-0.3962729,-0.4586466,-0.36039522,0.5586752,0.16953829,-0.52305233,0.39314148,0.19613048,-0.1317732,0.5173791,0.010989419,0.46970177,1.0911416,-0.5008138,-0.6039507,0.25383157,-0.3873208,0.7357673,0.26250118,-0.5667815,-0.10097758,-0.12368059,-0.09956048,0.05325936,-0.5083607,0.45867878,-0.97884804,0.10681909,-0.2061031,0.5129491,-0.26231003,0.21349661,-0.075169176,-0.01339842,0.4915423,-0.3283132,-0.5020818,-0.43643317,0.12573473,-0.4967509,-0.07078978,0.5571421,-0.15647928,-0.50798386,0.2800233,0.16759384,0.07363822,0.39148432,-0.11152163,0.5473327,0.3364044,0.6148389,0.32345596,0.5309732,-0.2583322,0.16344528,0.19814727,0.13497771,-0.47932607,0.0031560943,0.121716045,-0.31875312
-0.33637995,0.32203764,0.038431752,-0.17632332,-0.16339986,-0.4825767,0.53341365,0.46263328,-0.14967541,0.34037757,0.105729334,-0.18640637,-0.052509163,-0.25074023,-0.24237137,-0.16911855,0.2170547,-0.14294112,-0.25140634,-0.41776043,-0.4007564,0.22674835,-0.12953188,-0.35351586,-0.53962505,-0.17662518,-0.10739974,-0.034450185,-0.386954,0.004424078,0.76034737,0.5883193,0.15628721,0.38643917,-0.45673394,-0.46108416,0.4829469,-0.5769558,0.18944855,-0.19970824,-0.39873457,-0.023146493,-0.16870913,-0.61170423,0.6179482,-0.0859468,-0.28819636,0.006608025,0.20333846,-0.2693738,0.1570607,-0.2733274,-0.015242807,-0.12419973,-0.117562786,0.6343702,-0.017291682,-0.12188423,-0.34776506,0.69961596,0.39116198,-0.48558354,-0.09362018,-0.057863027,-0.6340176,-0.083363585,-0.22559452,-0.13594493,-0.0077434652,0.6058305,-0.48970652,-0.40168387,0.1379023,-0.15626453,-0.044590987,-0.4141678,0.26068562,-0.23843047,-0.33761433,-0.13511223,0.47892436,-0.23811485,-0.20937271,0.7339014,0.19557095,-0.28095517,-0.28504238,0.13041894,0.24583812,0.18614921,0.60564715,0.20330241,0.2955455,-0.33283648,0.792199,0.09090458,0.20421433,-0.41552138,0.2127402,-0.2683987
-0.21747102,-0.107163146,0.18506607,-0.031784914,0.4094414,-0.38041455,0.22729567,0.3862291,0.25813976,0.39671007,0.5192084,-0.40429804,-0.17254235,0.17184937,-0.04861685,-0.05260869,-0.3792665,0.10319091,-0.028088875,-0.7137651,-0.010225768,0.40051493,0.11811942,-0.1893833,-0.10747584,-0.40680927,-0.07195931,-0.13686572,-0.46962178,-0.038663134,0.15868986,0.54874045,0.24115774,-0.3635103,-0.43769595,0.114775136,0.60794336,-0.430509,0.014368977,-0.28396952,-0.31762296,-0.15272522,-0.12258109,-0.19060674,0.4846307,-0.029361462,0.0517069,0.47973782,0.5227668,0.30599877,0.5554529,-0.5045601,-0.2576691,0.16980898,-0.3371105,0.6259284,0.17002088,-0.0611487,-0.13144927,0.5790177,-0.099824645,0.12781547,-0.013877244,0.10944071,-0.5476971,-0.11827447,-0.24374709,0.6420046,-0.2360858,0.20736113,-0.81206536,-0.294438,0.15644917,-0.53193206,0.079615295,0.054081053,0.28756908,-0.21038266,-0.4322154,0.512703,0.4560033,0.11055975,0.20580968,-0.18501082,0.07953586,-0.32418257,-0.3714663,0.48792952,-0.18793441,0.25353613,0.27732474,0.42479554,0.24188115,0.21524635,0.1327821,0.11312334,0.3004051,0.13492113,0.26628,0.033012405
-0.2949813,0.010057294,-0.13150483,-0.55516833,-0.019771256,-0.35239488,0.23917744,0.53782123,0.06583538,-0.04778368,0.74466366,-0.5423049,-0.020777933,-0.15286723,-0.011955577,-0.13457426,-0.3911627,0.011053849,0.18179193,-0.55585074,0.027541444,0.3750705,0.10444653,-0.24534859,-0.9812993,-0.47953287,0.14047547,-0.5708158,-0.5154505,-0.31238037,0.64069104,0.52256256,0.3168812,0.4311907,-0.57770294,-0.011979247,0.31619263,-0.7465421,-0.44708145,-0.25522232,0.09646769,-0.11113118,-0.068020195,-0.382805,0.16161944,0.29532063,-0.38722706,0.47400707,0.5339488,-0.12867051,0.74105096,-0.14137219,-0.39463937,0.18225676,-0.4563516,0.42975232,0.3409189,-0.080584675,-0.6012971,0.39027727,-0.2318512,0.10654792,-0.3458951,-0.13733341,-0.76441556,0.24822691,0.11681785,0.12679677,-0.21531187,0.44897154,-0.4896833,-0.38531578,0.07126851,-0.41559735,0.010394705,0.12628616,0.017450972,-0.53154963,-0.791887,0.58741736,0.07475682,-0.026299007,0.18031067,0.3428245,-0.11647953,-0.28353596,-0.88920337,0.074202396,0.035329398,-0.20271154,0.52392733,0.6889918,0.11062711,0.179003,-0.22378236,0.02956289,0.22526516,-0.44851413,0.19750619,0.08305344
0.42204934,0.5332918,0.45205575,0.12051119,0.1420547,-0.21081117,0.2869255,0.83752376,0.2494622,-0.4928142,-0.13980415,-0.6022907,-0.08263628,0.3228597,-0.174952,-0.1172184,-0.19164827,0.2860994,0.02555866,-0.3011607,0.068017945,0.52166915,-0.04460364,0.005909398,0.3420207,-1.0439837,-0.32927924,-0.19116576,-0.33599308,0.17827573,-0.4042229,0.5557567,0.09089637,-0.18722546,-0.63816327,0.6882123,0.6530784,-0.7565717,-0.3641974,-0.17331883,-0.3935606,0.47024164,0.3041096,-0.5250338,0.21136019,0.08193091,-0.07868797,0.6518922,0.052786727,0.47045988,1.4155796,-0.59495014,-0.69620645,0.11586348,-0.39877433,0.5685245,0.4799146,-0.7823299,0.06629832,-0.18081896,-0.24401501,0.08593284,-0.6398495,0.5756125,-0.88492537,0.27467123,-0.45106077,0.5925575,-0.31479588,-0.14516202,-0.2613056,-0.10643896,0.41270024,-0.5215043,-0.8504984,-0.12043341,-0.22400394,-0.4388445,-0.48959908,0.5140817,0.17279255,-0.12916669,0.29230636,0.2708444,0.08772135,0.3256932,-0.04674422,0.55294,-0.022320159,0.250393,0.28347534,0.4099523,-0.28750518,-0.037652142,0.40522403,-0.21599874,-0.16324016,-0.10515877,0.2165819,-0.57472956
-0.14066306,0.30271456,0.14763379,-0.12072811,0.00089249015,-0.20483717,0.46517378,0.39240718,-0.34383625,-0.15357542,0.08707706,-0.5499535,-0.14165218,0.07723849,-0.12606439,-0.043914676,-0.12089933,-0.16851105,-0.24392192,-0.1201325,-0.17431124,0.021085097,0.09197525,-0.1397198,-0.42893615,-0.5006376,0.059392165,-0.38780528,-0.3825305,-0.05881564,0.48826316,0.37591845,0.07742066,0.22451808,-0.45880622,0.028236197,0.725596,-0.87280303,-0.27875027,-0.14125015,-0.43468943,0.2225341,-0.023831265,-0.4786206,0.09350379,0.163578,-0.48788315,0.27296862,0.24088013,-0.20851687,0.584398,-0.13836285,-0.3302176,-0.18160054,-0.3764625,0.4731811,0.09868804,-0.4381512,-0.3038186,0.5357591,0.16700341,-0.49010566,-0.3863289,0.16511236,-0.8832331,0.0057990933,-0.0070725167,0.010416993,-0.2754667,0.45755824,-0.34380203,-0.16396873,-0.008896743,-0.3710222,-0.3191794,-0.38993266,0.23898616,-0.28232464,-0.37637758,0.18645248,0.040426172,-0.264103,0.051162012,0.5207005,-0.031513628,-0.15550041,-0.26755556,0.24533328,0.23505083,0.23838688,0.60120434,0.5173717,0.03685407,-0.13054349,0.35322833,0.14496306,-0.03783484,-0.24395017,0.2017165,-0.17307281
-0.3036219,0.1392351,0.3092587,0.22713779,0.07603695,-0.27137136,0.5279177,0.7331118,0.15229677,0.09765755,0.30315906,-0.11426345,-0.2714867,0.30313617,-0.5177081,-0.11754027,-0.010258345,0.307704,0.0053527085,-0.22660004,0.011725112,0.5232808,0.14826217,-0.20450956,-0.15379564,-0.6255392,0.18837455,-0.119447626,-0.627059,0.33861965,0.13510868,0.5855478,0.07408875,-0.13204962,-0.26208922,0.15478407,0.53447574,-0.7043718,0.036407538,-0.28658375,-0.3846811,0.3234727,0.22842734,-0.66067845,0.50677097,0.019074682,0.01488646,0.33124027,0.26125637,-0.07056847,1.0067747,-0.6692014,-0.2869464,-0.14211813,-0.18334806,0.46191448,0.026899418,-0.4850495,-0.045917958,-0.05013494,-0.088806875,0.1920756,-0.3145849,0.38445696,-0.6648803,0.09716556,-0.0066021625,0.76660657,-0.04329198,-0.05551541,-0.48475042,-0.7902692,0.24583438,-0.110712685,-0.5900424,-0.22582296,-0.07731775,-0.49558768,-0.16233784,0.28281766,0.26901367,-0.37268767,-0.0055857725,0.5253751,0.4301911,0.1712572,-0.07562353,0.2955804,0.21458603,0.36260822,0.450651,0.37947935,0.05640716,0.046365816,0.61243457,-0.1708134,-0.098509535,-0.018138448,0.32581925,-0.45876572
-0.0914032,-0.10217942,0.5404775,0.53425145,0.35654977,-0.10705427,0.5052287,0.47116894,-0.5067934,-0.049318984,0.19308484,-0.35863116,-0.5234047,0.57664436,-0.35731906,0.22913058,-0.5247713,0.44949746,0.2855031,-0.2344368,-0.14557451,0.4018119,0.17373931,0.06911273,0.21983202,-1.0615815,0.12580411,-0.36448333,-0.4893431,0.16551927,-0.037159014,0.4534393,0.48080558,-0.0652087,-0.19640647,0.10136404,1.2391363,-0.93608856,-0.16467145,-0.73220116,-0.7180167,0.18893392,-0.06906808,-0.099662706,0.27275926,0.355945,-0.3255357,0.58985656,-0.04874324,-0.09838087,1.4231164,-0.565726,-0.48572287,-0.24640553,-0.66652787,1.2026834,-0.015331583,-0.80147094,-0.273981,0.36395645,-0.00498264,-0.016399616,-0.3705276,0.563986,-0.78802687,-0.31404063,-0.6592092,0.4505546,-0.37051868,0.0713119,-0.4888423,-0.16196533,0.7843087,-0.6595176,-0.53245896,-0.19778375,0.28944066,-0.86352265,-0.3359819,0.010861345,0.20012379,-0.5519827,-0.05790984,0.024194485,0.32587063,-0.27760875,-0.19150971,0.67187214,-0.30485025,0.7608479,0.6560174,0.9092218,0.062985666,0.5463377,0.6403817,0.4640301,0.09104033,0.77676475,0.26716858,-0.21013732
0.24801068,0.50351703,0.570283,0.044244044,0.46368924,0.026171992,0.24643955,0.7859198,0.25004902,-0.29089615,0.018145258,-0.5795582,0.36285728,0.24048693,-0.27390513,-0.32818154,-0.45667067,0.38922518,0.0631313,-0.330357,0.14661452,0.30621174,0.048386574,-0.17981172,0.008788258,-0.5945977,-0.08268403,-0.19057435,-0.37581998,0.28704506,-0.3558393,0.47523707,0.14565136,-0.3572917,-0.6051503,0.73884934,-0.024843218,-0.44202384,-0.23707357,-0.368851,0.26545864,0.0044329464,0.04167881,-0.43937057,0.51947325,-0.14438784,0.3026372,0.37185392,0.22886336,0.5465194,0.9149742,-0.67082095,-0.38933566,0.45685124,-0.22813645,0.2935913,0.49689144,-0.39675412,-0.23434965,-0.34471434,-0.19576854,0.42636338,-0.3091749,0.21951644,-0.61864835,0.13544524,-0.07209072,0.426143,-0.5303716,0.052822746,-0.39141804,-0.13878843,0.28643367,-0.2838261,-0.1973516,0.07794605,-0.46505004,0.04688489,-0.24769616,0.4049855,0.1288775,-0.19362614,0.080967985,0.1027403,-0.02140152,0.2712686,0.04272142,0.36647052,0.25412065,0.26305792,0.2505297,0.3221617,-0.36294702,0.03152328,-0.018516071,-0.20615868,-0.3498301,-0.37950757,0.14626178,-0.5263094
-0.3934445,0.081751876,-0.02267034,-0.32026032,-0.3278802,-0.44136402,0.4306495,0.41048187,-0.16807601,0.24994428,-0.0066144327,0.04812119,-0.11033809,-0.22442867,-0.30420953,-0.19636062,0.22424263,-0.17483999,-0.2462933,-0.43469462,-0.49901262,0.30313933,-0.25583303,-0.18688743,-0.48372427,-0.33788827,-0.041084655,-0.1383589,-0.42380077,-0.02943885,0.73327434,0.32907897,0.21459378,0.32004693,-0.3059112,-0.4566566,0.41720438,-0.56037986,0.27671713,-0.17516954,-0.6501882,0.06982948,-0.319468,-0.4372789,0.6287356,0.057154275,-0.43641955,0.088002354,0.08866139,-0.3020135,0.18871611,-0.0875138,-0.20196447,-0.3520036,-0.14066899,0.67239225,-0.21779045,-0.011707873,-0.33122316,0.8287028,0.27348068,-0.576114,-0.112010606,0.01934768,-0.63121825,-0.11402735,-0.29033616,-0.22823213,-0.010987704,0.5073963,-0.43389183,-0.2168312,-0.009893943,-0.41911983,0.07258292,-0.37017578,0.22131084,-0.2547712,-0.43688482,-0.08285536,0.24230708,-0.2200956,-0.15536009,0.74967855,0.2319073,-0.23750879,-0.31212413,0.10099114,0.24742524,0.10353989,0.54246426,0.24833052,0.46783483,-0.23284501,0.6357113,-0.06474007,0.30451787,-0.40605876,0.22301413,-0.27762717
0.041956976,0.34615365,0.6751983,0.547975,0.089380905,-0.09230434,0.1831946,0.87392676,0.017187463,-0.15221862,-0.30514532,-0.25404716,0.22674729,0.3914461,-0.25279775,-0.2705949,-0.13279371,0.6719681,0.18843709,-0.5610482,-0.071266815,0.35014033,0.025323661,0.123940356,0.49391836,-0.8914949,-0.52789676,-0.18125354,-0.2818655,0.59810954,-0.28173965,0.95994145,0.36675528,-0.086174294,-0.5082849,0.13535662,0.22290894,-0.99058884,-0.26373348,-0.82252574,-0.22238192,-0.04854835,-0.148794,-0.20504172,0.5078114,0.2218684,-0.0389762,0.22942927,-0.11959613,0.038059384,1.1421753,-0.7419791,-0.6386844,0.33643878,-0.06772797,0.96447414,-0.04334025,-1.0274489,-0.09105394,-0.2611971,-0.19317435,0.25452602,-0.7115914,0.3470606,-0.98639446,-0.03823314,-0.51687837,0.42345485,-0.5161369,0.025600428,-0.3680727,0.022596227,0.58030015,-0.34575248,-0.75362855,0.18998046,-0.16748421,-0.7824612,-0.37388676,0.08518869,0.62278414,-0.21881056,0.53839964,0.1990715,0.27723747,0.19474716,-0.24313956,0.46884954,-0.054966614,0.42638126,0.44858843,0.24961175,-0.33887583,0.19331323,0.35790193,-0.114064544,-0.2654677,0.03987663,0.14213529,-0.61139727
-0.16512445,0.06922494,0.40064812,0.3597743,0.535912,-0.19605461,0.5108377,0.49522352,-0.45295677,-0.07190846,0.38647452,-0.5301906,-0.25238726,0.38033432,-0.23505059,0.11104462,-0.43952975,0.34075934,0.274432,-0.28054047,0.0044879317,0.34340596,0.16027932,-0.10679392,-0.054449856,-0.7263789,0.037219964,-0.41812235,-0.5143906,0.0062246486,0.10388355,0.44452548,0.36786482,0.08430646,-0.47444668,0.081876725,0.94917136,-0.776546,-0.28425962,-0.4702416,-0.30201763,-0.054074813,-0.026308808,-0.17545332,0.08237003,0.27675375,-0.36451146,0.43275863,0.14481875,-0.13087457,1.1985848,-0.5821385,-0.42505103,-0.12558278,-0.64646435,0.8576991,0.16995536,-0.6159441,-0.49815315,0.37526947,0.016988525,-0.053675532,-0.29581195,0.40971535,-0.78448784,-0.14759862,-0.310948,0.31760833,-0.36784106,0.12741183,-0.64520735,-0.14044635,0.63968533,-0.66448563,-0.29587448,-0.06656639,0.12200081,-0.64727,-0.41167265,0.09275584,0.22235689,-0.42370763,-0.16211876,0.10722556,0.19597806,-0.3018127,-0.20358185,0.5928339,-0.12672988,0.58188295,0.6903913,0.98689365,-0.044875108,0.49694076,0.39926034,0.44304022,0.051035125,0.61157733,0.37595025,-0.14985755
0.15887405,0.3868118,0.6804345,0.27233678,0.03633632,0.07599585,0.49666977,0.687219,-0.1544081,-0.2226711,-0.09589159,-0.5821318,-0.26714808,0.555255,-0.43168962,0.020022843,-0.7000577,0.2949584,-0.0008774712,0.02866201,-0.25615793,0.34018523,0.099744946,-0.13954537,0.26634163,-1.0106363,0.28989223,-0.42475104,-0.63956636,0.22115976,-0.32219204,0.5138714,0.3490193,-0.32103345,-0.28072333,0.70224875,0.4524627,-0.9756178,-0.3962729,-0.4586466,-0.36039522,0.5586752,0.16953829,-0.52305233,0.39314148,0.19613048,-0.1317732,0.5173791,0.010989419,0.46970177,1.0911416,-0.5008138,-0.6039507,0.25383157,-0.3873208,0.7357673,0.26250118,-0.5667815,-0.10097758,-0.12368059,-0.09956048,0.05325936,-0.5083607,0.45867878,-0.97884804,0.10681909,-0.2061031,0.5129491,-0.26231003,0.21349661,-0.075169176,-0.01339842,0.4915423,-0.3283132,-0.5020818,-0.43643317,0.12573473,-0.4967509,-0.07078978,0.5571421,-0.15647928,-0.50798386,0.2800233,0.16759384,0.07363822,0.39148432,-0.11152163,0.5473327,0.3364044,0.6148389,0.32345596,0.5309732,-0.2583322,0.16344528,0.19814727,0.13497771,-0.47932607,0.0031560943,0.121716045,-0.31875312
-0.26103523,0.29425544,0.0049209334,-0.24464862,-0.33420584,-0.39176124,0.68615454,0.3570071,-0.14269614,0.21505865,0.047022544,-0.029960707,-0.15203846,-0.23350383,-0.26315683,-0.14791308,0.24654193,0.043913793,-0.19257505,-0.2930213,-0.46799806,0.38276914,-0.24225341,-0.24534248,-0.58945435,-0.4850986,-0.021850944,-0.119193874,-0.4406804,-0.071765564,0.79347175,0.598009,0.251198,0.48955435,-0.48036084,-0.6026317,0.6628439,-0.81427044,0.19538298,-0.1459504,-0.59183615,0.29231405,-0.2690334,-0.7982715,0.49998394,0.0766437,-0.34672353,0.16330417,0.054607354,-0.4039852,0.4910335,-0.37888736,-0.2982688,-0.27914345,-0.20245251,0.90826476,-0.007187165,-0.24781422,-0.3828073,0.7515546,0.37642902,-0.56229734,-0.3358594,0.17102407,-0.834334,-0.13072498,-0.42293677,-0.33792344,0.08876335,0.66983587,-0.3999605,-0.4713709,0.08804892,-0.2991106,-0.28236243,-0.48375943,0.1647367,-0.39543024,-0.48523894,-0.11135791,0.4845712,-0.431578,-0.1229761,0.7969056,0.31213483,-0.2206905,-0.39825457,0.005743579,0.1822871,0.16618074,0.62828255,0.3017654,0.3494025,-0.38574848,0.70633507,-0.14641134,0.18613096,-0.35112143,0.18295741,-0.40940642
-0.07119459,-0.17764881,0.47630396,0.28988066,0.3206215,-0.31798023,0.33660877,0.4036442,-0.10991667,0.1309257,0.05142306,-0.2769317,-0.5059579,0.54763496,-0.28868482,-0.024930347,-0.5111095,0.47912008,0.29130763,-0.6671585,-0.16645825,0.7364182,-0.0821267,0.050246943,0.25385118,-0.85327023,0.0015009826,-0.19080861,-0.61586237,0.03531599,0.11017108,0.72123766,0.34185815,-0.47953898,-0.36706385,0.109061524,0.8723131,-0.7989027,-0.045973115,-0.69838274,-0.5995299,0.33788458,-0.1566441,-0.20951562,0.61289895,0.08911914,-0.09824629,0.66384345,0.3186252,0.18649228,1.2900492,-0.7107698,-0.39241168,0.04999356,-0.5005976,1.3035977,0.010603176,-0.2613445,-0.14370234,0.49090362,-0.016333064,0.17022133,-0.09442798,0.48136625,-0.66394275,-0.50311244,-0.7442359,0.66409516,-0.17323351,0.2909664,-0.39904675,-0.18662702,0.6234189,-0.5536634,-0.27828974,0.08655387,0.40731058,-0.7343072,-0.5898868,0.21545556,0.3529887,-0.1642588,0.29107636,-0.3470984,0.23365775,-0.344811,-0.1845238,0.619879,-0.22561185,0.5646804,0.4517106,0.70720136,0.42454425,0.46652976,0.32213712,0.24457963,0.35262132,0.51087654,0.16818169,0.08682743
-0.0914032,-0.10217942,0.5404775,0.53425145,0.35654977,-0.10705427,0.5052287,0.47116894,-0.5067934,-0.049318984,0.19308484,-0.35863116,-0.5234047,0.57664436,-0.35731906,0.22913058,-0.5247713,0.44949746,0.2855031,-0.2344368,-0.14557451,0.4018119,0.17373931,0.06911273,0.21983202,-1.0615815,0.12580411,-0.36448333,-0.4893431,0.16551927,-0.037159014,0.4534393,0.48080558,-0.0652087,-0.19640647,0.10136404,1.2391363,-0.93608856,-0.16467145,-0.73220116,-0.7180167,0.18893392,-0.06906808,-0.099662706,0.27275926,0.355945,-0.3255357,0.58985656,-0.04874324,-0.09838087,1.4231164,-0.565726,-0.48572287,-0.24640553,-0.66652787,1.2026834,-0.015331583,-0.80147094,-0.273981,0.36395645,-0.00498264,-0.016399616,-0.3705276,0.563986,-0.78802687,-0.31404063,-0.6592092,0.4505546,-0.37051868,0.0713119,-0.4888423,-0.16196533,0.7843087,-0.6595176,-0.53245896,-0.19778375,0.28944066,-0.86352265,-0.3359819,0.010861345,0.20012379,-0.5519827,-0.05790984,0.024194485,0.32587063,-0.27760875,-0.19150971,0.67187214,-0.30485025,0.7608479,0.6560174,0.9092218,0.062985666,0.5463377,0.6403817,0.4640301,0.09104033,0.77676475,0.26716858,-0.21013732
0.015320471,0.21514241,0.6702088,0.2779232,-0.093899734,-0.22317424,0.3682288,0.50738096,-0.02213571,-0.30244148,-0.4945828,-0.26479495,-0.29397416,0.41560188,-0.15385522,-0.12487964,-0.43904418,0.30597892,-0.09476368,-0.14888749,-0.20966876,0.68081874,-0.17510155,0.10214019,0.43545526,-0.85797805,-0.030177578,-0.25846344,-0.4877666,0.21475287,-0.17840174,0.64486223,0.22386846,-0.44543806,-0.40563434,0.50069165,0.5099337,-0.8516536,-0.24831554,-0.4206081,-0.54968816,0.7530535,0.12504677,-0.28849995,0.41660324,0.06345315,-0.259845,0.5695517,0.1119231,0.30659276,1.2056601,-0.5947216,-0.35192043,0.08318146,-0.19117133,0.9328235,0.11439921,-0.68345755,0.097345695,-0.03787173,-0.16143999,-0.0060254484,-0.39341235,0.4450744,-1.0253161,-0.09474681,-0.53982955,0.7050729,-0.107956246,0.08597949,0.07292248,0.0483824,0.45961022,-0.22655948,-0.6553968,-0.056683887,0.15994783,-0.722313,-0.5094329,0.40237695,0.15829934,0.053241443,0.6065341,-0.17301732,0.13934791,0.21711321,-0.10061439,0.47924614,0.0881131,0.27019432,0.30162603,0.4452215,0.12243275,0.0051429807,0.31386226,0.07617337,-0.09361238,0.048991725,0.18946956,-0.32575577
-0.38429058,0.06996595,0.048076894,-0.26594323,-0.16857208,-0.27404878,0.5357345,0.32411572,-0.0019540854,0.22005683,0.17538968,-0.02525076,-0.121112674,-0.12443993,-0.2769938,-0.15594476,-0.0099570295,0.16239336,-0.073633105,-0.3412712,-0.35186517,0.34666482,-0.10219546,-0.20541444,-0.71188664,-0.45154572,0.17677023,-0.2888346,-0.5417664,-0.039735924,0.7432804,0.55178326,0.24163094,0.23305464,-0.42809308,-0.36294746,0.43066013,-0.72825295,0.12083102,-0.26509973,-0.36646608,0.2472465,-0.25921127,-0.6502405,0.5487016,0.11498023,-0.27634373,0.25729743,0.20873371,-0.27714688,0.48964718,-0.32909024,-0.27775946,-0.13513471,-0.23449999,0.75608194,-0.006170657,-0.10716498,-0.42494878,0.60584396,0.16450319,-0.27221173,-0.24772772,0.06656248,-0.7813557,-0.16544129,-0.23574871,-0.10151111,-0.030418776,0.6193674,-0.42667434,-0.47920296,0.0009333573,-0.27203596,-0.09893765,-0.25582203,0.09338753,-0.3216138,-0.5216726,0.082562774,0.31311017,-0.34633404,0.032022808,0.5272446,0.23077737,-0.18296318,-0.46311015,-0.016976282,0.23809896,0.114474036,0.59082055,0.39186075,0.31138933,-0.1676026,0.27601358,-0.13997933,0.16053376,-0.37682664,0.100618936,-0.23998803
-0.33736244,-0.10584412,0.06565339,0.093070805,0.39990884,-0.675353,0.20424552,0.48641568,0.38704348,0.4656005,0.66446704,-0.40471902,-0.18186888,0.07953342,0.10945674,0.009498233,-0.04105749,-0.08269648,-0.1252879,-0.9189924,0.077686734,0.39800304,0.1675122,-0.2517702,0.06297878,-0.20326707,-0.36532912,-0.006836048,-0.4072298,0.008091496,0.19229555,0.5960522,0.17124972,-0.3852661,-0.5048815,0.122335814,0.6516407,-0.3712023,0.0559659,-0.22817895,-0.41907257,-0.2838918,-0.0576872,-0.18095341,0.43825167,-0.14978793,0.043866295,0.29026943,0.55502164,0.3713836,0.41951436,-0.4992612,-0.23957784,0.15442131,-0.32244262,0.5062329,0.09670574,-0.12263508,-0.008534227,0.62806857,-0.16077866,0.030328607,-0.08329679,0.04253161,-0.61864024,0.067974016,-0.08020715,0.82063085,-0.13021025,0.039366107,-0.95499265,-0.25894096,0.13091111,-0.527554,0.0055287806,0.103296734,0.33213922,-0.24441259,-0.4714772,0.650803,0.6642643,0.3393405,0.26539615,-0.11298072,0.10183422,-0.20893288,-0.39892048,0.63083696,-0.22272673,0.22679873,0.16666766,0.27299973,0.16204381,0.07206207,0.42933455,0.1922227,0.3609807,0.16739371,0.3939732,-0.009305293
-0.3569183,0.13603932,0.30769256,0.49891365,0.5442602,-0.16871214,0.46103466,0.5523022,-0.4069831,0.2039326,0.7613084,-0.47276515,-0.08435379,0.40380526,-0.303741,0.1317984,-0.350802,0.4384003,0.46870783,-0.29613653,0.09643229,0.37593278,0.26723647,-0.1926434,-0.24913794,-0.65049505,0.02683846,-0.43165448,-0.5994793,0.106993526,0.32002878,0.56062526,0.30189443,0.3335229,-0.45757654,-0.04376917,0.6872437,-0.7798668,-0.25181362,-0.38429654,-0.03933874,-0.30591217,0.050397463,-0.2230781,0.014199321,0.41310275,-0.24773772,0.20922132,0.20429838,-0.25284135,1.0955231,-0.5720272,-0.3944568,0.06620419,-0.55084246,0.6422414,0.20174126,-0.49969622,-0.6740772,0.1441927,-0.105010256,0.19999559,-0.26017144,0.34458268,-0.78085214,-0.07734227,-0.10850751,0.37716934,-0.12481232,0.1339101,-0.8324229,-0.41161764,0.7063412,-0.38880965,-0.27496016,0.010280408,0.08194928,-0.66795635,-0.21902817,0.09631419,0.31582597,-0.71488875,-0.13957527,0.22506753,0.39705223,-0.17323872,-0.5646702,0.4515008,0.04832734,0.69260293,0.72527534,1.0749677,-0.20838927,0.6508282,0.25645134,0.60950464,-0.08345871,0.8274809,0.40549588,0.07990783
0.33697456,0.43417156,0.611346,0.14888877,0.3185627,0.104936086,0.14978904,0.85910445,0.11487636,-0.30999172,-0.13087824,-0.5629251,0.31547868,0.439608,-0.37588918,-0.37167886,-0.43145198,0.42262232,-0.0039030835,-0.39986265,0.13896175,0.2872884,0.062276933,-0.03951465,0.21007493,-0.8229127,-0.20931242,-0.14296429,-0.3016638,0.42028943,-0.43487895,0.5564975,0.20860173,-0.4107846,-0.4284143,0.71811366,0.10823485,-0.5555462,-0.136787,-0.616239,-0.0007343425,0.08594228,-0.0759998,-0.33125022,0.67577106,-0.103509985,0.41345838,0.45619854,0.093960516,0.49598372,1.052701,-0.5857436,-0.48950493,0.44942486,-0.20939155,0.4654103,0.3798898,-0.53490406,-0.09574305,-0.347929,-0.22270536,0.45896435,-0.4713576,0.27847907,-0.6179123,0.058310695,-0.20124944,0.4657851,-0.65345216,0.0028437094,-0.3192484,-0.17826895,0.2758354,-0.32275328,-0.37548155,-0.047604177,-0.4601907,-0.016751118,-0.14846362,0.30825529,0.10848124,-0.3274657,0.14056663,0.16320056,0.0861195,0.34786314,0.088470705,0.42059356,0.20601441,0.44558203,0.24408025,0.15790766,-0.34997165,0.030262776,0.1397707,-0.31528905,-0.32446203,-0.3675011,0.12052156,-0.6711805
-0.4295972,0.31834593,-0.009201932,-0.08181285,0.045007866,-0.38469014,0.5822875,0.3696618,-0.17458288,0.3212001,0.28905597,-0.1988586,-0.075409785,-0.20718668,-0.25137845,-0.07248082,0.16986921,0.028724356,-0.03620652,-0.3730905,-0.31560898,0.09172649,-0.019396903,-0.38886255,-0.7231719,-0.14972366,0.014497468,-0.15726629,-0.45549932,-0.036803674,0.8500215,0.5641921,0.16202904,0.36161762,-0.48526886,-0.4654458,0.50725436,-0.6086472,0.13869555,-0.21328045,-0.17699996,0.02274778,-0.19162865,-0.72844404,0.45927507,-0.022090385,-0.30881146,-0.053720485,0.26956835,-0.33262318,0.24360047,-0.29975104,-0.07343026,-0.029349262,-0.26629326,0.57937306,0.018185172,-0.08116599,-0.50933254,0.6286747,0.35371545,-0.356932,-0.09724148,0.012704983,-0.6093093,-0.13182019,-0.07053339,-0.15073654,0.018820593,0.6735884,-0.52847254,-0.4481206,0.11570762,-0.104092605,0.013970152,-0.33375534,0.21521546,-0.19284229,-0.3441394,-0.12646249,0.4082375,-0.4017053,-0.23046102,0.6438984,0.13903527,-0.32661644,-0.3123644,0.065859996,0.2982132,0.2764556,0.6644392,0.38540974,0.17395386,-0.2490608,0.58646524,0.21158965,0.14403906,-0.2693635,0.15185697,-0.07259386
0.081226565,0.35901073,0.61683035,0.48116827,0.1449843,-0.0623254,0.014264445,0.9528396,0.046253994,-0.12126192,-0.362018,-0.31944755,0.4448031,0.35924795,-0.24470541,-0.43633735,-0.059571445,0.61747307,0.164238,-0.68638945,0.05233246,0.28835317,0.036270216,0.089663215,0.48414093,-0.7284857,-0.7133023,-0.11904335,-0.19891481,0.5933934,-0.29776704,1.0050298,0.27704048,-0.0899019,-0.5428584,0.09709552,-0.04731518,-0.7957395,-0.2314418,-0.8138454,-0.037820928,-0.30495095,-0.22711714,-0.06445948,0.54548204,0.11191188,0.10857761,0.1701786,-0.08598537,0.015100699,0.9372357,-0.66394114,-0.56707996,0.46972084,0.06255469,0.7405191,-0.02534703,-0.9243499,-0.10107203,-0.29954636,-0.15921281,0.32750502,-0.6644324,0.16557622,-0.8008082,-0.014516532,-0.3733532,0.3710009,-0.6705273,0.016616283,-0.410118,0.03236137,0.46695524,-0.35448566,-0.6211559,0.28328893,-0.30591094,-0.5830797,-0.34097406,-0.009400049,0.6523097,-0.16062272,0.4623554,0.27083316,0.26512954,0.19213174,-0.13630116,0.44560432,0.029483013,0.35628307,0.46067062,0.11189224,-0.3486804,0.24089749,0.24398321,-0.2712208,-0.24867694,-0.13177507,0.1847699,-0.69300026
0.13482085,0.31032956,0.2546054,0.19836602,0.33824027,-0.20288815,0.1800874,0.6475085,0.31872317,0.12822588,0.42998984,-0.588512,-0.09129153,0.26794016,-0.3413055,-0.07320674,-0.3414395,0.52852565,0.18249309,-0.4369048,0.014711753,0.25938755,0.07130108,-0.2455411,-0.16593188,-0.7079595,-0.089323305,-0.05968404,-0.41664347,-0.019318268,-0.29175273,0.66433966,0.36859748,-0.2268489,-0.5040914,0.16068427,0.72946405,-0.5053855,-0.18614455,-0.25739992,-0.073137105,0.081969574,-0.008412862,-0.5195671,0.4670274,-0.02151463,0.17264342,0.5827866,0.3505388,0.33175823,0.95752007,-0.606998,-0.58026916,0.4904664,-0.50904894,0.6519049,0.39853224,-0.385888,-0.11971771,0.15575434,-0.21920808,0.30265427,-0.31629854,0.22397538,-0.29763234,0.0757094,-0.34873676,0.47278404,-0.31570908,0.026693458,-0.5358101,-0.32902074,0.25849417,-0.5591453,-0.16190262,-0.08474062,-0.040595565,-0.25391316,-0.3703606,0.4280417,0.2149603,-0.24625006,0.18074667,0.030136213,0.021224791,-0.19196783,-0.2188371,0.38610482,-0.1550341,0.43832526,0.22648437,0.29326433,-0.109189086,0.06618789,0.10460814,-0.20293412,0.0011867163,0.029905418,0.106840454,-0.25514004
0.4578492,0.55210173,0.3705524,0.020567287,0.2122405,-0.17653626,0.14081305,0.8928175,0.24428014,-0.49146,-0.19884288,-0.69044864,0.10539321,0.3071318,-0.17239961,-0.28247932,-0.14552239,0.19024165,-0.010980412,-0.39332718,0.18923832,0.43452352,-0.029066673,-0.042312432,0.3082716,-0.8558134,-0.46067628,-0.14739788,-0.2528605,0.15009502,-0.37663168,0.55018836,-0.0046885433,-0.21504028,-0.6494902,0.6804186,0.37850156,-0.54902333,-0.32628465,-0.15474838,-0.189088,0.2514525,0.24004376,-0.40769744,0.2321227,-0.03062058,0.06163191,0.5832838,0.099011965,0.45531997,1.1898167,-0.49008203,-0.5918039,0.22444141,-0.2825594,0.31763473,0.514168,-0.6172189,0.045342915,-0.19789395,-0.18111932,0.14476235,-0.56237805,0.41094032,-0.6799257,0.287352,-0.26145035,0.54575694,-0.45149764,-0.114444494,-0.2663569,-0.100168325,0.2855795,-0.4981633,-0.67959356,-0.057038885,-0.34565482,-0.20466666,-0.42736086,0.42757496,0.124658704,-0.07519589,0.17053488,0.3373796,0.048298907,0.32210574,0.10624975,0.5154363,0.10392586,0.18618932,0.29403597,0.27285776,-0.29570258,-0.0045324177,0.28975385,-0.32981035,-0.14821851,-0.29496711,0.2513492,-0.61003363
-0.5163417,0.32063976,-0.06505105,-0.12720945,0.13695167,-0.30761334,0.5249941,0.47136757,-0.29087478,0.025159018,0.040657714,-0.062146656,0.043755993,-0.14736912,-0.2825655,-0.31605265,0.099044636,-0.19286346,-0.200193,-0.29528776,-0.09767895,0.3070348,0.034262057,-0.29560873,-0.6394171,-0.028888624,-0.029577587,-0.036161702,-0.2658352,0.18552878,0.8189399,0.2814247,0.08860057,0.14909907,-0.40963596,-0.23236813,0.14947675,-0.31302434,0.4296324,-0.41103733,-0.085968785,0.1337425,-0.36374414,-0.5737994,0.5576247,-0.1602841,0.033988275,0.0063915774,0.15836234,-0.3130435,0.20976606,-0.38773063,0.21368748,-0.30542466,-0.008377092,0.28355598,0.114433795,0.0026685765,-0.47882062,0.4807441,0.31088844,-0.07349761,-0.12579253,-0.08904864,-0.49662793,-0.24611044,0.12157558,0.011529007,-0.10954019,0.55355686,-0.41772023,-0.63684785,-0.03041018,0.15925285,0.027220575,-0.26560792,-0.24913628,0.096872,-0.20684086,-0.33843982,0.30662686,-0.3703062,-0.49014795,0.75291216,0.31425256,0.02536565,0.13821426,-0.015050438,0.5398338,0.13692775,0.6464845,0.1352602,0.14630784,-0.2609687,0.63988686,0.1437766,0.09061589,-0.54700357,0.30779156,-0.5196975
-0.10237411,-0.1467995,0.36133772,0.15087225,0.45641315,-0.2958114,0.27407765,0.40801564,-0.051323853,0.22693023,0.14263016,-0.37168607,-0.31319186,0.48021898,-0.28672484,-0.20435406,-0.48863876,0.44611502,0.3212774,-0.70044625,-0.100302346,0.6704659,-0.04003257,-0.04583271,0.03614974,-0.6284546,-0.016788535,-0.14068045,-0.58272797,-0.036417678,0.27556682,0.70020306,0.24446899,-0.41234228,-0.4727588,-0.023155045,0.64133376,-0.5826976,0.025633167,-0.57322973,-0.3361662,0.08272208,-0.22408833,-0.227241,0.6237678,0.0030970154,0.07296119,0.6026709,0.437072,0.10889843,1.0613904,-0.66465586,-0.27879992,0.1849665,-0.44517457,1.037667,0.10155487,-0.0679445,-0.247164,0.54614204,0.105781905,0.2480371,0.046174396,0.3330618,-0.481434,-0.53066343,-0.61884505,0.55497366,-0.23239341,0.41797885,-0.48075113,-0.28936395,0.52077556,-0.5210436,-0.088793084,0.16124979,0.26363584,-0.49477586,-0.5189444,0.08878115,0.39228287,-0.23496586,0.13222465,-0.29516965,0.23351097,-0.4429428,-0.14009747,0.4802748,-0.11945005,0.5101866,0.48704508,0.6693674,0.4284833,0.4908168,0.12769908,0.13199626,0.39009282,0.35061672,0.16834734,0.12185398
-0.4324878,-0.04151045,0.30836034,0.46981767,0.62279654,-0.083562,0.36459664,0.5736974,-0.48821735,0.27909413,0.5786167,-0.36329025,-0.08782584,0.5566118,-0.47365448,-0.062144827,-0.46743983,0.35855988,0.38178563,-0.3414462,0.09416574,0.40190083,0.22655763,-0.16847402,-0.19634832,-0.5905069,0.13116814,-0.33805156,-0.5475726,0.19431494,0.37365535,0.44088605,0.2540045,0.08608893,-0.2570827,-0.08556523,0.57172704,-0.57426196,0.033820752,-0.50563186,-0.09567243,-0.32023802,-0.14298236,-0.04705066,0.26976895,0.28707224,0.013870669,0.2302872,0.2398255,-0.29538712,0.9427321,-0.516894,-0.15473613,0.0030239434,-0.39012587,0.59039444,0.062962465,-0.2922921,-0.5826328,0.24141805,0.02641588,0.2943046,-0.026180338,0.26598758,-0.5127702,-0.33732942,-0.105745345,0.48840052,-0.20585312,0.19019185,-0.7868503,-0.5197904,0.61907077,-0.3178453,-0.054549217,-0.02655471,0.038104646,-0.46132195,-0.07962255,-0.14265978,0.22546066,-0.7409976,-0.34121448,0.17155541,0.49345538,-0.25599575,-0.2668532,0.37016135,0.15183236,0.76402223,0.71166915,0.8985737,0.061284333,0.7417368,0.28604752,0.5270061,0.024160055,0.7510245,0.46535096,0.027813848
0.33479762,0.43826997,0.5912239,0.12272734,0.3228344,0.10948172,0.15486711,0.8601249,0.08195488,-0.31566846,-0.14518481,-0.59356856,0.30866313,0.46916968,-0.39512208,-0.40458736,-0.44038633,0.4074695,-0.008126214,-0.39200044,0.14199804,0.2582089,0.06603887,-0.044178974,0.1908813,-0.80650014,-0.18531224,-0.16010004,-0.30294788,0.40851653,-0.37940407,0.5544113,0.19551294,-0.41031715,-0.41376624,0.70468134,0.09307814,-0.554367,-0.14278106,-0.6126459,0.0160436,0.09240334,-0.074616574,-0.34199405,0.6639426,-0.0953907,0.4056914,0.4388765,0.116121456,0.46535882,1.0365807,-0.5592571,-0.47122353,0.44416276,-0.2110508,0.44747773,0.37751868,-0.49803057,-0.107811034,-0.3211499,-0.18666919,0.44410795,-0.45181596,0.2865425,-0.60015386,0.04383716,-0.16388549,0.46627015,-0.66112566,0.043958727,-0.29775748,-0.18752253,0.26383877,-0.30539516,-0.3574295,-0.06521732,-0.4387201,-0.0046088444,-0.12958151,0.29308364,0.05757262,-0.33972,0.115401834,0.17258628,0.07092437,0.327741,0.11824889,0.39861283,0.25156385,0.4518878,0.27318755,0.15247034,-0.3435881,0.03508559,0.12930074,-0.31113872,-0.3175834,-0.39108643,0.11389475,-0.6334158
-0.19215074,0.40834036,-0.08009831,0.0053491252,0.24892464,-0.23717664,0.5060713,0.51318794,-0.23471333,0.30642185,0.21105732,-0.43299067,-0.15364596,0.13293046,-0.2039988,-0.10133285,-0.019626724,0.19615208,-0.05411857,-0.35059714,-0.12314828,0.17679845,0.171112,-0.34281343,-0.5510134,-0.21412832,-0.13179106,-0.06279087,-0.3531252,0.064495064,0.71007353,0.7238681,0.12024006,0.26846412,-0.40720928,-0.40316314,0.532264,-0.4848486,0.1813525,-0.38725564,-0.07869923,0.13195412,-0.16417433,-0.6560505,0.44663486,-0.020759659,0.049361728,0.14183009,0.22923927,-0.36761406,0.39041564,-0.3929676,0.013691176,0.10242653,-0.22794208,0.48800957,0.24096984,-0.19717082,-0.29867402,0.47915637,0.3757055,-0.00908047,-0.25188044,0.028403513,-0.43172902,-0.13957033,-0.06328482,0.081956916,-0.10473309,0.59849524,-0.4718448,-0.7031521,0.1999885,0.02533549,-0.30596572,-0.3693144,0.07075251,-0.20231394,-0.17290398,-0.24066982,0.45664313,-0.5016682,-0.2224562,0.5062107,0.17897174,-0.1473841,-0.09570837,0.06439872,0.27269953,0.2789702,0.64483637,0.19020897,-0.0084659895,-0.14117104,0.60042065,0.079394095,0.110591,-0.23258238,0.14392737,-0.18634628
-0.18673582,-0.152549,0.37627673,0.14840269,0.5854747,-0.31773657,0.27309525,0.46966267,-0.13676184,0.18424745,0.08830194,-0.36312976,-0.25502014,0.5350976,-0.34093067,-0.30177012,-0.5381126,0.35087958,0.22485942,-0.74803483,-0.025862709,0.7067676,-0.12175242,-0.08488878,0.078413755,-0.53277636,-0.0037524912,-0.15911736,-0.60198367,-0.018358216,0.2712055,0.6304291,0.20328371,-0.5570441,-0.46998113,0.064611845,0.53690374,-0.49731454,0.08185202,-0.5625825,-0.27017683,0.08818125,-0.27525753,-0.14098167,0.6524628,-0.07680396,0.10398854,0.5422561,0.5176038,0.12561834,0.9994139,-0.7099322,-0.16769879,0.120697655,-0.3705257,0.96012104,0.07486731,0.05282842,-0.28452075,0.5775995,0.11915675,0.22374228,0.15691058,0.306182,-0.45033905,-0.57723796,-0.44246927,0.6449242,-0.25396994,0.3844621,-0.53515404,-0.26054683,0.44770494,-0.52264965,0.09964295,0.17077918,0.21114847,-0.36784872,-0.5234296,0.08156196,0.30993408,-0.124537796,0.013619991,-0.31186157,0.22002545,-0.4267056,0.05648713,0.5008831,0.029797092,0.5162483,0.4895674,0.65535045,0.52435744,0.52377886,0.13348359,0.15991707,0.38406873,0.34594446,0.32637993,0.09099679
-0.12814276,-0.14686047,0.46067068,0.24358171,0.3775516,-0.14448468,0.35513923,0.53717965,-0.5189738,-0.0514757,0.08843747,-0.37172118,-0.3084501,0.5313985,-0.39334747,-0.010157974,-0.53466964,0.25943732,0.19686946,-0.30343363,-0.1816405,0.35167184,0.037358955,0.043881264,0.17301206,-0.8288384,0.10372966,-0.32405192,-0.43777153,0.06782089,0.0410679,0.2722333,0.3560532,-0.08736622,-0.19961376,0.11570681,0.88183284,-0.6510635,-0.11638274,-0.5702837,-0.5795215,-0.061734136,-0.13718353,0.06639349,0.34925956,0.27035487,-0.32948616,0.5149671,0.059336044,-0.11353175,1.103852,-0.36317015,-0.36389112,-0.23783733,-0.5620677,0.9271464,-0.069986,-0.48104945,-0.31270015,0.4880502,0.081290826,-0.11762399,-0.1051662,0.42088076,-0.5756129,-0.31489968,-0.5234323,0.33478606,-0.43354788,0.07281661,-0.5039559,0.008168584,0.6261023,-0.733897,-0.16895102,-0.1099652,0.24664131,-0.6130275,-0.29116273,-0.051654413,0.026681518,-0.3686308,-0.16461052,0.069880545,0.22793122,-0.37080613,-0.03762825,0.61590457,-0.12474888,0.60645825,0.6241389,0.832597,0.21380691,0.55878544,0.47467163,0.35130766,0.182575,0.52074754,0.31913605,-0.10066137
0.17715834,0.4287237,0.5586245,0.1878477,0.16359173,0.05323911,0.39427394,0.7444881,-0.015528484,-0.07991965,0.033085,-0.71656716,-0.081171386,0.47193453,-0.3053685,-0.12526447,-0.5991965,0.23664223,-0.026609974,-0.060559925,-0.18280806,0.35664108,0.21406755,-0.21370707,0.1907803,-0.7728983,0.08857042,-0.2530714,-0.50578636,0.22722588,-0.22186337,0.59493434,0.21790498,-0.21447635,-0.4566764,0.5841086,0.30818757,-0.7720139,-0.29005158,-0.36785686,-0.18881983,0.21916269,0.14853698,-0.52449346,0.4818472,0.06579784,0.13866463,0.52314633,0.046425354,0.43591574,0.872002,-0.5134078,-0.4813554,0.41813472,-0.3494429,0.5084177,0.40170735,-0.5055451,-0.0760369,-0.06494386,0.019822694,0.15742895,-0.48148948,0.2509786,-0.84125215,0.10309687,-0.2628807,0.43424833,-0.32148013,0.27974838,-0.23872194,-0.15003742,0.43785208,-0.30474278,-0.5113785,-0.3468815,-0.023811283,-0.31133926,0.03464135,0.4354559,0.1372831,-0.584484,0.20351544,0.21924224,0.12552616,0.39099824,-0.16117305,0.4385428,0.2773391,0.55639434,0.275221,0.36188394,-0.36678112,0.11253374,0.15379073,-0.001309682,-0.42870998,-0.13443758,0.10149062,-0.38195422
-0.40753898,0.2911118,0.032352507,-0.14053875,-0.00058500044,-0.3309643,0.6474924,0.362747,-0.1728411,0.391994,0.12839572,0.011464872,-0.03137246,-0.28921106,-0.3188894,-0.23942743,0.16349648,0.110669844,-0.13499312,-0.3469625,-0.36571985,0.4971108,-0.15148447,-0.37878323,-0.73531,-0.23775461,0.0048880377,-0.008732188,-0.43412682,0.047920067,0.7762089,0.54010665,0.24318218,0.44442376,-0.51095164,-0.6850552,0.48719534,-0.4188853,0.5031487,-0.24904262,-0.34665674,0.090121314,-0.43446594,-0.68524086,0.672046,-0.11717749,-0.0021137856,0.12530014,0.09582673,-0.44583535,0.3050812,-0.5446067,-0.0023326788,-0.23924562,-0.111062,0.72863185,0.058774978,-0.101428084,-0.4951932,0.69896424,0.4599021,-0.26860052,-0.13377301,-0.02183293,-0.5585108,-0.2875275,-0.38899598,-0.22840074,-0.01812686,0.6929044,-0.5912104,-0.7168287,0.18831503,-0.17405613,-0.070963465,-0.3651193,-0.13194601,-0.1445931,-0.33935672,-0.4306886,0.66916406,-0.5982317,-0.49667457,0.7551562,0.4581415,-0.3152327,-0.21033688,-0.034266207,0.21183538,0.22337082,0.69738674,0.2937623,0.37893447,-0.21806657,0.7261888,-0.1358548,0.28012416,-0.31749806,0.30092993,-0.6111326
-0.15845633,-0.19144908,0.13032247,0.015421854,0.37037852,-0.4034144,0.1921025,0.40900064,0.21246047,0.5689571,0.57551324,-0.4966058,-0.27540594,0.38359052,-0.08630964,-0.13221198,-0.34249604,0.16695149,-0.076782495,-0.8375602,-0.082065806,0.41937387,0.17927766,-0.1027039,-0.00788532,-0.5797309,-0.18775591,-0.021925941,-0.3968852,0.010606589,0.29379222,0.6838766,0.29323864,-0.33816344,-0.38748938,-0.09686293,0.9168925,-0.5234351,0.19031769,-0.4161239,-0.6111602,-0.17660859,-0.2517094,-0.21479133,0.66482735,0.011411225,0.2508175,0.61748725,0.4928834,0.20283023,0.673707,-0.4905536,-0.34770486,0.2165478,-0.44254562,0.8680461,0.14235099,-0.13931167,0.017524239,0.789612,-0.0031150633,0.14569435,-0.10759696,0.18455961,-0.5508883,-0.25433406,-0.5603063,0.6874682,-0.2813925,0.3093026,-0.8999297,-0.45648825,0.1857137,-0.6263446,-0.11681725,-0.05819374,0.37740853,-0.2807426,-0.32111496,0.40441626,0.6325567,-0.13675383,0.2559301,-0.20137665,0.22225033,-0.417039,-0.4812779,0.45929345,-0.37410858,0.49386993,0.2553974,0.2734116,0.27235097,0.16958268,0.31444862,0.022358116,0.47235203,0.24429257,0.19993022,0.038606435
-0.15427323,-0.17712191,0.46859846,0.29052383,0.39384183,-0.16438696,0.3574508,0.5320622,-0.51854163,-0.029072642,0.11615671,-0.33255908,-0.3232445,0.51812255,-0.37290922,0.043016948,-0.5247253,0.27277878,0.21483698,-0.3056102,-0.19620328,0.3840321,0.039257832,0.053847864,0.19597676,-0.8381722,0.07343955,-0.29859903,-0.43686163,0.06868959,0.019046437,0.2602413,0.36509308,-0.063198045,-0.21153066,0.091186345,0.939725,-0.6543774,-0.09602341,-0.5687211,-0.62051,-0.089062005,-0.1421344,0.09907595,0.342573,0.27741888,-0.34878677,0.5318324,0.035341915,-0.12446677,1.1267779,-0.3786095,-0.3666423,-0.26479858,-0.5778549,0.9568393,-0.08616902,-0.53119904,-0.30874887,0.5027294,0.058649853,-0.13009937,-0.10045624,0.41553012,-0.59123814,-0.32591668,-0.580433,0.31974855,-0.4065579,0.020469462,-0.548326,0.02488831,0.65382755,-0.7662912,-0.18696451,-0.08924166,0.25305343,-0.6532669,-0.31827784,-0.07381853,0.09023597,-0.35619897,-0.14448468,0.054345693,0.2546943,-0.38223967,-0.06588095,0.6447194,-0.18593891,0.61263764,0.60892856,0.8705715,0.23608142,0.57629436,0.51191455,0.39357853,0.19609526,0.60384685,0.3417728,-0.101592384
0.41436458,0.4877709,0.37416893,-0.015064073,0.37571785,-0.019594302,0.2913633,0.676441,0.092687786,-0.36854342,-0.1494266,-0.80861104,0.094015315,0.33186322,-0.0005271047,-0.22409919,-0.26468977,0.1025425,0.026636135,-0.23413153,0.028942347,0.35998446,0.17934091,-0.03528129,0.33455017,-0.6640607,-0.36048514,-0.14984518,-0.19073942,0.16407855,-0.12373686,0.5133501,-0.09067117,-0.092238285,-0.7279559,0.5215989,0.35167927,-0.5571295,-0.25171283,-0.13935211,-0.17985752,0.053755186,0.20549336,-0.43464652,0.1925667,0.056275874,0.10753496,0.5405422,-0.024379041,0.32265216,0.96166307,-0.4713953,-0.4357584,0.16687083,-0.3246629,0.2778042,0.49510065,-0.56069165,-0.053899486,0.056095563,0.1506859,0.021521745,-0.45273605,0.4000744,-0.78422314,0.009459613,-0.4510286,0.32656255,-0.3849656,0.24083647,-0.3174349,-0.084969506,0.4394668,-0.44064388,-0.8194745,-0.13042851,-0.22928083,-0.21791473,-0.12873867,0.18440542,0.37021795,-0.41667938,0.046130348,0.23194683,0.13539727,0.25346553,0.028177267,0.3658773,0.045497425,0.29394618,0.37191707,0.35979837,-0.37960085,0.11724365,0.21447495,-0.19303644,-0.15666671,-0.13619685,0.0916364,-0.41471773
-0.2980846,0.26056027,-0.012545609,-0.358522,-0.21119124,-0.28129962,0.6345217,0.34727535,-0.21165669,0.50954163,0.07095154,-0.15391569,-0.10985197,-0.30413124,-0.20623343,-0.30655074,0.0892183,0.15836269,-0.09353169,-0.40789026,-0.49461278,0.46861252,-0.106194705,-0.3285062,-0.7720604,-0.30771843,-0.0029125204,-0.08986809,-0.37412742,-0.07517207,0.9764664,0.74818295,0.38523975,0.5968312,-0.50642574,-0.902483,0.44152346,-0.50054497,0.45245665,-0.41565415,-0.36847657,-0.051345803,-0.548414,-0.7133653,0.7333132,-0.055557936,0.11138832,0.24104013,0.0050053,-0.5372348,0.22813427,-0.43585196,-0.0953431,-0.0018254295,-0.11020854,0.8723851,0.123009995,-0.079634145,-0.46557137,0.7906608,0.6314835,-0.26786447,-0.25217104,-0.10966177,-0.59237325,-0.26612177,-0.52392614,-0.334965,-0.14603947,1.0596285,-0.47401503,-0.73562366,0.32627925,-0.13362195,-0.20263942,-0.40151936,-0.05455782,-0.2868423,-0.3164178,-0.41985303,0.7573073,-0.78867507,-0.4430859,0.8006954,0.51683295,-0.37167892,-0.4391565,-0.050223142,0.15247414,0.21576905,0.8040795,0.25903746,0.38729668,-0.14082584,0.67697585,-0.28586352,0.38247275,-0.48809624,0.1564473,-0.58613944
-0.13212547,-0.24575442,0.41060913,0.068339355,0.35785162,-0.36311936,0.2032126,0.46483877,-0.1391708,0.14205885,-0.015569174,-0.25575832,-0.3156889,0.49309185,-0.3066861,-0.19103603,-0.5116866,0.30908754,0.22358976,-0.71542764,-0.21383645,0.70423716,-0.19886513,0.036533467,0.22953396,-0.6494846,-0.042833254,-0.13581337,-0.5600155,-0.051194016,0.15712494,0.5246486,0.23772115,-0.45878646,-0.3737434,0.098996565,0.60318524,-0.5362324,0.014159223,-0.5438708,-0.51184106,0.06575431,-0.22240852,-0.014817208,0.6640784,0.026290858,-0.13077182,0.6050937,0.38218975,0.14864333,1.013229,-0.5255657,-0.28298518,0.018963851,-0.42349756,1.0643414,-0.05819322,-0.027908873,-0.1828116,0.6175985,0.044922974,0.053206947,0.15081741,0.3434138,-0.48173925,-0.5058545,-0.66517556,0.5295284,-0.21660213,0.23245066,-0.4599084,-0.0071457,0.50618196,-0.66039526,0.039947238,0.1772378,0.36721963,-0.53948206,-0.56144625,0.12532513,0.24114734,0.005001843,0.19257374,-0.3014408,0.16990824,-0.4416313,-0.06492298,0.59632385,-0.1157073,0.43212363,0.41604882,0.6794907,0.5733375,0.4987524,0.21397504,0.18730545,0.44101104,0.35790446,0.24389423,0.17694008
0.26680464,0.34768304,0.20884722,0.18547411,0.33290553,-0.25103748,0.13284798,0.73521733,0.34473678,0.17678118,0.45197877,-0.7579497,-0.105721265,0.39143705,-0.3206249,-0.14580631,-0.2923223,0.5367318,0.11656226,-0.538718,0.019328734,0.24858332,0.10463706,-0.23040473,-0.058256514,-0.78406715,-0.23709601,0.014489077,-0.32790858,-0.008994304,-0.26566255,0.77525145,0.36434487,-0.1999384,-0.52400154,0.12358392,0.8840098,-0.53480965,-0.16388156,-0.2881265,-0.17961772,0.024852732,-0.013452668,-0.5467196,0.54152936,-0.03984395,0.29631224,0.6594019,0.3401168,0.33796868,1.0257018,-0.6066041,-0.64120024,0.57247365,-0.59073853,0.75518274,0.4674241,-0.44774988,0.019175239,0.22054353,-0.171067,0.30142647,-0.4040367,0.23912954,-0.28349936,0.10361164,-0.5167694,0.52935433,-0.38302806,0.055263147,-0.5901821,-0.36965182,0.28112185,-0.6285045,-0.3032199,-0.13040088,0.006360652,-0.26640627,-0.32742238,0.4484946,0.30455464,-0.31482,0.22670944,0.034082294,0.022295976,-0.21276778,-0.27377576,0.38455132,-0.271566,0.5262389,0.18172924,0.12984465,-0.18666124,-0.021198858,0.25471893,-0.27770418,0.087113395,0.029881433,0.07145489,-0.2612262
0.5092001,0.59214133,0.32615668,-0.0042356816,0.2975277,-0.24588823,0.18702693,0.9082755,0.36594296,-0.34532356,-0.034313,-0.818808,0.095211126,0.3413601,-0.13194692,-0.34194732,-0.11677559,0.28310534,0.013349806,-0.43684667,0.13680017,0.50100654,0.009182758,-0.06887776,0.2563827,-0.89217216,-0.5036238,-0.056470584,-0.24024324,0.11422078,-0.2558109,0.6418392,-0.020742903,-0.11672836,-0.807322,0.5324833,0.56850415,-0.5560333,-0.2658992,-0.051559225,-0.23859893,0.1675649,0.23980042,-0.56403804,0.28620613,-0.035373367,0.20050459,0.67898256,0.15753782,0.4306329,1.2738845,-0.5959009,-0.64987385,0.3194307,-0.415593,0.40536192,0.6391692,-0.6625948,0.087601036,-0.074346684,-0.092207454,0.16649942,-0.5724187,0.45446292,-0.71545917,0.26300874,-0.5210768,0.54173565,-0.41491422,-0.018907277,-0.41672444,-0.2293005,0.35256773,-0.580384,-0.8076058,-0.051012214,-0.3426501,-0.22227046,-0.41630033,0.40765977,0.35710683,-0.24789403,0.19310534,0.2975296,0.11152614,0.21759228,-0.056305822,0.43963408,-0.05426203,0.26843852,0.26528552,0.26540676,-0.33637145,-0.07334385,0.33469898,-0.40079007,-0.044384863,-0.22005033,0.19930883,-0.56555456
-0.2866168,0.43042776,-0.028456662,-0.15601256,0.19066083,-0.49314237,0.6747989,0.48580107,-0.05784986,0.47946978,0.18985006,-0.2513921,-0.017568454,-0.11072207,-0.31536716,-0.4156372,0.37253004,0.17534989,-0.122777775,-0.4667257,-0.27511787,0.2980463,-0.08678314,-0.45540005,-0.56956136,-0.09346602,-0.115618765,0.054106653,-0.28435597,0.038174294,0.9466718,0.65494394,0.18561193,0.3963787,-0.59878683,-0.6176578,0.40925428,-0.20433205,0.4529764,-0.2829729,-0.20953794,-0.076894455,-0.36021808,-0.898529,0.6207005,-0.23003,0.19368207,-0.010063618,0.061712194,-0.3198895,0.22803411,-0.59971046,-0.02600054,-0.041021742,-0.24148637,0.62703365,0.16374204,0.016133666,-0.3700112,0.64262533,0.74097145,-0.2592264,-0.12329279,0.0107934885,-0.5125405,-0.13273504,-0.28014678,-0.046625912,-0.06334456,0.83770895,-0.6124697,-0.74823964,0.3282289,-0.092825726,-0.14435226,-0.3540459,-0.12938884,-0.0015155338,-0.19019376,-0.36945575,0.72710025,-0.6731511,-0.6601894,0.79859346,0.37512606,-0.29548377,-0.04244263,-0.0038658213,0.26494586,0.3545933,0.7441321,0.05777154,0.03832081,-0.339934,1.0178438,-0.18603587,0.29717875,-0.38416052,0.20137593,-0.50834566
0.06791561,0.3942896,0.541469,0.44125515,0.22670963,-0.10892173,0.08623291,0.9275875,0.16137525,0.0012853533,-0.15280843,-0.41833034,0.40662688,0.30798396,-0.12278919,-0.41588005,-0.05020957,0.5889698,0.15066561,-0.6297068,0.00017347149,0.36774403,0.15479961,0.029188186,0.39942202,-0.6359403,-0.7084614,-0.0045808116,-0.15259255,0.58593476,-0.1734007,1.0268073,0.22164282,0.019295605,-0.69045526,0.033747055,0.07568406,-0.7658761,-0.153517,-0.704463,-0.04054963,-0.39165094,-0.15597881,-0.22252747,0.5996543,0.0772156,0.25386557,0.25017074,-0.074087314,0.022476884,0.89857006,-0.74377435,-0.50209296,0.51304173,-0.04204192,0.7029542,0.12507857,-0.93705547,-0.06411536,-0.18971084,-0.057172168,0.35904923,-0.67187154,0.1241712,-0.8346618,-0.035074998,-0.56379503,0.3413587,-0.5685326,0.107872166,-0.53333557,-0.12950644,0.5168031,-0.3189531,-0.75127757,0.2571666,-0.3173239,-0.56422293,-0.24275768,-0.025068391,0.90695965,-0.31741932,0.44132218,0.25431085,0.32413423,0.2040493,-0.29117522,0.3531047,-0.10036989,0.37151515,0.38927338,0.0776816,-0.4541425,0.13581719,0.30112198,-0.25152856,-0.2204829,-0.113312446,0.118866384,-0.66628623
-0.15302475,-0.15660039,-0.14203748,-0.5290699,-0.06654084,-0.29522073,0.11811875,0.57096773,0.12188094,0.16981286,0.68707573,-0.5789317,-0.1372127,0.07077882,-0.09814829,-0.2478383,-0.41950172,0.11945556,0.19036168,-0.668242,-0.07450938,0.4120664,0.18916371,-0.13676508,-0.83217,-0.67101413,0.07746897,-0.3795016,-0.38952455,-0.22542784,0.70209646,0.6273067,0.33827257,0.37045887,-0.4361,-0.20429087,0.54298675,-0.709518,-0.20140237,-0.43214363,-0.19092524,-0.19772278,-0.21209015,-0.32886612,0.46633223,0.26993436,-0.047483854,0.67864186,0.4516072,-0.17019816,0.8071625,-0.09644491,-0.3964953,0.27153412,-0.50213987,0.64509517,0.29274845,-0.123750895,-0.3530264,0.5295601,-0.08731688,0.24165961,-0.3411407,-0.13317922,-0.57208675,0.037822694,-0.3377498,0.19900559,-0.32450703,0.55902886,-0.4928618,-0.5643526,0.1541225,-0.46932942,-0.16936052,0.06401411,0.09603778,-0.5493643,-0.6386986,0.3764426,0.24883169,-0.30385506,0.18544969,0.27919963,0.0509288,-0.41171622,-0.9352439,0.012391545,-0.20653251,0.0013507184,0.47730199,0.45247635,0.20632647,0.2099707,-0.055932704,-0.13782981,0.42802167,-0.40278158,0.049100447,0.061083555
0.08106459,0.2572472,0.55579144,0.16146116,0.049154602,-0.25890195,0.27260935,0.56075686,0.080050424,-0.14493132,-0.4077642,-0.4635494,-0.12724984,0.43898347,-0.10973976,-0.3500119,-0.3771923,0.30403113,-0.113305315,-0.2765591,-0.15550168,0.6685325,-0.12818345,0.03241782,0.3547349,-0.6963767,-0.18877995,-0.12731023,-0.40000474,0.15261777,-0.01810439,0.73563457,0.11922774,-0.38853106,-0.5625547,0.33509314,0.41782555,-0.6561194,-0.14391829,-0.3118637,-0.4029436,0.46526146,0.051313285,-0.31505513,0.50225145,-0.05482365,0.009812967,0.59230846,0.21978664,0.2581412,1.0529168,-0.5956604,-0.2874675,0.28502858,-0.19706357,0.7888347,0.25441617,-0.55851865,0.12028247,0.07612409,-0.0052863923,0.06970125,-0.31301123,0.31705442,-0.8632389,-0.12585235,-0.6145177,0.660173,-0.1971883,0.22439961,-0.064905465,-0.06633067,0.40194666,-0.2699157,-0.60223573,0.016092546,0.061509684,-0.52065825,-0.43717796,0.2900758,0.3418508,-0.055885453,0.5238714,-0.16969328,0.1658699,0.10329761,-0.11301127,0.3620617,0.061983496,0.28928193,0.28439152,0.3025322,0.0951422,-0.028296346,0.23852873,-0.09324043,0.028907556,-0.057786655,0.17076953,-0.303477
-0.2242336,0.24022758,-0.015409855,-0.26640183,-0.094419375,-0.37540078,0.6155087,0.41089368,-0.14794946,0.31976643,0.06688363,-0.16295637,-0.050440896,-0.12807426,-0.34213516,-0.34035623,0.1957546,0.09004565,-0.17071,-0.36124292,-0.3281461,0.28263357,-0.16303036,-0.30479527,-0.61512667,-0.3217482,0.032649133,-0.06304749,-0.32703546,-0.061367393,0.8460231,0.49306694,0.23451748,0.433731,-0.43736142,-0.5546767,0.47773337,-0.4154718,0.32429,-0.25955617,-0.3650973,0.038778782,-0.4353889,-0.6992487,0.57832897,-0.08295316,-0.021095311,0.1284541,0.042741217,-0.3648399,0.3143201,-0.3476887,-0.17435077,-0.15794972,-0.2164425,0.691588,0.052610703,-0.048545565,-0.37575197,0.70001495,0.5194234,-0.3736965,-0.16066857,-0.0024782643,-0.5835647,-0.14630726,-0.32398877,-0.2034297,-0.098168075,0.7567619,-0.4435382,-0.54733765,0.16367349,-0.2254945,-0.09109841,-0.34960684,-0.042170458,-0.09067769,-0.3487095,-0.2743928,0.44438463,-0.5396399,-0.39667886,0.7333561,0.28072596,-0.33590585,-0.1647301,-0.0014479995,0.24292652,0.21209285,0.68711054,0.19699101,0.30499345,-0.28895986,0.78502333,-0.22261234,0.27405494,-0.42088097,0.1696798,-0.46858773
-0.264315,0.19240046,0.20432025,0.14470321,0.2014878,-0.27833867,0.42410147,0.7882948,0.27723524,0.22584859,0.4139969,-0.26996562,-0.08531281,0.2312756,-0.3874771,-0.25657472,0.05924835,0.24880849,-0.02066298,-0.30421916,0.072898455,0.5314141,0.26037943,-0.27571833,-0.21025987,-0.40530565,-0.008332821,0.03835459,-0.49384755,0.3393467,0.214651,0.6633528,-0.04452866,-0.034082636,-0.43888924,0.061528683,0.3864727,-0.51309735,0.122961566,-0.20361508,-0.21200182,-0.005348781,0.20474924,-0.6558639,0.5903117,-0.10321,0.27865794,0.3454683,0.2853165,-0.07979679,0.79146993,-0.67414147,-0.17876051,0.040182646,-0.15474163,0.24701272,0.17681472,-0.4275281,-0.023479966,0.005258828,0.030087495,0.28993535,-0.2965217,0.18013042,-0.5415557,0.093882106,-0.07244804,0.6763759,-0.11241741,0.022964204,-0.6296859,-0.89159584,0.20331272,-0.09703322,-0.5953409,-0.14584446,-0.21763411,-0.31022894,-0.052745447,0.17360082,0.5434356,-0.45533752,-0.06911139,0.5607608,0.46587202,0.18078142,-0.12690665,0.19823371,0.16105793,0.31562874,0.39663446,0.21727611,-0.0663481,0.0007761128,0.5492468,-0.2932012,-0.0652033,-0.15476424,0.29631644,-0.5156025
-0.28882247,0.057982534,0.3452968,0.5497072,0.5942746,-0.067299396,0.44168812,0.51752406,-0.4732849,0.38876653,0.68592435,-0.43807817,-0.12684613,0.4928124,-0.36017445,0.15095952,-0.4001609,0.53776824,0.5494474,-0.32702488,-0.029942347,0.29185164,0.2853478,-0.20465487,-0.1580596,-0.6116266,0.062423505,-0.30900976,-0.52923596,0.15272187,0.3504967,0.60039467,0.3144143,0.28365508,-0.32382795,-0.1877863,0.6723987,-0.68778074,-0.07529247,-0.5387509,-0.0153717175,-0.45988962,-0.05168812,-0.18632226,0.25257504,0.33181733,-0.046095096,0.15715548,0.10602059,-0.26806536,0.9490643,-0.55572593,-0.26504248,0.19824755,-0.52170366,0.7468883,0.13567048,-0.41215476,-0.6064414,0.15282388,0.07087815,0.2677265,-0.09130372,0.28678948,-0.5640098,-0.2418454,-0.305234,0.3021151,-0.13859639,0.29170075,-0.7893171,-0.43156952,0.8644215,-0.28679013,-0.22037804,-0.024999043,0.16821814,-0.6181488,-0.030063285,-0.13834795,0.4175892,-0.91744816,-0.237934,0.13526462,0.47420895,-0.2963304,-0.5100548,0.40312147,-0.033491418,0.83890253,0.68728304,0.95958465,-0.13214743,0.70738983,0.3745813,0.64700586,-0.030685518,0.9039079,0.2679187,0.17565513
0.3658894,0.4669332,0.2824579,0.026063135,0.13196222,-0.25181654,0.13334706,0.7901813,0.31935367,-0.31074765,-0.04100078,-0.5261959,-0.029703952,0.12222182,-0.14808895,-0.24233425,-0.08561982,0.23341516,0.18463695,-0.46678197,0.059678417,0.5570538,-0.012555908,-0.022626158,0.18272902,-0.7457026,-0.43188086,-0.041638125,-0.2439136,0.14371869,-0.17361856,0.43730086,0.09161078,-0.038521,-0.62410355,0.39054176,0.3647722,-0.42419744,-0.105928436,-0.24777451,-0.22061092,0.12637079,0.11868898,-0.44439816,0.35391894,-0.057733886,0.14029744,0.55485046,0.021935776,0.42141393,1.074244,-0.49813238,-0.5447475,0.21972182,-0.32324353,0.43812466,0.492731,-0.47808638,-0.0026685055,-0.13866897,-0.15351956,0.26890418,-0.46971315,0.32515252,-0.59194756,0.19432567,-0.5362419,0.42971873,-0.34919426,0.069886886,-0.27186432,-0.15700105,0.46549562,-0.4377342,-0.6162598,0.057105314,-0.38313556,-0.2841214,-0.4660608,0.28126258,0.3356386,-0.3009324,0.030247223,0.343278,0.16159149,0.20500109,-0.119971216,0.43828696,-0.039825536,0.19225124,0.2311818,0.3222922,-0.21275972,0.029102055,0.38643727,-0.25867185,0.047414176,-0.2061932,0.14421566,-0.54159975
-0.2115464,0.3720859,0.06886571,-0.33129573,-0.0321601,-0.37555853,0.8116117,0.4633768,-0.16194566,0.50667334,0.056640673,-0.16023126,0.03545033,-0.22680879,-0.41538334,-0.38628128,0.16715564,0.21889438,-0.24813347,-0.3770139,-0.5073953,0.3815452,-0.32453796,-0.4416159,-0.71572185,-0.3256895,0.022590531,0.0314004,-0.37812853,-0.14009161,0.8926057,0.66541016,0.2952433,0.5635897,-0.59686285,-0.79969215,0.5811425,-0.41777065,0.49435952,-0.21694607,-0.3608031,-0.030534929,-0.55112374,-0.8796706,0.7640867,-0.20086272,0.08788219,0.15832816,0.048977673,-0.44076777,0.3023831,-0.59119254,-0.12033549,-0.11130626,-0.19820647,0.9397691,0.14046569,-0.048662603,-0.4566568,0.855272,0.75277615,-0.5216361,-0.03492131,0.018576054,-0.604376,-0.2502022,-0.563406,-0.4312204,-0.062473904,0.89679664,-0.6316134,-0.6574594,0.25961545,-0.28774622,-0.03506805,-0.49143755,-0.057830606,-0.060214687,-0.35185173,-0.44801617,0.7303389,-0.6563653,-0.54961175,0.8097752,0.3925589,-0.5255851,-0.16683264,-0.0033996925,0.23781158,0.26296225,0.76845425,0.22689359,0.49622893,-0.38424125,0.9634835,-0.356123,0.30302107,-0.4115958,0.23413049,-0.6138573
-0.2199027,-0.27422565,0.08177938,0.15541205,0.3925594,-0.6953719,0.105167724,0.58190936,0.5131657,0.6561586,0.74819326,-0.47048157,-0.25253817,0.28836766,0.024721289,-0.030216942,0.0018039299,-0.0035315081,-0.070612215,-1.0829121,-0.01934048,0.33615008,0.24715412,-0.18882568,0.2635843,-0.32072282,-0.4638172,0.16256852,-0.2961915,0.07609167,0.24504985,0.6778226,0.13176459,-0.42729935,-0.38073358,0.056219567,0.8367937,-0.42478958,0.14017406,-0.3578713,-0.5984257,-0.51392335,-0.09275627,-0.17374708,0.6682795,-0.2153687,0.26451296,0.36094713,0.5207706,0.4249096,0.4840895,-0.47453228,-0.27087912,0.30325478,-0.45815396,0.7524552,0.05663196,-0.1572448,0.21667606,0.68860406,-0.10395874,0.0877127,-0.015075762,0.031132396,-0.47441062,-0.012963029,-0.4607071,0.86063886,-0.17885163,0.06022028,-1.0577631,-0.25037983,0.22304744,-0.59361935,-0.07260057,0.1290534,0.5208682,-0.26098388,-0.40298137,0.61732185,0.79030263,0.23023733,0.364579,-0.19150554,0.12785009,-0.31367037,-0.5512228,0.61645293,-0.4548641,0.42339525,0.047198698,0.032124706,0.1764627,0.03065686,0.63898045,0.1608142,0.46480736,0.27905342,0.24492013,0.17272563
-0.2756747,-0.08768831,0.36223438,0.40068072,0.19060642,-0.159964,0.12182876,0.34032008,-0.13688645,0.34011522,0.3450685,-0.067156136,-0.13646981,0.10956021,-0.15340026,0.022036409,-0.30853105,0.399818,0.37729383,-0.56126004,-0.102341965,0.6118787,0.20010503,0.10674639,-0.055605542,-0.62896883,-0.23890214,-0.09060026,-0.31172466,0.34780794,0.20421498,0.43779564,0.4873444,0.17784712,-0.27865607,-0.23916812,0.5332787,-0.45913273,0.28031942,-0.82479113,-0.4324209,-0.29518723,-0.366887,0.08447395,0.5590683,0.20845243,0.096677676,0.39540288,-0.050147306,-0.062781066,0.8037546,-0.47229537,-0.262718,0.061320633,-0.275701,0.92964756,0.03089587,-0.4346636,-0.33426616,0.19762841,-0.21899268,0.45149237,-0.27007174,0.08367039,-0.6183583,-0.33460757,-0.7825669,0.32493645,-0.2984673,0.2430593,-0.6493739,-0.32397097,0.7118878,-0.31502956,-0.26941797,0.21932527,-0.09053404,-0.593613,-0.32706082,-0.17429355,0.7074021,-0.5738362,0.004588844,0.031841893,0.50442916,-0.21615317,-0.6499079,0.38788486,-0.3727239,0.49917167,0.4266116,0.5972433,0.051702898,0.4681177,0.4132816,0.36798644,0.33138254,0.49517846,0.15333964,-0.29111406
0.29976442,0.54343224,0.5826402,0.107433826,0.49878895,0.08179923,0.30105287,0.8167608,0.086040534,-0.20441517,0.028549857,-0.6489053,0.3700635,0.37699074,-0.3220221,-0.34612975,-0.45236418,0.47999185,0.08411565,-0.37182724,0.05502813,0.21560235,0.052051887,-0.17996582,0.058496933,-0.6383083,-0.12438665,-0.14052914,-0.33067787,0.33898008,-0.2538145,0.5634243,0.19742942,-0.30191103,-0.5750219,0.60538113,0.05579783,-0.5248802,-0.12844032,-0.520087,0.25818,-0.07241268,-0.062839076,-0.5112792,0.6774927,-0.1407109,0.43589222,0.30694374,0.15106723,0.46629477,0.9216261,-0.6863458,-0.4084332,0.5762242,-0.28239167,0.44839633,0.4864015,-0.40960097,-0.2489371,-0.302755,-0.067421824,0.4191663,-0.31623518,0.26096153,-0.623335,0.048185337,-0.19036885,0.31439623,-0.5423443,0.21241614,-0.4109284,-0.17605042,0.3987904,-0.24047624,-0.24446832,-0.027745128,-0.43966943,0.044254266,-0.07971346,0.2544549,0.2196694,-0.46068764,0.026122132,0.11574272,0.056778654,0.23131885,0.026469238,0.33092517,0.23852022,0.48899215,0.2464536,0.25712377,-0.40397337,-0.008470524,0.124394685,-0.16886412,-0.3514668,-0.30031148,0.07172069,-0.47660112
-0.2694974,0.39494902,0.0301871,-0.4830697,-0.17580189,-0.3579464,0.8656114,0.3841772,-0.1998272,0.52598053,0.050747752,-0.14275263,0.036159687,-0.349163,-0.368662,-0.44273654,0.19962907,0.21006118,-0.218686,-0.39597455,-0.55577713,0.3994496,-0.3267513,-0.47862658,-0.89497006,-0.2888442,0.12291327,-0.09682989,-0.4195696,-0.14610292,1.0818703,0.7375413,0.3928992,0.6867626,-0.6049078,-0.91565067,0.42148966,-0.4636375,0.4733003,-0.28948185,-0.29963523,-0.049306132,-0.5970104,-0.9482017,0.78595805,-0.14397287,0.09233699,0.09193378,0.009311675,-0.53822666,0.21100616,-0.55759645,-0.13596247,-0.07901434,-0.14260246,0.9580915,0.12632026,0.053220496,-0.5818265,0.8474789,0.8186457,-0.5120316,-0.12295285,-0.047479607,-0.6752103,-0.2152265,-0.46194184,-0.49406815,-0.079992086,1.1543336,-0.54454476,-0.740518,0.31467065,-0.17816837,-0.03801035,-0.503012,-0.11550248,-0.11465372,-0.33352184,-0.42964366,0.7157312,-0.7926389,-0.6373625,0.9445824,0.4571532,-0.4842701,-0.29373014,-0.10833708,0.2984188,0.23065782,0.8865817,0.24498118,0.4362736,-0.35560364,0.8862963,-0.39931235,0.34675094,-0.5913378,0.2057501,-0.6662908
0.105103016,0.3839778,0.57071775,0.44518858,0.26366293,-0.17993313,0.08367509,1.0229814,0.18958732,-0.0104965735,-0.0557576,-0.5057142,0.47598335,0.4110884,-0.22651216,-0.45928383,0.0020652083,0.6766369,0.25127828,-0.7654151,-0.015223573,0.21729666,0.08653519,0.015802743,0.42485204,-0.6812637,-0.7393148,-0.071726374,-0.1855243,0.5256722,-0.0956759,1.0565665,0.2104483,0.052201483,-0.6863626,0.04463808,0.07234665,-0.90429413,-0.32548383,-0.7013762,0.061449368,-0.5482945,-0.1433625,-0.2829851,0.5429395,0.08530154,0.14601986,0.12610018,0.02184018,0.039936885,1.001006,-0.7475968,-0.626484,0.63790035,-0.17453529,0.8665173,0.11245374,-0.9081079,-0.10699665,-0.23413213,-0.110585146,0.28613582,-0.5914682,0.18053456,-0.85065085,0.05536842,-0.55581975,0.29590216,-0.5859458,0.10918165,-0.617685,0.07118383,0.5418287,-0.41090813,-0.61540216,0.36778086,-0.18207139,-0.5895639,-0.3802646,0.1094183,0.7782235,-0.22245558,0.5424718,0.22577718,0.17011818,0.07972436,-0.40866214,0.35684678,-0.09276911,0.4461378,0.37633768,0.0803573,-0.47133005,0.10145843,0.30731374,-0.18755595,-0.23512575,-0.032886203,0.091679,-0.38572556
-0.038599577,-0.08994244,0.43440542,0.43615252,0.5357206,-0.19084734,0.42789626,0.5911808,-0.3710452,0.09035977,0.4555695,-0.60255694,-0.32676804,0.6050002,-0.337918,0.076674014,-0.41764054,0.44221145,0.35014558,-0.41085744,-0.09639185,0.2786795,0.23954055,-0.036219064,0.13997515,-0.8713668,-0.04008128,-0.2703644,-0.40899226,0.07412657,0.15198457,0.51832074,0.33872786,0.06698759,-0.348697,0.013631062,1.149984,-0.85146725,-0.21795802,-0.61267406,-0.47520995,-0.2720107,-0.05972637,-0.16795754,0.29366723,0.23362258,-0.1653584,0.5109358,0.08897813,-0.10378325,1.3041636,-0.5617715,-0.46611404,0.008513664,-0.79922944,1.1224196,0.1337368,-0.67651737,-0.29871234,0.42249972,0.08316459,-0.0007127147,-0.23877591,0.41764158,-0.6489872,-0.23988163,-0.7035922,0.33114156,-0.42898926,0.15289998,-0.7316734,-0.12564869,0.7585993,-0.73775804,-0.38986716,-0.04974988,0.2996699,-0.68504435,-0.3400291,0.029903756,0.32513687,-0.5729712,-0.085436694,0.040290575,0.22694881,-0.41143855,-0.34560314,0.57644963,-0.3538149,0.79716814,0.5984867,0.7835918,-0.041346688,0.47789758,0.60732347,0.42483264,0.1385489,0.7466152,0.22594856,0.024775822
0.4090725,0.5678649,0.3861049,-0.07683816,0.490852,0.01588428,0.38862133,0.62765104,-0.08788806,-0.44006664,-0.21269442,-0.8391217,0.1473202,0.34070474,-0.07038219,-0.21847475,-0.32982028,0.113386504,0.10280373,-0.21511063,0.0071005384,0.18232709,0.057824492,-0.1277411,0.24650659,-0.5481331,-0.2194627,-0.28578496,-0.2619991,0.04735644,-0.028883733,0.42016107,-0.07319623,-0.12971379,-0.6985737,0.53388155,0.17472486,-0.52333146,-0.31928197,-0.11703289,0.09149981,0.039975233,0.17673336,-0.47536674,0.10278442,0.046108283,-0.024050197,0.3214649,0.035487592,0.30997014,0.84676754,-0.44018415,-0.3821562,0.20646654,-0.31205022,0.23673487,0.4831187,-0.33876726,-0.2474899,0.02236928,0.23894028,-0.0765437,-0.25241542,0.44755012,-0.7226492,0.012401102,-0.18827896,0.21519518,-0.36154485,0.39643946,-0.2329807,0.07817958,0.48156604,-0.37133184,-0.52139723,-0.13246948,-0.18341963,-0.11362872,-0.12322097,0.16365892,0.11246183,-0.39269367,-0.11419339,0.2006074,0.009273071,0.13257764,0.19532907,0.35786784,0.2622635,0.3182723,0.44368353,0.49626085,-0.32019937,0.17193028,0.13058017,-0.033577308,-0.20806396,-0.12035713,0.10383689,-0.19941212
-0.30208728,0.33845213,-0.06399753,-0.23858242,-0.13906547,-0.32732168,0.49679765,0.35882577,-0.23587553,0.33665186,0.12397795,-0.20393991,0.0054063136,-0.2699777,-0.16692556,-0.2452791,0.20898196,-0.0045369193,-0.08960969,-0.43024692,-0.3338303,0.2585485,-0.027240302,-0.27387217,-0.67607945,-0.20853516,-0.14541943,-0.054803107,-0.24347448,0.014482214,0.8948661,0.5837578,0.285539,0.54453903,-0.46209916,-0.67726475,0.41045457,-0.4523881,0.37416527,-0.4142597,-0.32596704,-0.09314614,-0.46948105,-0.6349343,0.5871142,-0.034440298,0.018898275,0.074664555,0.019075278,-0.41765863,0.1957968,-0.2914551,-0.069703154,-0.055342305,-0.13044928,0.6537204,0.10908051,-0.1037911,-0.4728349,0.68350047,0.4691918,-0.261924,-0.2332585,-0.082753494,-0.54129034,-0.18664895,-0.32471624,-0.30474833,-0.13783245,0.844285,-0.4601973,-0.59015435,0.24407358,-0.06043083,-0.17095502,-0.35435274,-0.063878395,-0.17227392,-0.24759455,-0.36453703,0.609722,-0.65315056,-0.4092786,0.7794089,0.4093863,-0.2586539,-0.34043613,-0.0033004752,0.19622341,0.24918377,0.73074734,0.17752205,0.17997432,-0.21754405,0.6993231,-0.090275824,0.29296675,-0.45188934,0.12841673,-0.47076115
-0.09854073,-0.19075432,0.29118842,0.1540155,0.29285526,-0.33441848,0.18872027,0.39429346,-0.0555704,0.24680743,0.12394031,-0.2518411,-0.4114174,0.36320192,-0.27124467,-0.1815737,-0.40008777,0.38869646,0.41106287,-0.7871416,-0.15188904,0.71726084,-0.037251696,0.013605727,0.071742155,-0.56714135,-0.09326235,-0.07173806,-0.5017902,0.010052632,0.347221,0.58709085,0.31563565,-0.30457458,-0.34705308,-0.13823943,0.55266297,-0.48383737,0.1710378,-0.74212706,-0.39676782,0.012786931,-0.30721334,-0.1534702,0.71488154,-0.03234514,0.11077664,0.5501308,0.28546637,0.12308881,0.9495346,-0.57164305,-0.24436183,0.14938639,-0.41233367,1.1012155,0.04961219,0.019600281,-0.209394,0.49550155,0.08020424,0.33121815,0.040882803,0.24083729,-0.3871722,-0.5313129,-0.75282604,0.4944729,-0.23146781,0.49794862,-0.37835014,-0.24466938,0.63640136,-0.44255158,-0.07172034,0.22043976,0.21984293,-0.54671544,-0.5320423,0.00058127486,0.43965882,-0.33172664,0.018686522,-0.21325895,0.2785904,-0.42238277,-0.22573525,0.4785245,-0.18011895,0.48388442,0.41681817,0.5888483,0.4443205,0.49296826,0.29836726,0.17797528,0.5128127,0.32757294,0.09879533,0.096108414
-0.263216,-0.07382155,0.3356731,0.34911308,0.18498266,-0.14959024,0.12602752,0.35977575,-0.16308485,0.30470726,0.32081178,-0.11026677,-0.123610586,0.13976419,-0.17302018,-0.022251286,-0.31782335,0.36643466,0.35793617,-0.5495201,-0.09226435,0.5716687,0.20197968,0.09457194,-0.08522915,-0.61547005,-0.21288972,-0.11447215,-0.30667806,0.3330074,0.25325337,0.43070608,0.46293277,0.17554648,-0.26209962,-0.22334714,0.49807602,-0.46463063,0.2593449,-0.8172294,-0.4010635,-0.28353208,-0.35830462,0.066246614,0.54988915,0.20974472,0.09640869,0.3812542,-0.02539361,-0.084829085,0.78932506,-0.43360746,-0.24373657,0.062645055,-0.27011985,0.8912012,0.03748916,-0.39814353,-0.33817288,0.20646651,-0.18326432,0.43547073,-0.25767416,0.08514404,-0.59985435,-0.33020955,-0.7189294,0.32155532,-0.3151447,0.27775458,-0.61078614,-0.3342574,0.67913276,-0.29000062,-0.25058827,0.19195764,-0.08295473,-0.5636479,-0.30453688,-0.17247383,0.63118446,-0.567655,-0.01810008,0.058523808,0.47382647,-0.21847604,-0.60621697,0.36195597,-0.30806822,0.4869083,0.449896,0.57466936,0.050278623,0.45425302,0.39773792,0.3537677,0.32175198,0.42553425,0.14811331,-0.26457906
0.47608075,0.56020164,0.31448573,-0.03350731,0.2980649,-0.2821676,0.19869834,0.9654209,0.36941004,-0.37782604,0.091685966,-0.86471254,0.13701753,0.35815763,-0.16692597,-0.3189089,-0.08881901,0.24164124,0.07123306,-0.4727745,0.12748465,0.37297618,0.021194205,-0.10505734,0.22128002,-0.8274754,-0.4777926,-0.11312413,-0.24548002,0.08502655,-0.1609775,0.6091678,-0.06938265,-0.051901884,-0.7695676,0.6044515,0.4961279,-0.65810645,-0.41459328,-0.056457736,-0.11568917,0.020376153,0.30710477,-0.59984565,0.23590016,-0.040293127,0.09430875,0.55233854,0.20954323,0.44395718,1.2564552,-0.54589957,-0.6464972,0.3748137,-0.4994393,0.4382533,0.63076395,-0.6069376,0.03568722,-0.12423925,-0.13346085,0.107407235,-0.49664527,0.414117,-0.72492516,0.34871185,-0.43257314,0.46928397,-0.38425165,-0.022635926,-0.45950454,-0.09083915,0.35026234,-0.55232793,-0.6821129,0.012318174,-0.22532663,-0.22433123,-0.4693478,0.524825,0.23689035,-0.14370818,0.24545744,0.31453407,-0.029459273,0.19918859,-0.1701775,0.42086396,-0.004341821,0.25893682,0.24179943,0.25130233,-0.38868052,-0.12113917,0.34614283,-0.27296826,-0.11620198,-0.22100668,0.16624382,-0.32774913
-0.25797644,0.29922506,0.041827053,-0.27597266,-0.07352132,-0.2996195,0.59800243,0.32868344,-0.19715676,0.45487604,0.031279184,-0.20716903,-0.054056387,-0.20346475,-0.1802598,-0.34582952,0.1274978,0.15057832,-0.15562245,-0.32327867,-0.40050536,0.38058048,-0.097261265,-0.3197179,-0.6290728,-0.20507237,-0.016039062,-0.04188905,-0.26561895,-0.055974834,0.88520736,0.6422153,0.33001623,0.5135302,-0.5059004,-0.75524914,0.39258948,-0.3233632,0.4019577,-0.3373271,-0.31437078,-0.07982969,-0.4973392,-0.65597516,0.5741292,-0.10331051,0.1557614,0.16700129,0.00058349967,-0.46954226,0.16931744,-0.44224375,-0.048780475,-0.019313943,-0.101140484,0.6860467,0.14424673,-0.09074753,-0.39734286,0.71623415,0.66507477,-0.2985276,-0.17081562,-0.09975907,-0.5264956,-0.20323388,-0.4126981,-0.25693062,-0.15095699,0.9223647,-0.45681047,-0.6421555,0.33895302,-0.09941977,-0.18798676,-0.34944755,-0.10561907,-0.18164834,-0.23747131,-0.4270475,0.6853019,-0.68656665,-0.5049086,0.71629936,0.4555193,-0.34551516,-0.23981783,-0.016265208,0.17140351,0.23098727,0.7587033,0.19264428,0.28439203,-0.14528282,0.7191142,-0.27302203,0.30252638,-0.41584325,0.20849481,-0.58759856
0.01597551,0.29660583,0.47372827,0.39049757,0.09657498,-0.12544776,0.03755947,0.82506824,0.07300541,0.00097996,-0.2031142,-0.23696896,0.2630059,0.21658191,-0.24549046,-0.42299512,-0.051873155,0.57532585,0.32677922,-0.699505,-0.060215775,0.36439013,0.05920488,0.0777806,0.29651144,-0.5823601,-0.5841554,-0.04587838,-0.19446811,0.52444106,-0.014068619,0.8011395,0.33496022,0.042683396,-0.48335356,-0.12039024,-0.064086825,-0.62528765,-0.009626657,-0.85299265,-0.031848844,-0.3554649,-0.30792987,-0.15537445,0.6335496,0.06739167,0.19263537,0.14763105,-0.11201863,0.0037016144,0.7950129,-0.60675627,-0.46632048,0.4304129,-0.016208474,0.77522993,0.012401535,-0.6547168,-0.16366974,-0.1951209,-0.07390195,0.4257628,-0.50891846,0.111513555,-0.6549708,-0.11217627,-0.55008996,0.27112317,-0.55442905,0.26863346,-0.35177812,-0.05204772,0.59976226,-0.25355136,-0.48966295,0.3254883,-0.3238199,-0.5639271,-0.32804018,-0.13031141,0.69365126,-0.40256882,0.22290918,0.28170648,0.3192342,0.06937607,-0.2642812,0.33601558,-0.01727829,0.36647868,0.40502897,0.16030057,-0.25643694,0.24566825,0.3215086,-0.16741869,-0.046531104,-0.10880228,0.06628921,-0.54520005
-0.23909763,-0.09179375,0.2843765,0.5544579,0.39867496,-0.08630128,0.2783607,0.50287676,-0.38093606,0.36879587,0.58113205,-0.35962328,-0.31119055,0.51452726,-0.39148742,0.088863686,-0.3970038,0.5014222,0.562378,-0.38238102,-0.060088165,0.40392286,0.35418242,-0.043934822,-0.081177406,-0.74002004,0.013016893,-0.2327089,-0.48763424,0.22524792,0.3546744,0.5023627,0.36348665,0.23572609,-0.18208358,-0.25519493,0.73859763,-0.6617281,0.07050008,-0.6799362,-0.28854194,-0.3525968,-0.1510399,-0.07908045,0.37013167,0.33265248,0.053988293,0.3188741,0.048117492,-0.25708514,1.0148087,-0.44270402,-0.31132308,0.1210118,-0.5062283,0.8026457,0.06767084,-0.44639853,-0.4222411,0.2191493,-0.00043725636,0.40582693,-0.18139893,0.2655407,-0.4801184,-0.3134054,-0.5191979,0.41502342,-0.22597592,0.298277,-0.65291756,-0.48899856,0.83398163,-0.33888608,-0.35127094,0.01392046,0.13114503,-0.69623756,-0.09562613,-0.19372508,0.39238507,-0.9770231,-0.19105625,0.13948482,0.5595412,-0.27433205,-0.5249932,0.40952575,-0.15826422,0.8279003,0.6246116,0.83717465,-0.023051975,0.7565375,0.40418252,0.4973973,0.14419386,0.8220851,0.1991363,0.04793724
0.19223496,0.44293246,0.6473817,0.14992149,0.09237163,0.04687058,0.4622294,0.6822836,0.0059006386,-0.059393615,-0.07517947,-0.5239938,-0.06510269,0.38431972,-0.4961571,-0.19065034,-0.5864108,0.33517763,0.044974655,-0.05298156,-0.28506365,0.38697746,-0.02257958,-0.25960964,0.1777294,-0.764629,0.23705049,-0.26638907,-0.5794263,0.18970062,-0.25675383,0.48911408,0.2890017,-0.23092882,-0.37651125,0.55677307,0.1541924,-0.65865374,-0.21794719,-0.35923564,-0.14791882,0.2607891,0.10028373,-0.58224547,0.59298,-0.012845422,0.092965946,0.41189098,-0.013470019,0.51091725,0.8541196,-0.5710189,-0.49947459,0.3586474,-0.3413399,0.67426693,0.31651253,-0.28870088,-0.15572384,-0.13903244,0.06801361,0.1042019,-0.29384327,0.3150439,-0.76020473,0.061222024,-0.32347918,0.33835638,-0.2600959,0.35374862,-0.13897987,-0.04159797,0.53491807,-0.33359954,-0.25666413,-0.33468452,-0.0633413,-0.2551745,0.009641477,0.430285,0.015076827,-0.6344177,0.012017296,0.23115599,0.11540905,0.2800216,-0.09191493,0.41390592,0.37510398,0.57330537,0.2540529,0.39549315,-0.23309222,0.07684158,0.20708027,-0.06388463,-0.39081636,-0.11743912,0.07900047,-0.39585635
-0.29886264,0.31573832,0.0052990257,-0.15349911,0.025661154,-0.37364507,0.64010596,0.3748648,-0.096855916,0.6266908,0.24362455,-0.26376435,-0.104955494,-0.22814925,-0.12468638,-0.24323778,0.16996722,0.2734163,-0.08493528,-0.40839824,-0.39726648,0.48260972,-0.0056899805,-0.3927813,-0.669045,-0.23542185,-0.12717007,-0.014443618,-0.35082343,-0.046609953,0.87680644,0.81248015,0.37330988,0.5758262,-0.6309701,-0.84388405,0.5579656,-0.35867047,0.44697976,-0.32984695,-0.3351946,-0.08896008,-0.4790239,-0.74896604,0.59492964,-0.092893325,0.20832878,0.22708721,0.0064613936,-0.44803083,0.25298044,-0.56374675,-0.11428467,0.08048444,-0.20284234,0.76092917,0.20927007,-0.17709045,-0.40147805,0.793209,0.6481101,-0.22598399,-0.28896415,-0.093612574,-0.6207103,-0.18610294,-0.5075807,-0.1816081,-0.10141221,0.92025894,-0.64939576,-0.79854155,0.4188118,-0.18221767,-0.31751305,-0.3426449,-0.08857858,-0.26039958,-0.28910238,-0.4014839,0.9382517,-0.7496864,-0.45083892,0.676812,0.49901292,-0.34034517,-0.39225206,0.038981535,0.048701305,0.3007395,0.7905419,0.24930878,0.18782733,-0.11294923,0.77266616,-0.26632228,0.33893362,-0.29334727,0.21566285,-0.59493965
0.09327837,0.36545256,0.62818134,0.4370862,0.15675333,-0.07959164,0.03864525,0.9652799,0.06430358,-0.11385122,-0.35980818,-0.34378138,0.5050709,0.34732082,-0.27711794,-0.5389627,-0.05512873,0.63854486,0.20794456,-0.69934136,-0.002644067,0.2809046,-0.022453412,0.063737854,0.4831447,-0.6663569,-0.6752958,-0.109979905,-0.19428618,0.55918896,-0.22336024,0.9723001,0.27802905,-0.04933057,-0.58753824,0.0456527,-0.15835355,-0.7784525,-0.23855111,-0.7741621,0.059141245,-0.4093705,-0.25398615,-0.109689295,0.56248665,0.08653401,0.12960376,0.11109795,-0.085621536,0.010163442,0.8894064,-0.68303466,-0.57890254,0.5214627,0.03979064,0.7576488,-0.022858614,-0.8283149,-0.13589004,-0.2852478,-0.07114331,0.29893327,-0.584234,0.1674444,-0.78392494,-0.029640527,-0.44026178,0.2964456,-0.6587843,0.12109772,-0.39158875,0.1193915,0.5092327,-0.37215093,-0.53736365,0.3530874,-0.3162987,-0.56238896,-0.33853996,-0.03226288,0.65269566,-0.20322528,0.42059207,0.25664482,0.22206746,0.11575112,-0.1446988,0.3860248,0.0562898,0.36686578,0.43138656,0.10374247,-0.33677375,0.23053935,0.21258895,-0.29486597,-0.24157013,-0.14762771,0.1531331,-0.61489564
0.2549071,0.30759034,0.26906732,0.16514853,0.23207507,-0.21068151,0.09912246,0.7374578,0.28791437,0.032669783,0.31790313,-0.6422029,-0.05835133,0.3134216,-0.40199295,-0.14675538,-0.3136997,0.46790424,0.1384851,-0.5047667,0.025302438,0.20095348,-0.01701403,-0.23539557,-0.008930069,-0.7242092,-0.15068384,-0.06295932,-0.35661316,-0.04043045,-0.3945815,0.64096195,0.3866469,-0.26179957,-0.40926066,0.2552485,0.63179094,-0.5024173,-0.2598934,-0.30863625,-0.06540401,0.03879095,-0.011995892,-0.4333593,0.49117407,-0.071414106,0.1534307,0.5478076,0.28807634,0.40562147,0.92917305,-0.51976925,-0.63613796,0.5253462,-0.5045176,0.68710387,0.35784867,-0.31874123,-0.040783644,0.09589579,-0.22697024,0.24159089,-0.3198242,0.19706227,-0.21506678,0.15843903,-0.33685526,0.46811837,-0.39558178,-0.0058358866,-0.4276593,-0.13907807,0.24562788,-0.61440873,-0.08888106,-0.07553283,-0.004188937,-0.23400682,-0.38482437,0.5029973,0.053774916,-0.14719315,0.1816633,0.059316397,-0.100013286,-0.18380676,-0.13904765,0.43419024,-0.11727925,0.43085507,0.15647605,0.15032212,-0.10880931,0.036501765,0.17563863,-0.26624843,-0.0060321866,-0.047429528,0.10604938,-0.25102338
0.17378823,0.3269495,0.5491103,0.21374376,0.08157358,0.05245926,0.36640275,0.67170215,-0.082543336,-0.054587144,0.0060942513,-0.62967527,-0.22683656,0.47168517,-0.4005196,-0.085060686,-0.6513133,0.28246486,0.1152054,-0.10226666,-0.2651869,0.33405197,0.17069685,-0.1766158,0.16511042,-0.82142687,0.19618484,-0.31885925,-0.59030145,0.17877449,-0.16159995,0.47003454,0.32526898,-0.22495595,-0.3056925,0.47573933,0.2840427,-0.766982,-0.24077356,-0.47316325,-0.21989636,0.23663612,0.046709735,-0.45959705,0.51241213,0.08816649,0.075486556,0.4677411,0.03485524,0.42392135,0.86073923,-0.4324899,-0.52076703,0.41420233,-0.3674663,0.6096755,0.30674616,-0.38875276,-0.11558703,-0.05243658,-0.002288059,0.19975458,-0.37932605,0.269708,-0.7505466,0.067468695,-0.28200158,0.4291637,-0.33116603,0.3948459,-0.122111976,-0.06484162,0.534401,-0.32784897,-0.36437267,-0.3024654,0.036983248,-0.37880883,-0.032415424,0.39816234,-0.024640385,-0.67652136,0.13012634,0.1796396,0.1444382,0.26415905,-0.17197032,0.47399116,0.2806657,0.618589,0.28567082,0.46780422,-0.20624097,0.26411366,0.12879209,0.058491316,-0.31815964,-0.043574236,0.063765846,-0.27382863
-0.25384265,0.2936694,0.07104754,-0.070572376,-0.2035977,-0.43856242,0.3918839,0.35990494,0.03194552,0.3503584,0.14344089,-0.019494133,-0.061356876,-0.39078888,-0.22243829,-0.15023433,0.27065685,0.12774438,-0.05782888,-0.39056075,-0.3283853,0.39704382,-0.1757494,-0.27586964,-0.48507217,-0.2100544,-0.17362732,0.044423353,-0.31041777,-0.010417117,0.44611794,0.50834954,0.30448255,0.4952297,-0.4536014,-0.5433635,0.39985338,-0.29145908,0.29492253,-0.24907827,-0.35677803,-0.000722151,-0.262451,-0.54898345,0.54535407,-0.13744158,-0.09525878,0.1145525,-0.024657845,-0.15856887,0.2741547,-0.37821203,-0.17733389,-0.058262225,-0.1538263,0.6692997,0.06458587,-0.13007514,-0.27511153,0.44288996,0.26210818,-0.24566671,-0.21057145,-0.10323544,-0.4985876,-0.010607388,-0.45912254,-0.16597001,-0.028598024,0.47223788,-0.42315868,-0.4116672,0.2760227,-0.22756603,-0.116835006,-0.20879336,-0.09523429,-0.23917754,-0.42633685,-0.14898959,0.6491854,-0.3656627,-0.27640188,0.6456328,0.2558212,-0.24875441,-0.35117245,0.14077815,0.020624181,0.13325913,0.47069466,0.15415852,0.17422582,-0.27205753,0.776828,-0.17252645,0.26271382,-0.29051337,0.16793124,-0.5555834
-0.056280296,-0.23751113,0.34497976,0.23128764,0.3658588,-0.34151685,0.20634179,0.38812742,-0.03805194,0.29900968,0.15340889,-0.32447523,-0.4656464,0.46406513,-0.25751486,-0.13001393,-0.46236506,0.46662652,0.4073905,-0.7980872,-0.17548725,0.730285,-0.011174778,0.013176512,0.15261997,-0.6640607,-0.092206426,-0.08491683,-0.56659734,-0.007069277,0.2707632,0.6774008,0.31810784,-0.38346136,-0.39203298,-0.11744787,0.7038931,-0.590267,0.10952622,-0.7128994,-0.45903105,0.015845485,-0.27947268,-0.14606033,0.7321696,-0.018844822,0.10901345,0.6142055,0.34249103,0.14071184,1.0596468,-0.64244586,-0.309228,0.21036427,-0.48074305,1.1775059,0.05484815,-0.08331579,-0.15831177,0.5621476,0.08093935,0.3167165,0.034606673,0.29239544,-0.43564123,-0.5424628,-0.82013446,0.5803098,-0.24208952,0.4723157,-0.4459896,-0.23807022,0.6662776,-0.5531991,-0.1405806,0.22052158,0.31855917,-0.61636513,-0.5515124,0.056475967,0.4848275,-0.3327962,0.14117943,-0.33505264,0.30445772,-0.47213626,-0.24497254,0.54653746,-0.28135052,0.5684304,0.4139255,0.64403236,0.47663552,0.5671982,0.25278193,0.16809328,0.5137878,0.46414626,0.11023149,0.13175192
0.21974349,0.36215377,0.32303444,0.16985686,0.21713516,-0.24544576,0.21101865,0.65606314,0.4069764,0.17424652,0.32485175,-0.43498588,-0.05354847,0.15557079,-0.43975687,-0.15320034,-0.2296942,0.5750175,0.18149519,-0.4739488,-0.09038848,0.3455428,-0.1153628,-0.28123292,-0.048459973,-0.66513664,-0.11293795,0.047473606,-0.361108,0.034751117,-0.35884997,0.6355476,0.3988936,-0.16667575,-0.45998344,0.15114225,0.59649825,-0.38044176,-0.06524282,-0.29465562,-0.10292429,0.02136096,-0.008447359,-0.5749719,0.68531567,-0.15972261,0.23983355,0.49837372,0.1759257,0.44118807,0.9142092,-0.69158,-0.5671607,0.44757617,-0.50384927,0.8505898,0.3568882,-0.25774124,-0.069489464,0.058971554,-0.13802202,0.2616344,-0.22827978,0.21689394,-0.23819196,0.07038268,-0.57964504,0.37419963,-0.26438227,0.07561768,-0.475958,-0.25168762,0.40965056,-0.562934,-0.080188416,-0.08171343,-0.10815023,-0.22018516,-0.31952816,0.4145891,0.30272788,-0.32738703,0.0103735905,0.096702784,0.05113841,-0.19796428,-0.22551444,0.3562711,-0.17339936,0.4385381,0.12231086,0.14051476,-0.1067992,-0.08925699,0.35342917,-0.3131965,0.048883956,0.001375521,0.046530694,-0.38516703
0.4570784,0.5922186,0.4173503,-0.008024871,0.20089178,-0.24139273,0.25076312,0.8323415,0.41778627,-0.32137275,-0.11805643,-0.5412458,0.12951139,0.1433776,-0.24264295,-0.33842522,-0.07231903,0.3283295,0.07370341,-0.38688642,0.037666947,0.5708009,-0.17304441,-0.120158054,0.24897783,-0.785676,-0.38476303,-0.024885753,-0.272846,0.14524364,-0.33551276,0.52976155,0.027877886,-0.09261559,-0.73874056,0.5354629,0.3398946,-0.4237594,-0.17695537,-0.06893735,-0.17046043,0.15746132,0.23139231,-0.5871865,0.42119068,-0.13749374,0.1572881,0.54112965,0.027104307,0.5137361,1.1667067,-0.6686655,-0.5865065,0.22592005,-0.35049433,0.5039489,0.5366265,-0.49034524,0.008814734,-0.1969384,-0.06806219,0.13942249,-0.41460627,0.42479596,-0.6553499,0.22679429,-0.57430565,0.40923506,-0.312471,0.0021025718,-0.3283068,-0.13604847,0.45824474,-0.52705497,-0.5928097,-0.013597323,-0.4225338,-0.18518934,-0.40514636,0.38088185,0.35292643,-0.26192227,0.010900056,0.33758467,0.13158071,0.20865726,-0.02615717,0.41284174,0.018314429,0.20678282,0.21060212,0.26769823,-0.2610032,-0.12858601,0.41460365,-0.4248042,-0.070304975,-0.23178378,0.17173056,-0.6556879
-0.24292958,0.30445212,0.056333035,-0.07113649,0.05667669,-0.40315908,0.49417832,0.38571954,-0.1937975,0.42962533,0.10606171,-0.20559926,-0.029665953,-0.2716835,-0.1516067,-0.17981057,0.20237096,0.01002982,-0.12810287,-0.4671684,-0.2807457,0.23745675,-0.13256483,-0.33926353,-0.41420034,-0.17767742,-0.2029119,0.07025736,-0.21801573,-0.05628965,0.554505,0.54529214,0.27524066,0.333177,-0.50975394,-0.601412,0.5695574,-0.29033843,0.35825688,-0.26083204,-0.36851835,-0.1883257,-0.422473,-0.5293897,0.5295298,-0.20388727,-0.006897727,0.060261697,0.06546263,-0.22321048,0.1734576,-0.4799672,-0.053180363,-0.06441964,-0.1380828,0.67362726,0.09588658,-0.16418435,-0.3499017,0.6894385,0.4789252,-0.36561784,-0.0914043,-0.077172995,-0.4141662,-0.16503246,-0.3543174,-0.18735406,-0.15179098,0.5789831,-0.59816915,-0.42330423,0.2943446,-0.26353323,-0.017795902,-0.35347155,0.012141838,-0.12185299,-0.26244545,-0.3096537,0.6902114,-0.44587138,-0.47598025,0.6282883,0.36779168,-0.39537856,-0.17662671,0.22638763,0.07486772,0.26134992,0.6283997,0.23920816,0.29118612,-0.18630874,0.8317423,-0.035385177,0.27036574,-0.21111892,0.29170316,-0.54983073
-0.056280296,-0.23751113,0.34497976,0.23128764,0.3658588,-0.34151685,0.20634179,0.38812742,-0.03805194,0.29900968,0.15340889,-0.32447523,-0.4656464,0.46406513,-0.25751486,-0.13001393,-0.46236506,0.46662652,0.4073905,-0.7980872,-0.17548725,0.730285,-0.011174778,0.013176512,0.15261997,-0.6640607,-0.092206426,-0.08491683,-0.56659734,-0.007069277,0.2707632,0.6774008,0.31810784,-0.38346136,-0.39203298,-0.11744787,0.7038931,-0.590267,0.10952622,-0.7128994,-0.45903105,0.015845485,-0.27947268,-0.14606033,0.7321696,-0.018844822,0.10901345,0.6142055,0.34249103,0.14071184,1.0596468,-0.64244586,-0.309228,0.21036427,-0.48074305,1.1775059,0.05484815,-0.08331579,-0.15831177,0.5621476,0.08093935,0.3167165,0.034606673,0.29239544,-0.43564123,-0.5424628,-0.82013446,0.5803098,-0.24208952,0.4723157,-0.4459896,-0.23807022,0.6662776,-0.5531991,-0.1405806,0.22052158,0.31855917,-0.61636513,-0.5515124,0.056475967,0.4848275,-0.3327962,0.14117943,-0.33505264,0.30445772,-0.47213626,-0.24497254,0.54653746,-0.28135052,0.5684304,0.4139255,0.64403236,0.47663552,0.5671982,0.25278193,0.16809328,0.5137878,0.46414626,0.11023149,0.13175192
-0.0757432,-0.16503486,0.40258703,0.47272873,0.40404886,-0.13176769,0.36844832,0.45487636,-0.43133545,0.12716916,0.30017,-0.40855184,-0.48107767,0.48889604,-0.32459062,0.11879282,-0.4735896,0.43637928,0.40739012,-0.3719119,-0.15505496,0.39537197,0.24823885,0.03018875,0.11353922,-0.8629115,0.027411357,-0.25329697,-0.43761492,0.12101474,0.13146268,0.40741077,0.45586777,0.035672713,-0.2226241,-0.1364708,1.0622953,-0.717021,-0.0013971746,-0.74744374,-0.57049286,-0.14920712,-0.19803804,-0.033034656,0.39799342,0.2425828,-0.107912995,0.53773665,-0.02368412,-0.14645031,1.1811941,-0.49398595,-0.39838016,-0.07801626,-0.64568055,1.070287,0.031125644,-0.61454076,-0.2893209,0.4387626,0.09715341,0.13742033,-0.23504122,0.36556658,-0.5483102,-0.35535857,-0.7389027,0.36257994,-0.4428175,0.2617287,-0.5381322,-0.2159807,0.8293103,-0.65903026,-0.38786438,-0.057117604,0.19625162,-0.7396835,-0.29568884,-0.15606733,0.3385546,-0.728947,-0.21530166,0.036842525,0.40021056,-0.41130027,-0.25498086,0.5948635,-0.36337584,0.76478547,0.6163431,0.8428944,0.11768148,0.6520395,0.56755877,0.38371938,0.26026505,0.72769797,0.20632085,-0.16296658
0.05034964,0.27406913,0.6355034,0.14938715,-0.035062693,-0.25375575,0.33206636,0.5021988,0.14618847,-0.13100012,-0.472835,-0.20375006,-0.08182654,0.23611987,-0.22154622,-0.34608656,-0.31971487,0.34820902,-0.046618957,-0.23461322,-0.24001977,0.72995055,-0.3035423,-0.023927266,0.3424124,-0.5996703,-0.08566141,-0.0921834,-0.42461944,0.18172076,-0.109691575,0.6188671,0.16085,-0.35082823,-0.50621164,0.34794226,0.19674997,-0.51884115,-0.06107353,-0.3162266,-0.32658786,0.440273,0.052329503,-0.35065275,0.6264337,-0.15597153,-0.023868928,0.45878917,0.08624069,0.34986904,0.9567874,-0.668437,-0.24222052,0.19323805,-0.14289139,0.868248,0.17111108,-0.39147288,0.039862122,-0.05399115,0.014512792,0.04746423,-0.16816905,0.2942579,-0.7957406,-0.14262375,-0.6630745,0.52175045,-0.10563141,0.2332441,0.0059212493,0.018772889,0.5051548,-0.23211022,-0.39770818,0.050152212,-0.038582016,-0.46865773,-0.42498007,0.26917708,0.3384332,-0.07951411,0.32512787,-0.106277086,0.1832073,0.100077316,-0.08002739,0.33914796,0.12874769,0.2265841,0.22875278,0.3029674,0.14893475,-0.08579089,0.32324195,-0.1326321,-0.0006771825,-0.07763327,0.14461823,-0.4067141
-0.16038091,0.27784157,-0.116274014,-0.20607781,-0.0055964356,-0.3315622,0.5062472,0.44940057,-0.13918284,0.3309794,0.12134944,-0.2198445,-0.06666507,-0.1446155,-0.20601654,-0.20483063,0.26440868,0.043968704,-0.07292526,-0.49698445,-0.2445892,0.23714222,-0.03224851,-0.34563208,-0.5653342,-0.22204755,-0.1563512,-0.0077939695,-0.27768892,-0.008114152,0.82151026,0.6001292,0.13226925,0.40365025,-0.4006924,-0.56725115,0.47370958,-0.45778418,0.30797198,-0.29991868,-0.2864494,-0.08605935,-0.3121718,-0.65551335,0.5636767,-0.09448751,0.015544593,0.04843567,0.09529645,-0.37631658,0.24710877,-0.33180216,-0.07574284,-0.07705254,-0.19582559,0.61313134,0.07833678,-0.067728706,-0.3384482,0.6550638,0.48634762,-0.26263288,-0.18199666,-0.008414547,-0.40383998,-0.12855332,-0.25595525,-0.19969165,-0.12415347,0.70442975,-0.49274284,-0.5908233,0.17937626,-0.15230659,-0.18741977,-0.3518558,0.03361416,-0.15740955,-0.2605125,-0.28047675,0.5413478,-0.52547157,-0.41292998,0.74570805,0.29727703,-0.26960424,-0.19530295,0.025943374,0.16580682,0.20381327,0.6359703,0.122941576,0.2056862,-0.21046554,0.7231255,-0.13629726,0.27433464,-0.3852732,0.15109904,-0.36718848
0.058441192,0.27999002,0.53005046,0.48321423,0.13938002,-0.11831846,0.039215267,0.8567767,0.09661692,0.03355834,-0.19242415,-0.30659524,0.2713021,0.29907945,-0.21834677,-0.38673988,-0.078918315,0.6581595,0.31673923,-0.70575887,-0.081246234,0.34336153,0.10374424,0.08296776,0.3820312,-0.68236876,-0.6314682,-0.06421526,-0.22741479,0.5512627,-0.10424314,0.9114902,0.340505,0.020016665,-0.5358825,-0.11499588,0.036760587,-0.7599914,-0.09186576,-0.8385704,-0.06709368,-0.40448624,-0.28455186,-0.13490695,0.6396369,0.102539755,0.19010036,0.17456625,-0.09321811,-0.01254003,0.88752,-0.6664633,-0.5467446,0.51369053,-0.045783546,0.82510936,0.005562091,-0.8306803,-0.107201226,-0.18245369,-0.08566272,0.4164418,-0.5689742,0.1381981,-0.7340613,-0.08172571,-0.6007662,0.33084992,-0.5922408,0.22603916,-0.41995683,-0.034262065,0.6276703,-0.34523943,-0.6014236,0.3380501,-0.26557797,-0.65210414,-0.331473,-0.09052569,0.7685008,-0.40508872,0.37272403,0.2123852,0.3554901,0.0540192,-0.30995128,0.3877878,-0.11657251,0.43052608,0.4068259,0.1797934,-0.28130126,0.3045783,0.2812462,-0.19860215,-0.087336354,-0.011772709,0.07808509,-0.56174386
-0.02813776,-0.19969971,0.46445704,0.4069586,0.49910688,-0.12791497,0.42348203,0.53987384,-0.509444,-0.016787935,0.25287837,-0.49936998,-0.37541315,0.63864666,-0.38430494,0.03768175,-0.53992116,0.36023438,0.28626686,-0.35143226,-0.08733251,0.3295857,0.15373892,0.06717258,0.25349092,-1.0131422,0.036662746,-0.30731046,-0.38871756,0.03534605,0.05719275,0.35540012,0.39745873,-0.07009107,-0.24375603,0.03848143,1.1960213,-0.7770186,-0.108181,-0.63923854,-0.6527274,-0.18835415,-0.19202608,0.023687378,0.2879106,0.2716893,-0.16972208,0.61760885,0.026845774,-0.12185967,1.3520163,-0.4899162,-0.4885609,-0.19217502,-0.711581,1.096608,0.019421425,-0.6854071,-0.28721583,0.5186129,0.11249767,-0.055505812,-0.19680445,0.49897262,-0.62627727,-0.36963764,-0.6868701,0.34335345,-0.50568557,0.093188934,-0.6243646,-0.0839238,0.7285063,-0.8492774,-0.34599176,-0.10539505,0.23763469,-0.6737516,-0.3192141,-0.056460764,0.19175191,-0.5895055,-0.1922814,0.015204059,0.34466732,-0.4589493,-0.12945354,0.6683404,-0.31871998,0.79001606,0.6395748,0.9023549,0.18761253,0.6283897,0.5735337,0.3635232,0.19156504,0.79419166,0.32264286,-0.14644592
0.50511837,0.6441283,0.39310426,-0.12747459,0.21582267,-0.1915386,0.289047,0.82878786,0.32607123,-0.34384376,-0.18324739,-0.669555,0.17339368,0.18804847,-0.18139958,-0.37323242,-0.1606828,0.25087568,-0.08295777,-0.33950433,0.06852164,0.49396822,-0.18016113,-0.14208423,0.16180615,-0.81251603,-0.34947956,-0.10625573,-0.2886283,0.05940209,-0.271951,0.54577106,0.0003355867,-0.106401555,-0.7792807,0.554347,0.38990873,-0.48182428,-0.26524767,0.022160804,-0.17505065,0.18307774,0.1963222,-0.5506191,0.30394176,-0.11292174,0.11252994,0.5832424,0.14690824,0.43057308,1.136232,-0.63818425,-0.57324857,0.20859228,-0.29591715,0.4316583,0.61259574,-0.54135495,-0.020384211,-0.100563474,-0.045396153,0.037263997,-0.40747315,0.41523266,-0.6943321,0.27050987,-0.41316858,0.4089924,-0.39771375,0.020113537,-0.35281244,-0.13999605,0.32696685,-0.5444251,-0.5550611,-0.095706366,-0.3596396,-0.11975819,-0.42704406,0.40129343,0.23112902,-0.15242259,0.05489589,0.343341,0.09126031,0.15524274,0.022723816,0.43575296,0.110693164,0.13477735,0.30630055,0.3369151,-0.14976597,-0.119864754,0.30468145,-0.4132534,-0.08471916,-0.3143724,0.27482554,-0.65978575
-0.30710655,0.3878046,-0.027261844,-0.39444855,-0.17042588,-0.39519536,0.7906107,0.3871941,-0.25047088,0.55685204,0.13836224,-0.20992574,-0.02705009,-0.34986567,-0.27287373,-0.36668578,0.24540281,0.17281279,-0.13524368,-0.45081705,-0.52786267,0.37621665,-0.1974158,-0.4520474,-0.8855089,-0.26505858,0.0014244579,-0.09128484,-0.37743187,-0.13567369,1.1281526,0.7854799,0.4109084,0.75027645,-0.6075834,-0.98340034,0.5100995,-0.50832963,0.4488762,-0.3467668,-0.3385867,-0.10678278,-0.57183564,-0.9057515,0.70993793,-0.0973299,0.0645711,0.08836083,-9.139255e-05,-0.5785825,0.21104583,-0.49374142,-0.13926393,-0.03354087,-0.19231406,0.93381965,0.13450189,-0.031497635,-0.5681144,0.88677806,0.7995505,-0.4597524,-0.22007129,-0.08451253,-0.6613484,-0.20313278,-0.471682,-0.4670356,-0.1041379,1.1606306,-0.5711957,-0.7601763,0.36660233,-0.1558302,-0.14206754,-0.48023146,-0.0536996,-0.21953194,-0.32640556,-0.44327974,0.7926381,-0.84523124,-0.60705197,0.9530304,0.48680288,-0.47193375,-0.4035681,-0.058681726,0.21734154,0.2794818,0.9153739,0.26173487,0.33042434,-0.28256518,0.89703166,-0.29592434,0.36954367,-0.5256432,0.19794562,-0.599495
-0.34763741,0.19793692,0.20000358,0.06362276,0.22709517,-0.3209597,0.5903817,0.8828934,0.24459553,0.21146467,0.46900666,-0.21982817,-0.061130382,0.305144,-0.63768876,-0.38533455,0.11734435,0.2940273,0.01783693,-0.33794177,0.092333734,0.4452337,0.12800711,-0.39597487,-0.3431968,-0.38132152,0.20458105,-0.093367286,-0.6586233,0.28306788,0.39627707,0.618716,-0.07242309,-0.08433658,-0.3586934,0.0690765,0.23823935,-0.5609729,0.06178407,-0.13856696,-0.04779437,-0.028218927,0.23941797,-0.8238178,0.5807659,-0.14317304,0.2044018,0.15047048,0.43691903,-0.16235587,0.84392583,-0.7271806,-0.21359007,-0.0033797228,-0.1595473,0.2555592,0.09809297,-0.22576858,-0.15014012,-0.06861303,0.08982178,0.23007935,-0.1187826,0.29768893,-0.5169839,0.17276026,0.2422666,0.7239424,-0.084235825,0.09245293,-0.6398119,-0.920349,0.16912387,-0.06615263,-0.36206472,-0.15306012,-0.19272846,-0.2560312,-0.06936966,0.28518862,0.25675938,-0.46647897,-0.2499169,0.7033571,0.43681672,0.08147016,-0.016612515,0.16316414,0.440515,0.35898376,0.49371046,0.31631476,0.05456699,0.0070251795,0.5624924,-0.34331146,-0.1013729,-0.18625085,0.39642644,-0.3689344
-0.21964587,-0.16501684,0.35453016,0.5288151,0.48038477,-0.09690912,0.33908665,0.5860279,-0.4395766,0.2863096,0.6342507,-0.4236323,-0.19997765,0.6630582,-0.46013108,0.05092648,-0.44667375,0.44791928,0.48490554,-0.3785991,0.0050119376,0.35457265,0.25802767,-0.011905058,0.069037236,-0.9292999,0.028223991,-0.30206314,-0.4620371,0.12773086,0.27521265,0.46389332,0.31676662,0.17348103,-0.1925168,-0.09906357,0.90232307,-0.7545948,-0.05691546,-0.5461194,-0.38930973,-0.4740133,-0.12519921,-0.0037686785,0.23781057,0.3967525,-0.025370503,0.38778955,0.09346053,-0.2352789,1.2166287,-0.4487606,-0.44714493,0.019726273,-0.5949316,0.8624936,0.036167722,-0.5360714,-0.43643758,0.27446952,-0.022728316,0.2179854,-0.12969644,0.4146342,-0.5843968,-0.30167112,-0.49062678,0.40638253,-0.24310401,0.08889232,-0.80345386,-0.35796964,0.77766716,-0.55698836,-0.30673963,-0.012563705,0.20899436,-0.6811254,-0.1140697,-0.04605968,0.28136152,-0.8745875,-0.14284106,0.11437464,0.55315053,-0.3407052,-0.5140699,0.50292814,-0.15573218,0.8888356,0.638461,0.95693207,0.054172695,0.78243285,0.41296533,0.5129339,0.07031874,1.0095251,0.33360186,0.11548194
0.09044414,0.1528801,0.608603,0.122149386,-0.0013925752,-0.25693715,0.27125987,0.5801094,0.029064503,-0.29803517,-0.5111968,-0.39510763,-0.12049031,0.45971054,-0.158234,-0.35566294,-0.4446689,0.20076936,-0.13625178,-0.2563775,-0.15854831,0.63959336,-0.23386203,0.10386976,0.49307236,-0.7869161,-0.13665026,-0.18951057,-0.38696587,0.090050064,-0.09974362,0.5680922,0.11197313,-0.49256822,-0.47623152,0.48217884,0.38579622,-0.68320197,-0.20111881,-0.293024,-0.4656958,0.43844536,0.023657106,-0.18613176,0.44773722,-0.053301614,-0.0967324,0.59504783,0.20536394,0.32811105,1.1103983,-0.5221335,-0.3398915,0.17403275,-0.18340719,0.7967636,0.16356675,-0.55428106,0.12536938,0.07213721,-0.06134384,-0.04397894,-0.22223194,0.36684874,-0.8899321,-0.12597781,-0.55422604,0.6261516,-0.21394952,0.10948627,-0.00018157727,0.1497959,0.36773026,-0.3682128,-0.48258936,0.05138261,0.093753785,-0.51685184,-0.5119374,0.37855658,0.14528033,0.08296576,0.54598975,-0.2039202,0.13741988,0.090741724,-0.028458748,0.4543115,0.11790592,0.24484532,0.24580653,0.386799,0.25366485,0.027062245,0.2107343,-0.067428716,-0.013604644,-0.01444504,0.23631065,-0.27491087
-0.27543885,0.2874774,-0.073141776,-0.16365716,-0.30222422,-0.3742289,0.61407846,0.3076313,-0.23148063,0.24161655,0.07651431,-0.031459007,-0.16680883,-0.2710306,-0.20679624,-0.050695155,0.35234818,-0.045669455,-0.13305607,-0.45221746,-0.43063787,0.19791284,-0.14139274,-0.28155726,-0.58044857,-0.28989998,-0.11272988,-0.07713083,-0.34793207,0.00576485,0.8504632,0.5851214,0.23663521,0.451424,-0.36454567,-0.5905069,0.56907696,-0.76635957,0.23053528,-0.3487859,-0.49362168,0.15815687,-0.31657994,-0.75004345,0.56175226,-0.0038259465,-0.34204042,-0.03795564,0.017084183,-0.35269597,0.28482568,-0.28522965,-0.13971257,-0.24318503,-0.21166855,0.8925107,-0.074172504,-0.11449623,-0.42115048,0.741336,0.402657,-0.5006,-0.26868486,0.077126265,-0.64165413,-0.16924508,-0.34014642,-0.35560477,0.043505386,0.74964726,-0.36793038,-0.39742893,0.13745674,-0.14392184,-0.17452718,-0.48997548,0.26155707,-0.3298748,-0.33738917,-0.1942822,0.4665984,-0.459437,-0.24604376,0.8085811,0.24461518,-0.22851324,-0.3739977,0.032030683,0.21364355,0.23002411,0.62675613,0.1868613,0.2563305,-0.3898327,0.79344213,0.054618135,0.20983712,-0.38078892,0.08697669,-0.26581597
0.084227115,0.4678607,0.64895976,0.44821456,0.2641386,-0.100753196,0.162061,1.08123,0.08576357,-0.08987085,-0.27939925,-0.4109628,0.5980135,0.41727093,-0.31813315,-0.6149097,-0.020853424,0.753605,0.2514084,-0.77642167,-0.0020415431,0.21551614,-0.030415665,-0.0054670633,0.45198745,-0.6856365,-0.7005351,-0.16817744,-0.22558679,0.6043481,-0.09690842,1.0973701,0.27875295,-0.019866109,-0.68342185,0.033040717,-0.19591004,-0.9043947,-0.315011,-0.7976911,0.2027029,-0.5463379,-0.23693028,-0.2684298,0.5919498,0.09206598,0.16144446,-0.0025927052,-0.02207238,-0.036998887,0.99372005,-0.8270966,-0.649344,0.62129074,-0.009921765,0.86462075,0.018615207,-0.8782371,-0.22120868,-0.3384222,-0.018559905,0.3142504,-0.59555054,0.23875111,-0.90451586,0.011334554,-0.37090075,0.28359497,-0.6886319,0.21492873,-0.5126949,0.09193654,0.5825526,-0.35792834,-0.5388767,0.38332587,-0.32232744,-0.5874635,-0.32493588,0.03517472,0.7032347,-0.28407347,0.40655378,0.31377,0.2439589,0.099252485,-0.22093132,0.3649829,0.1292055,0.43927968,0.49683914,0.14339386,-0.44637012,0.18791316,0.2334253,-0.29442924,-0.31323498,-0.13518003,0.17317435,-0.5502902
-0.20203532,-0.14379613,0.4649919,0.3833375,0.33734968,-0.1346318,0.17017049,0.426907,-0.20523748,0.24446583,0.3327304,-0.24440353,-0.0028047054,0.35555822,-0.18989909,-0.042291764,-0.4369839,0.3712295,0.2130833,-0.53429633,-0.035307158,0.52171373,0.1568362,0.15030101,0.121011145,-0.8708368,-0.24413426,-0.17663775,-0.29660147,0.28408372,0.083440065,0.47153792,0.42230207,0.039053433,-0.33468768,-0.032653276,0.75368136,-0.6276768,0.11135939,-0.6836003,-0.5456214,-0.3718677,-0.34253672,0.17298782,0.4531458,0.28185806,0.051133223,0.5066982,0.061777998,-0.054233685,1.0412664,-0.49341774,-0.40108407,0.023440242,-0.36348784,0.96753514,0.030886833,-0.623998,-0.2937402,0.31200832,-0.23009597,0.26061195,-0.26272812,0.23877919,-0.7733665,-0.33248416,-0.7406441,0.38206205,-0.3896559,0.043616675,-0.82153857,-0.21073516,0.5966643,-0.5667587,-0.29620844,0.16689354,0.0143352365,-0.56115746,-0.32777286,-0.020251246,0.58850247,-0.43011305,0.17646144,-0.08031341,0.4785993,-0.2837139,-0.58315384,0.48265615,-0.3943824,0.5857264,0.45523047,0.6725722,0.10995418,0.49308407,0.3394647,0.33733404,0.23497137,0.6406239,0.28435895,-0.25744462
0.5054916,0.41035894,0.3960665,-0.12905635,0.39019808,-0.004169163,0.30017197,0.69085574,-0.038386818,-0.57149374,-0.30567902,-0.84936374,0.10160873,0.47412586,-0.13757978,-0.3223597,-0.36467314,0.014935609,0.024205342,-0.2518717,0.03828705,0.2285099,0.022417553,0.037156746,0.4582299,-0.80933326,-0.26362264,-0.2787059,-0.19115359,0.02067697,-0.11269711,0.296397,-0.09276989,-0.24449041,-0.609967,0.6479099,0.33868003,-0.56987375,-0.3175228,-0.09974452,-0.21417786,0.05597581,0.12816422,-0.33929682,0.08215901,0.08434817,-0.005554989,0.52278817,0.02110236,0.36940527,1.0640547,-0.34462744,-0.5404146,0.058155403,-0.36142614,0.30473086,0.41950247,-0.437954,-0.085878275,0.11649317,0.17027172,-0.13712074,-0.29336,0.56301856,-0.74845177,-0.023328863,-0.33627546,0.29725584,-0.4610206,0.2332513,-0.21385373,0.16783224,0.3880009,-0.6011938,-0.6100886,-0.1280773,-0.16897488,-0.13808027,-0.19840175,0.25734398,-0.018012775,-0.32782352,-0.02807478,0.18682924,0.049227968,0.1194269,0.23117107,0.43852597,0.17682697,0.33095938,0.38946515,0.4683101,-0.17537993,0.20471846,0.14901124,-0.18311402,-0.1337481,-0.08924649,0.14945719,-0.27039352
-0.41567984,0.15340197,0.022166437,-0.15778448,-0.40061647,-0.40171918,0.64894575,0.29146692,-0.11993148,0.38554373,0.06735314,0.16590565,-0.29350278,-0.3545233,-0.2972094,-0.10167413,0.24483682,0.08546527,-0.117181055,-0.41012585,-0.61731017,0.4455512,-0.18181857,-0.20404749,-0.6805562,-0.42700526,0.016255373,-0.11532671,-0.48914406,0.05627577,0.891942,0.5166998,0.38765925,0.4667164,-0.38394985,-0.75685483,0.59938467,-0.74006265,0.4682674,-0.44469434,-0.6996289,0.24241306,-0.49519575,-0.7416459,0.79353297,0.008017981,-0.28042763,0.14593978,-0.07341729,-0.36445978,0.33189183,-0.38834363,-0.23811747,-0.30697685,-0.21362327,1.0859147,-0.12627465,-0.13665324,-0.4096348,0.807629,0.34079397,-0.43980578,-0.31640083,-0.008598138,-0.7997553,-0.25981647,-0.62718874,-0.34315994,0.011488903,0.85431635,-0.42363167,-0.48528412,0.19108997,-0.2774978,-0.15589924,-0.40510616,0.10952456,-0.3993965,-0.52732146,-0.230129,0.6040666,-0.64610314,-0.22279401,0.80374724,0.42006406,-0.24251565,-0.5517035,0.009327562,0.14035355,0.22940975,0.62362623,0.27249685,0.41396114,-0.33615088,0.8140922,-0.094294384,0.3227952,-0.33918878,0.08111589,-0.50157833
-0.15541722,-0.12859833,0.17332838,-0.122723624,0.28627545,-0.33550793,0.28102434,0.35580167,0.13713883,0.5260347,0.41325915,-0.38933614,-0.18929462,0.2675602,-0.15079649,-0.19449426,-0.387742,0.117835686,-0.15779513,-0.72972643,-0.13233568,0.3836633,0.018489545,-0.16802827,-0.12001126,-0.50028986,-0.032126125,-0.09083053,-0.4299841,-0.035537258,0.32259074,0.5829558,0.29696378,-0.3079859,-0.34252107,-0.06934728,0.7116115,-0.46167067,0.17495021,-0.36381435,-0.5182211,-0.15747568,-0.28630188,-0.20699817,0.6665754,-0.04537242,0.1675763,0.5112023,0.48264864,0.16965948,0.54696286,-0.48931178,-0.25954685,0.11503215,-0.32627785,0.856858,0.120628595,-0.013169512,-0.095455356,0.7484983,0.061604615,0.032688443,0.039304998,0.14749973,-0.5180461,-0.24730653,-0.4164708,0.55312014,-0.28323296,0.37310952,-0.7965103,-0.38315699,0.15625466,-0.5572473,0.11232693,-0.110302374,0.34870043,-0.17782758,-0.30916378,0.37435007,0.45440653,-0.06826839,0.10348515,-0.12574236,0.18836266,-0.46397248,-0.37898514,0.4279455,-0.16986758,0.36697027,0.32082793,0.32834065,0.42212123,0.12974083,0.27817968,0.0137322545,0.42191735,0.10775798,0.2580427,-0.032433398
-0.034292128,-0.013373618,0.4520932,0.25852746,0.4231519,-0.075310506,0.50339806,0.45843816,-0.4808406,0.09667098,0.15058783,-0.44104165,-0.26936582,0.469623,-0.38296762,-0.05362215,-0.51095515,0.3866683,0.17967367,-0.2715413,-0.14303252,0.33778602,0.05916356,-0.079222545,-0.0023578987,-0.8067628,0.13844573,-0.303856,-0.43783417,0.045525365,0.17041153,0.4306109,0.388963,0.027411958,-0.29510847,-0.05556509,0.94617224,-0.6659794,-0.060466684,-0.57112926,-0.4794499,-0.10990536,-0.1960044,-0.1126322,0.36845905,0.17851791,-0.13539284,0.4969588,0.06151687,-0.1860858,1.111994,-0.5600434,-0.32730806,-0.15964966,-0.55679965,1.0503482,0.0951875,-0.5168153,-0.3804597,0.46840152,0.22247116,-0.061179798,-0.1182636,0.38857517,-0.57420564,-0.34383994,-0.57296765,0.25923654,-0.46598548,0.28416476,-0.55465996,-0.21552189,0.6834286,-0.64468825,-0.20296839,-0.18604118,0.17521854,-0.53666574,-0.24477756,-0.12879553,0.20224532,-0.5898191,-0.32165903,0.109132096,0.3179352,-0.4690679,-0.10979782,0.52506644,-0.12811927,0.65057534,0.70930684,0.8254984,0.20930283,0.4789663,0.5289483,0.29090777,0.18025437,0.5349022,0.31385025,-0.24889818
0.34436145,0.5108384,0.5769666,-0.05705191,0.3239312,0.09956839,0.30965924,0.7717243,0.109516874,-0.17734167,-0.13090451,-0.57145804,0.37163886,0.3549226,-0.40407568,-0.5069739,-0.47055832,0.42123678,-0.082253836,-0.32865915,0.013478839,0.28173596,-0.07064447,-0.15458107,0.0003927507,-0.7127219,-0.037125822,-0.14009726,-0.32498676,0.30780697,-0.19313987,0.51098615,0.20524225,-0.29267296,-0.503761,0.55850095,0.06188906,-0.47871184,-0.06437123,-0.46577027,0.06387571,0.0072038863,-0.13924737,-0.47144288,0.73197985,-0.16898088,0.45000854,0.4026083,0.16694221,0.40131178,0.92406607,-0.6619156,-0.39843976,0.40853292,-0.20985793,0.5434919,0.4569042,-0.3588627,-0.19808829,-0.19709107,-0.013900158,0.33192945,-0.26313746,0.2693782,-0.5880498,-0.00060662784,-0.26305205,0.311863,-0.6004518,0.23660836,-0.35126758,-0.2333236,0.29304972,-0.30008033,-0.17405218,-0.11113664,-0.43387786,0.098120615,-0.09550384,0.23911805,0.10981142,-0.41670007,-0.04408364,0.18651175,0.09929593,0.14074615,0.055814788,0.29062283,0.2983062,0.39490375,0.2994916,0.2050754,-0.1860811,-0.07715274,0.14187594,-0.33804742,-0.24335454,-0.43803486,0.13040708,-0.63152677
-0.23099412,0.23821567,-0.032569595,-0.1612544,-0.010724566,-0.28000394,0.587191,0.45157632,-0.48977345,0.1904132,0.10569025,-0.35588315,-0.11738307,0.02765721,-0.33194304,-0.23284039,0.116334625,-0.0893094,-0.03340475,-0.48574668,-0.28895196,-0.03556152,-0.027232807,-0.30145025,-0.55994344,-0.27983674,0.012582115,-0.23144709,-0.31053945,-0.028148968,1.0044869,0.5259617,0.17330825,0.3191841,-0.30827722,-0.4589085,0.5010253,-0.7209913,0.12872812,-0.4576595,-0.26886225,-0.13762093,-0.32810035,-0.60423815,0.53314537,-0.015287431,-0.22121337,-0.08045907,0.15764605,-0.40412593,0.3136094,-0.187911,-0.0744241,-0.10222244,-0.31778663,0.76286316,-0.0141306585,0.0008831109,-0.5243827,0.7303591,0.54975283,-0.4207202,-0.09906333,0.059238546,-0.50875956,-0.2602389,-0.10162757,-0.22438817,-0.23115559,0.9074255,-0.38046867,-0.34454837,0.22240114,-0.13950662,0.047632124,-0.44395903,0.3026025,-0.16559519,-0.20384097,-0.24311079,0.1885819,-0.6367959,-0.46321848,0.7505706,0.1894965,-0.37396035,-0.1960928,0.09372282,0.41050082,0.4394893,0.7929451,0.31364673,0.2229739,-0.13269234,0.70732343,0.21060778,0.19053641,-0.307569,0.121673085,-0.06432133
0.006105489,-0.23847952,0.38910425,0.11897709,0.44928533,-0.3323833,0.24165797,0.48246846,-0.09265033,0.15078941,0.0683647,-0.43883783,-0.33642372,0.62321824,-0.32874012,-0.27124095,-0.527883,0.38452548,0.27380294,-0.7948927,-0.09797336,0.6547933,-0.11491965,0.037695058,0.2671234,-0.77173394,-0.078897096,-0.13587227,-0.5234612,-0.08679582,0.23526928,0.64956325,0.23385406,-0.5214845,-0.41589603,0.07092883,0.74422455,-0.6287331,0.0065031247,-0.60381377,-0.48304215,0.0067612333,-0.27071762,-0.12577918,0.6524557,-0.015311678,0.08292149,0.66938096,0.43321174,0.18022963,1.1855705,-0.6256318,-0.37312213,0.14341357,-0.5115684,1.1592759,0.06068612,-0.081522584,-0.15165246,0.6262878,0.11217997,0.15401141,0.089250915,0.41210818,-0.48678774,-0.55773556,-0.7149883,0.57951355,-0.3064559,0.3572743,-0.48763102,-0.12722875,0.52833194,-0.685826,-0.07276249,0.17469709,0.34949428,-0.5031787,-0.560177,0.16555215,0.30015194,-0.1790589,0.17360857,-0.35788772,0.21954119,-0.49922007,-0.086035654,0.5806551,-0.16531743,0.5713505,0.4337519,0.64818895,0.54020286,0.5151641,0.2110846,0.10812781,0.4419322,0.4336471,0.19953138,0.17182228
0.28067347,0.3783275,0.20936297,0.08240703,0.18853578,-0.33046758,0.25450173,0.76745194,0.4029384,-0.075923294,0.45854017,-0.66109693,-0.027018053,0.43869692,-0.47960335,-0.34950027,-0.12720737,0.5359045,0.052754644,-0.4302281,0.13644269,0.29199848,-0.060804155,-0.19714835,-0.09579911,-0.9663387,-0.13509206,-0.19664952,-0.39600113,-0.03538222,-0.18029235,0.5581351,0.38265964,-0.09588876,-0.50627667,0.25352138,0.79350054,-0.5854931,-0.35255876,-0.08102988,-0.23029685,0.0907537,0.11633982,-0.6345472,0.2507473,0.107547894,0.13557535,0.5899783,0.3483215,0.25676864,1.3167431,-0.6026652,-0.94563305,0.30587554,-0.6454225,0.7103062,0.4106398,-0.4582316,-0.04184323,0.07580081,-0.26320457,0.18460876,-0.54869515,0.46316773,-0.5032114,0.34031206,-0.25407618,0.53433263,-0.38791505,-0.08358105,-0.54911876,-0.34728816,0.1951281,-0.8028256,-0.3122884,-0.09073039,-0.18093637,-0.29353076,-0.40934962,0.70379955,-0.05009014,-0.30590534,0.091326684,0.29342836,0.050732393,-0.12882508,-0.2733138,0.38466918,-0.08176133,0.47255474,0.21842492,0.28907374,-0.2943767,-0.063470155,0.20051567,-0.4819101,0.016446862,0.010797143,0.2798415,-0.3867245
0.23806693,0.45418417,0.5536394,0.09245234,0.06519307,-0.04193925,0.49731168,0.7633521,0.030459221,-0.25068316,0.06396051,-0.6866856,-0.045271173,0.5787718,-0.51064605,-0.32054016,-0.48254076,0.3092827,-0.06191054,-0.020554205,-0.1039562,0.36728922,0.011274734,-0.19173817,0.13415082,-1.0295229,0.19777659,-0.45544037,-0.6040275,0.1184151,-0.14465635,0.41830403,0.29357284,-0.15182537,-0.43820253,0.6318183,0.3635781,-0.8188511,-0.4533231,-0.16019456,-0.28178018,0.30869174,0.19411945,-0.6259423,0.22384612,0.2074138,-0.0032448599,0.5102197,0.11259033,0.3718662,1.1961,-0.51791394,-0.8402001,0.22971982,-0.47419834,0.5815196,0.36417192,-0.48171833,-0.12990668,-0.11447952,-0.06086586,0.025861962,-0.5748137,0.50704044,-0.9906072,0.29692975,-0.094977364,0.45730358,-0.34998745,0.18960822,-0.23563021,-0.112168916,0.3622216,-0.5737121,-0.45158276,-0.33311924,-0.13667142,-0.3264788,-0.09673854,0.68308085,-0.23173459,-0.60870326,0.08382485,0.3981977,0.1282707,0.32812807,-0.17099987,0.4544657,0.39953178,0.594415,0.31639707,0.5351553,-0.38317522,0.08970574,0.096582115,-0.20969236,-0.40564623,-0.07595665,0.28915876,-0.43028855
-0.30221745,0.3104217,-0.020396253,-0.19622166,-0.2373053,-0.42383283,0.68851316,0.3407161,-0.20920245,0.35808688,0.19105376,-0.082032874,-0.08547044,-0.315366,-0.27368256,-0.18398961,0.3498488,-0.0263881,-0.18607433,-0.38559797,-0.43516442,0.28068876,-0.15670384,-0.30650115,-0.7304209,-0.39620295,-0.08479931,-0.065635614,-0.31955776,-0.035431407,0.9327488,0.53140837,0.30624923,0.60166913,-0.48119155,-0.7389299,0.7715464,-0.63209236,0.3605216,-0.2641489,-0.6408296,0.013833697,-0.4235044,-0.7620021,0.58704907,0.0026033563,-0.19396718,0.10766255,0.011175049,-0.44776565,0.37292433,-0.35758543,-0.23315194,-0.2998416,-0.273884,0.92006695,-0.011422886,-0.22557929,-0.4635779,0.83824015,0.45665202,-0.5481428,-0.29999086,0.026863644,-0.7232556,-0.18585598,-0.4873285,-0.40186813,-0.043991126,0.761125,-0.5787777,-0.57319134,0.16746531,-0.3057138,-0.17828096,-0.49787492,0.07282221,-0.24105,-0.37341934,-0.28576943,0.6185095,-0.6567704,-0.41846815,0.9143348,0.41540155,-0.39152083,-0.44158152,0.032057136,0.103678,0.30027255,0.70167583,0.2845706,0.29006243,-0.3971347,0.90890586,-0.07499397,0.31613284,-0.31915897,0.21105003,-0.510317
-0.22442895,0.20660746,0.18246353,0.04725335,0.10489366,-0.3893065,0.5285596,0.8092449,0.33716404,0.069645464,0.46301112,-0.21881726,-0.0496098,0.32665297,-0.5966646,-0.45810324,0.20725857,0.32202828,-0.055680353,-0.27581626,0.16392681,0.5503848,0.059791975,-0.25670236,-0.28598648,-0.64442575,0.09625889,-0.150137,-0.59152013,0.235875,0.31264442,0.48998046,0.018642288,0.0371585,-0.41956833,0.08435372,0.44559115,-0.5476051,-0.020642627,0.011868203,-0.3060661,0.07348929,0.25300854,-0.7635685,0.3374756,0.03035799,0.14341481,0.32408085,0.36285728,-0.16840413,1.1117332,-0.6863015,-0.52319586,-0.16622987,-0.27022564,0.30766675,0.12857015,-0.3999862,-0.074847065,-0.04093389,-0.05011227,0.16467817,-0.38103798,0.4328186,-0.67663944,0.28727618,0.104523554,0.71096104,-0.13096943,-0.07940378,-0.6452115,-0.8890397,0.11651355,-0.35611174,-0.53954333,-0.12250898,-0.3397239,-0.32531554,-0.1882866,0.4087565,0.19375837,-0.47340697,-0.20178422,0.75597906,0.48482355,0.10790094,-0.13510172,0.20271336,0.27771342,0.34218425,0.44359207,0.38366145,-0.0684358,-0.027373709,0.5108694,-0.51548344,-0.02482967,-0.09725124,0.49326202,-0.57030106
-0.20080948,-0.2723984,-0.10962331,-0.63036734,-0.16167407,-0.22231783,0.11648958,0.42022282,0.025828408,0.056049854,0.58832204,-0.40306765,-0.15290134,-0.045987986,-0.11461119,-0.23634061,-0.4840406,0.004683321,0.22656547,-0.6260351,-0.101822235,0.37606868,0.076848224,-0.09839669,-0.8453705,-0.5904103,0.2561575,-0.51008147,-0.39887333,-0.28183728,0.70727396,0.40671447,0.38664517,0.2937148,-0.30080432,-0.102833,0.3049436,-0.663915,-0.25948355,-0.47816435,-0.121053316,-0.20706117,-0.28137687,-0.20030472,0.4017344,0.27581903,-0.19572112,0.5751563,0.39915273,-0.11800715,0.6621279,-0.0047908523,-0.36431718,0.1330507,-0.43780518,0.6373883,0.16631663,0.09364279,-0.48444295,0.50359905,-0.10588436,0.17160267,-0.1926717,-0.1654099,-0.52286845,-0.006865101,-0.20470706,0.08691603,-0.33392593,0.629596,-0.3309688,-0.32562888,0.14126527,-0.45074964,0.11839519,0.12926652,0.120226115,-0.5172144,-0.67385525,0.41869634,-0.0061345873,-0.21488239,0.058566675,0.2549028,-0.021753442,-0.44900873,-0.8915137,0.01873524,-0.099858746,-0.094056174,0.47157732,0.5527734,0.35051942,0.30635664,-0.20663035,-0.049338937,0.41563615,-0.4383061,0.056963604,0.13860011
0.5211113,0.47329015,0.36794317,-0.025894629,0.21722919,-0.28369415,0.14777619,0.93132067,0.34153947,-0.48001394,-0.117810786,-0.7309679,0.08806173,0.30887517,-0.15885179,-0.31549948,-0.115066625,0.110678576,0.0070083486,-0.46315023,0.109470315,0.45210478,-0.07072913,0.020286564,0.42508507,-0.9346439,-0.49517843,-0.07338122,-0.18239743,0.079384215,-0.31970963,0.40335825,-0.03514138,-0.18654688,-0.70977896,0.6964364,0.53234553,-0.5567522,-0.30179366,-0.049276594,-0.35517445,0.07610933,0.19234553,-0.4002491,0.24195,-0.058182158,0.074947104,0.64253026,0.09956205,0.5485965,1.2602274,-0.4795235,-0.68945575,0.16969033,-0.42362228,0.40593237,0.5250842,-0.6403282,0.09435554,-0.04445522,-0.15774386,0.017348614,-0.464482,0.4560963,-0.7176102,0.25927514,-0.5213513,0.48354602,-0.43791154,-0.12938927,-0.3793545,0.055754047,0.34497938,-0.68830955,-0.6598108,0.00801213,-0.2851449,-0.1932839,-0.50215507,0.46739885,0.18050693,-0.09424871,0.17026724,0.29594585,0.061390113,0.21374878,-0.0023307612,0.56272393,-0.024817204,0.22485349,0.20794521,0.322216,-0.1795131,-0.022808073,0.3861564,-0.31529424,-0.057989504,-0.18228535,0.24317518,-0.52679294
-0.24855597,0.05023919,-0.07539647,-0.36633995,-0.5183685,-0.42912707,0.3496383,0.46368355,-0.0920918,0.20209177,0.2369614,-0.36615,-0.1542132,-0.12553874,-0.15580542,-0.23861115,0.18245809,-0.21498348,-0.31381828,-0.45622697,-0.3854889,0.21350133,0.037236158,-0.089721106,-0.60670346,-0.57603574,-0.09715142,-0.26865295,-0.33350623,-0.08149836,0.88784045,0.53176624,0.22288755,0.53844786,-0.40485823,-0.42399862,0.7073332,-0.94086826,-0.05294329,-0.23719938,-0.7747122,-0.07533985,-0.29581913,-0.49927235,0.43197978,0.14688195,-0.39710537,0.33618087,0.1627385,-0.37777916,0.4423739,-0.011640174,-0.4595061,-0.16416734,-0.35231397,0.7959863,0.012021037,-0.36064133,-0.21871287,0.8416798,0.11409429,-0.5402281,-0.48659325,-0.13869771,-0.8679634,0.06945661,-0.40869203,-0.15708017,-0.2627278,0.632416,-0.49504322,-0.26760948,-0.09745884,-0.48052326,-0.285494,-0.3008462,0.318672,-0.40214443,-0.6197462,0.224955,0.27312222,-0.31718034,0.19328445,0.78559315,0.14002211,-0.22250411,-0.85647845,0.031709228,0.05184923,0.094744496,0.5852842,0.1921632,0.26754916,-0.29378015,0.5435628,-0.15190625,0.26949146,-0.49454668,0.15264484,-0.2686013
0.12948604,0.42061782,0.5350563,0.34915534,0.121275134,-0.22265367,0.18390411,0.95807385,0.22151448,-0.18317933,-0.12846668,-0.36960658,0.47197965,0.41743836,-0.34006548,-0.64700663,0.107619725,0.6878002,0.120979495,-0.6154451,0.096956134,0.3800974,-0.07245919,0.066253565,0.34781274,-0.91236967,-0.6297089,-0.21517342,-0.2425857,0.4845496,-0.08551598,0.8543143,0.30547237,0.10084519,-0.6823408,0.05751253,0.124668196,-0.8173203,-0.32678893,-0.49265766,-0.13549158,-0.32484585,-0.12162533,-0.31876215,0.3206955,0.23433942,0.10308145,0.22151625,-0.0073003657,-0.07007476,1.258182,-0.76087934,-0.89980227,0.30978894,-0.16375053,0.7939898,0.06903266,-0.93343174,-0.123028226,-0.2510275,-0.15040661,0.2242447,-0.7850396,0.40051293,-0.99939156,0.17188911,-0.39405522,0.36195192,-0.6130436,-0.0008025181,-0.54542434,-0.08657118,0.4373667,-0.616983,-0.6978137,0.30416957,-0.45751205,-0.5942657,-0.40256697,0.22438423,0.5396072,-0.33013192,0.3215487,0.45394948,0.3376207,0.1247218,-0.30887866,0.366207,0.014805734,0.4038074,0.44078657,0.25423408,-0.4768602,0.11181166,0.24564567,-0.49501565,-0.18403201,-0.04756378,0.32720354,-0.7346732
-0.17371882,0.028857298,0.30026925,0.44202513,0.35051963,-0.22169937,0.4459811,0.5938155,-0.21631241,0.17777607,0.7165024,-0.39612213,-0.12064163,0.6162926,-0.5169968,-0.14609328,-0.17112322,0.56031346,0.38524395,-0.2985578,0.11364177,0.47008634,0.16000156,-0.06479276,-0.11215562,-1.0194814,0.020299077,-0.4078531,-0.5278932,0.14308716,0.35786995,0.44841588,0.35582215,0.35959125,-0.3373726,-0.09590448,0.8778008,-0.750721,-0.19987983,-0.29776642,-0.39999816,-0.30534104,0.04196028,-0.27275562,0.016749984,0.4951017,-0.0668929,0.37333342,0.122202255,-0.3151692,1.4458586,-0.56391424,-0.7405161,-0.09878898,-0.6629706,0.8242898,0.11890491,-0.58510804,-0.4390476,0.13260947,-0.09723228,0.1979734,-0.42406073,0.56078357,-0.7941435,-0.009416419,-0.3438991,0.4563477,-0.22328357,0.034150932,-0.8211631,-0.5395531,0.677784,-0.67126846,-0.46834946,-0.0045545194,-0.050836813,-0.6931819,-0.18998556,0.18749061,0.18770596,-0.9213219,-0.23293617,0.3981481,0.5739965,-0.21953799,-0.6153014,0.4118253,-0.08060898,0.8176648,0.6492166,0.963756,-0.23096612,0.57668835,0.38503763,0.18783067,0.057334986,0.8659621,0.47388974,-0.12804317
0.50520194,0.6040329,0.3189208,-0.068367496,0.17235428,-0.334643,0.2875995,0.9174634,0.44357276,-0.5222269,0.028040553,-0.7120721,0.15033448,0.3475523,-0.2578563,-0.47480956,0.036744468,0.3011399,-0.038526017,-0.3528377,0.22782977,0.5501283,-0.13749738,-0.048893057,0.20322032,-1.0638146,-0.4260006,-0.22338963,-0.29867727,0.07039387,-0.21781042,0.45541096,0.032677576,-0.009556966,-0.8035164,0.6142605,0.5597496,-0.5919667,-0.42409998,0.14005575,-0.31101483,0.2077591,0.32991984,-0.6330682,0.03360007,0.09377841,0.056266792,0.6443748,0.1594677,0.36773244,1.5257862,-0.61290544,-0.94426835,0.09054615,-0.48999572,0.4065643,0.5866689,-0.69301355,0.03592273,-0.17115787,-0.20338564,0.057165574,-0.7096252,0.6263923,-0.89727247,0.47428736,-0.33437878,0.5341297,-0.4068572,-0.17024484,-0.42978963,-0.21014793,0.27691334,-0.77917325,-0.79747427,-0.011953749,-0.4995304,-0.26005882,-0.51684535,0.64631754,0.09377445,-0.23492196,0.086298,0.5129785,0.14508544,0.25916904,-0.1091964,0.4554296,0.04396357,0.22894785,0.2760635,0.4143435,-0.41859025,-0.11507863,0.29858062,-0.5779023,-0.0858763,-0.18822716,0.39239675,-0.6918416
-0.27256462,0.32871363,-0.06884869,-0.12812887,-0.011301453,-0.43141437,0.53917915,0.4289186,-0.06911024,0.3567357,0.30646452,-0.2071741,-0.070027895,-0.25279483,-0.18401323,-0.17940255,0.35507622,0.026068034,0.013267592,-0.5238128,-0.35993648,0.27394566,-0.005814514,-0.34206566,-0.51102656,-0.1416951,-0.20932987,-0.00814769,-0.2814304,0.02020737,0.8323916,0.58850306,0.20469819,0.5082482,-0.50087726,-0.55018634,0.43596938,-0.4738787,0.2984093,-0.32082415,-0.2894837,-0.10627296,-0.29551962,-0.768329,0.5167283,-0.09108214,-0.0642501,-0.00542441,0.000244593,-0.24270256,0.23717794,-0.4191932,-0.09043591,-0.0585805,-0.31633186,0.7294757,0.1021164,-0.032222915,-0.41264054,0.66793764,0.48151067,-0.3052524,-0.2271414,-0.0031194452,-0.5418762,-0.1296349,-0.44546437,-0.21254401,-0.00030234456,0.7508823,-0.5719137,-0.45413584,0.3097422,-0.1690459,-0.17023906,-0.28044483,0.07872916,-0.19767871,-0.310926,-0.2287427,0.6672646,-0.54041725,-0.4261728,0.72412854,0.22438875,-0.21732606,-0.37830785,0.004044316,0.10556536,0.27818388,0.59215206,0.08271857,0.009033923,-0.29085794,0.8451081,0.019368993,0.2584318,-0.31590942,0.08531083,-0.2684963
-0.19713922,-0.2851903,0.1565625,-0.06658077,0.2933659,-0.34439778,0.19078363,0.28696898,0.13470365,0.47686327,0.49556977,-0.3542397,-0.28810623,0.289065,-0.09963677,-0.122904345,-0.39474177,0.07404064,-0.047474697,-0.80339277,-0.10417619,0.3902329,0.0883556,-0.07164379,-0.018571332,-0.5144801,-0.043103356,-0.12763335,-0.4044532,-0.035058174,0.2979836,0.5053019,0.33239746,-0.4002896,-0.27796423,-0.014730405,0.72419095,-0.48651823,0.14329958,-0.45337868,-0.55459726,-0.1841682,-0.30779868,-0.11071781,0.61253387,0.016175043,0.13081592,0.5337132,0.45042038,0.24508008,0.5562981,-0.41635746,-0.3216559,0.10444218,-0.39046505,0.8618072,0.040001363,0.036673706,-0.08886053,0.76859593,-0.01814589,0.08898161,0.012592231,0.15846813,-0.51104486,-0.2905099,-0.452605,0.59672904,-0.28901726,0.36642832,-0.7688734,-0.26323572,0.17530544,-0.61130387,0.11612783,-0.005370351,0.39698958,-0.2547165,-0.3495751,0.43862167,0.42615542,-0.06472829,0.15321524,-0.22104546,0.16341232,-0.44722816,-0.4458773,0.46442884,-0.2877536,0.41663578,0.25076315,0.35460445,0.38907865,0.24760935,0.19245526,0.09399358,0.4623257,0.2155346,0.20629562,0.101357915
-0.008250564,-0.031438425,0.4073426,0.3453728,0.38684925,-0.2308861,0.50590277,0.55110866,-0.3126828,-0.078731656,0.36092955,-0.46841258,-0.290434,0.601337,-0.4402234,-0.12846057,-0.2963785,0.46453795,0.22141835,-0.2861138,0.014237282,0.43027106,0.080845594,0.014310268,0.081031665,-1.0814124,0.029082695,-0.39670718,-0.45202726,0.057637412,0.14925347,0.35309365,0.42258677,0.1124598,-0.36175957,0.027412146,1.1458075,-0.7714834,-0.22457416,-0.41882658,-0.63547087,-0.07354868,-0.043257855,-0.20769712,0.09499909,0.3677925,-0.19058096,0.58233917,0.05793773,-0.20110826,1.533323,-0.5836813,-0.7337848,-0.27172285,-0.7577492,1.0407233,0.091422684,-0.7121547,-0.30435658,0.37361756,0.0356467,-0.045166872,-0.4403034,0.61476576,-0.8003739,-0.114424445,-0.54252726,0.39212677,-0.46258003,0.046229076,-0.65732634,-0.2656743,0.64852184,-0.9171864,-0.4794349,-0.08930411,0.01391418,-0.684737,-0.3632281,0.14309715,0.121105686,-0.657738,-0.26391822,0.2663286,0.3832347,-0.3441328,-0.2539618,0.5743617,-0.23856649,0.7394028,0.6486057,0.91361314,-0.06809944,0.46891123,0.5337383,0.10212654,0.16840419,0.6936964,0.4429834,-0.32724947
0.50520194,0.6040329,0.3189208,-0.068367496,0.17235428,-0.334643,0.2875995,0.9174634,0.44357276,-0.5222269,0.028040553,-0.7120721,0.15033448,0.3475523,-0.2578563,-0.47480956,0.036744468,0.3011399,-0.038526017,-0.3528377,0.22782977,0.5501283,-0.13749738,-0.048893057,0.20322032,-1.0638146,-0.4260006,-0.22338963,-0.29867727,0.07039387,-0.21781042,0.45541096,0.032677576,-0.009556966,-0.8035164,0.6142605,0.5597496,-0.5919667,-0.42409998,0.14005575,-0.31101483,0.2077591,0.32991984,-0.6330682,0.03360007,0.09377841,0.056266792,0.6443748,0.1594677,0.36773244,1.5257862,-0.61290544,-0.94426835,0.09054615,-0.48999572,0.4065643,0.5866689,-0.69301355,0.03592273,-0.17115787,-0.20338564,0.057165574,-0.7096252,0.6263923,-0.89727247,0.47428736,-0.33437878,0.5341297,-0.4068572,-0.17024484,-0.42978963,-0.21014793,0.27691334,-0.77917325,-0.79747427,-0.011953749,-0.4995304,-0.26005882,-0.51684535,0.64631754,0.09377445,-0.23492196,0.086298,0.5129785,0.14508544,0.25916904,-0.1091964,0.4554296,0.04396357,0.22894785,0.2760635,0.4143435,-0.41859025,-0.11507863,0.29858062,-0.5779023,-0.0858763,-0.18822716,0.39239675,-0.6918416
-0.32591808,0.12998687,-0.023230791,-0.3172977,-0.39257243,-0.31196827,0.49597836,0.2570049,-0.27196348,0.3000308,-0.09198474,-0.02914838,-0.13044137,-0.27906218,-0.22884125,-0.278673,0.2143382,-0.23356226,-0.3725956,-0.40136087,-0.3954217,0.25763074,-0.13898751,-0.16963856,-0.6437676,-0.3782122,-0.0128615415,-0.1733655,-0.32188296,0.040242206,0.86505896,0.4431848,0.2648276,0.32689843,-0.34732008,-0.5651262,0.5692638,-0.6352713,0.34841213,-0.3509127,-0.76724535,0.114620484,-0.5444857,-0.47512662,0.65116715,0.0039232573,-0.29514048,0.1955653,0.023008773,-0.39734587,0.16358426,-0.2005825,-0.19670981,-0.43488353,-0.106303036,0.8233712,-0.11289224,-0.12575486,-0.38716334,0.9393387,0.3527032,-0.55039,-0.29141176,-0.102318585,-0.6757424,-0.26001847,-0.36946273,-0.2588858,-0.26581857,0.7971236,-0.42449602,-0.4027504,-0.08324473,-0.35548627,-0.028145896,-0.4791716,0.14374757,-0.15473408,-0.4089086,-0.21448942,0.34842366,-0.49538544,-0.28455102,0.8319473,0.3598734,-0.28536975,-0.38639337,0.05063471,0.24505016,0.15921268,0.73318523,0.20029825,0.46843037,-0.30272776,0.65005803,-0.124943405,0.34752712,-0.5189914,0.20695142,-0.5994197
-0.05368048,-0.25571713,0.3854643,0.09373685,0.39638597,-0.29469445,0.2428046,0.32103124,-0.09887353,0.2055302,0.07726036,-0.3168708,-0.3715043,0.47719735,-0.26751012,-0.22403547,-0.51081157,0.38837034,0.3237698,-0.7784842,-0.1360549,0.6969282,-0.12837392,0.014029178,0.15686628,-0.63100034,0.0042978423,-0.17382312,-0.54683983,-0.080632225,0.2812831,0.62378675,0.2894656,-0.4924148,-0.39920828,0.01840053,0.6005926,-0.57174516,0.013952373,-0.64808184,-0.40322357,0.035786085,-0.2996692,-0.1215166,0.6491714,-0.016958518,0.04000705,0.60221416,0.38684443,0.17882058,1.0258828,-0.63955796,-0.3058545,0.12237803,-0.46698195,1.1787962,0.030962417,0.06323776,-0.24566884,0.60357153,0.123485826,0.19142559,0.12310096,0.33416563,-0.45006508,-0.5910656,-0.7123235,0.52411526,-0.26927388,0.49269682,-0.4159727,-0.10443965,0.5659003,-0.59541416,0.03566093,0.2183179,0.34672266,-0.5160076,-0.55515045,0.13533913,0.32037568,-0.2031776,0.088923335,-0.37329686,0.20178926,-0.51273054,-0.16332567,0.5209775,-0.17544845,0.5164421,0.43797606,0.669998,0.5362878,0.53975976,0.122890964,0.1672741,0.48079938,0.40233558,0.15603594,0.19451055
-0.01346574,-0.10596728,0.36648032,0.30385855,0.3577467,-0.19345438,0.4184599,0.5040015,-0.30058387,-0.0782247,0.34384763,-0.4561198,-0.2917687,0.5374486,-0.37054676,-0.066463195,-0.3652268,0.32779086,0.14806472,-0.32046667,0.008768366,0.34295553,0.14839217,0.056264203,0.08907752,-1.0339714,0.023936734,-0.30846047,-0.362394,0.06791259,0.08398434,0.2890395,0.4134869,-0.010552295,-0.28137594,0.078847006,1.1726652,-0.72942156,-0.1139573,-0.50667465,-0.6869842,-0.10146841,-0.142035,-0.10935277,0.23912153,0.29013553,-0.10283772,0.6222938,0.061472155,-0.10144271,1.3733704,-0.47747353,-0.62818736,-0.26129603,-0.71036106,0.9837983,0.07490421,-0.68585116,-0.24296395,0.45429865,-0.025020259,-0.017855218,-0.38000816,0.49772298,-0.6911019,-0.19186692,-0.56771225,0.38047102,-0.49695534,0.018565241,-0.6379978,-0.2369074,0.52875507,-0.85870624,-0.40193343,-0.113968804,0.043798175,-0.56394416,-0.3234478,0.13474241,0.13346657,-0.57541394,-0.18261544,0.17446674,0.35382864,-0.33361542,-0.21735941,0.5802904,-0.30121532,0.6910383,0.5515638,0.7720959,0.01654569,0.4060193,0.522757,0.15152371,0.19122155,0.58804023,0.3518883,-0.3427322
0.46357226,0.413241,0.3184651,-0.1509429,0.25300434,-0.09443454,0.31331936,0.6371166,0.13882099,-0.5472535,-0.11855103,-0.7519202,0.11984599,0.38342962,-0.14965083,-0.3642012,-0.19935107,0.046625283,-0.075049385,-0.23947366,0.115846716,0.2831652,0.030671304,0.043238528,0.27804992,-0.8991291,-0.25419632,-0.2768554,-0.19708982,0.052136738,-0.09264623,0.24853948,-0.010540801,-0.1392707,-0.6194096,0.5978659,0.4799208,-0.5621169,-0.30372632,-0.01609574,-0.3538874,0.103809476,0.14004923,-0.4220664,0.05365168,0.1385325,0.034198135,0.5718812,0.04938096,0.32819772,1.1670821,-0.36812228,-0.71428937,-0.05450944,-0.42631388,0.32140523,0.42282987,-0.51838535,-0.05741653,0.110726334,0.0030538007,-0.09807612,-0.48535728,0.5642338,-0.8242663,0.12079348,-0.31515655,0.33642596,-0.4580474,0.10546633,-0.31482387,-0.020784134,0.24483308,-0.69227993,-0.6737151,-0.12899718,-0.31451952,-0.12564862,-0.24481162,0.42102122,-0.005080615,-0.359332,-0.017548572,0.3257495,0.12028809,0.16173857,0.051652294,0.39561242,0.08222321,0.29223552,0.33192724,0.42072684,-0.29300314,0.04505658,0.16187291,-0.35479936,-0.07863579,-0.14432411,0.21011269,-0.47899038
-0.34772694,0.23173986,-0.054648675,-0.31631002,-0.38941258,-0.38229382,0.61313444,0.30384153,-0.18786575,0.3488186,0.12070014,0.02030805,-0.11301418,-0.42254212,-0.261994,-0.21058106,0.328874,-0.061412074,-0.16579871,-0.46097815,-0.5046282,0.3359753,-0.16625446,-0.24844664,-0.7667845,-0.37283117,-0.0397957,-0.06841529,-0.34055507,-0.013842403,0.9487143,0.54016703,0.3460393,0.5935683,-0.41917428,-0.7652014,0.59224325,-0.6530141,0.41362324,-0.36191344,-0.62369466,0.0459258,-0.51318926,-0.72618395,0.698701,-0.018466271,-0.18635021,0.11579751,-0.025700452,-0.43731537,0.2752285,-0.2900759,-0.17841037,-0.29613003,-0.19282317,0.9347902,-0.063043706,-0.087564714,-0.4859834,0.8614684,0.4349438,-0.48175943,-0.30036235,-0.038932502,-0.66705227,-0.2392129,-0.5150471,-0.41541642,-0.0692082,0.87108743,-0.47004804,-0.549807,0.14067785,-0.24321228,-0.118003845,-0.4535056,0.06560483,-0.257781,-0.40509367,-0.3002427,0.5824045,-0.6292816,-0.38852656,0.9308768,0.4046141,-0.33361354,-0.50317943,-0.040693466,0.13603482,0.21781157,0.7193296,0.20362006,0.38222256,-0.37022257,0.8223812,-0.12759207,0.37398526,-0.51255554,0.1299055,-0.5392266
-0.20940991,-0.07556072,0.21093486,-0.06724451,0.3873539,-0.38252068,0.41088632,0.3918154,0.10482194,0.62145305,0.4571838,-0.3762332,-0.17555028,0.22543095,-0.17491083,-0.14644335,-0.3334394,0.1935999,-0.14185578,-0.73696655,-0.23002563,0.4015272,-0.041355673,-0.22004594,-0.12005076,-0.46769714,-0.076165155,-0.017538907,-0.44099894,-0.085054584,0.37136304,0.64864045,0.3144623,-0.24677935,-0.4592739,-0.20668498,0.8157749,-0.4746052,0.26593924,-0.34542215,-0.5024138,-0.17997175,-0.36072934,-0.33867574,0.712907,-0.11177533,0.1956016,0.4823952,0.4444995,0.13784343,0.5205627,-0.61026514,-0.2596261,0.15370725,-0.36600593,0.9535499,0.13483778,-0.04166429,-0.1454563,0.8490875,0.19835238,-0.0893794,0.09260678,0.1667543,-0.5854995,-0.30979192,-0.52759147,0.41345292,-0.20320898,0.43933982,-0.92894685,-0.38374493,0.21462883,-0.5836274,0.10684958,-0.15472752,0.35135862,-0.16093047,-0.356362,0.2537118,0.6620213,-0.1412246,0.06565818,-0.09403015,0.23495379,-0.5265642,-0.3528832,0.4362156,-0.18304361,0.45743406,0.35371044,0.3621621,0.4770157,0.07531344,0.4421766,0.0052145766,0.38741228,0.19942091,0.26559106,-0.029294532
0.25446337,0.26646417,0.17067945,0.0641271,0.16090232,-0.304578,0.16631374,0.68985385,0.40976247,-0.062387545,0.46925715,-0.6123084,-0.045129128,0.33265978,-0.3753971,-0.2310337,-0.19254024,0.37913075,-0.026565492,-0.46575987,0.1203357,0.2254122,0.013838705,-0.13668425,-0.0827208,-0.941958,-0.15687108,-0.09480848,-0.29028845,-0.035156116,-0.27598897,0.46251413,0.39492628,-0.202395,-0.43271875,0.29182854,0.9026326,-0.53999096,-0.21964674,-0.17182893,-0.3487806,0.03940163,-0.016146233,-0.4908123,0.3900069,0.035953064,0.20604283,0.66436905,0.32056472,0.35955513,1.1609702,-0.49972093,-0.85073376,0.26936424,-0.6176702,0.68653506,0.37847126,-0.47748607,0.01920708,0.19922487,-0.34951127,0.18505692,-0.4975133,0.326444,-0.41074324,0.24475843,-0.34037995,0.5003689,-0.42037135,-0.14978662,-0.5762428,-0.30123597,0.0817139,-0.79451925,-0.23935546,-0.109084435,-0.15205604,-0.18825695,-0.39965558,0.68468755,0.019112132,-0.2196948,0.17376386,0.19383635,0.050286394,-0.13769022,-0.2766577,0.42262378,-0.22161096,0.42345542,0.1110689,0.18130058,-0.18099332,-0.11661335,0.2217203,-0.402602,0.06484275,-0.03503149,0.20746286,-0.44018346
0.40423912,0.5994468,0.4496011,-0.15835781,0.43337747,-0.0192968,0.54756075,0.6378615,-0.06521597,-0.27735403,-0.2954591,-0.73644495,0.1810064,0.25514674,-0.17902116,-0.31071684,-0.28114232,0.18153033,-0.0350635,-0.19209376,-0.1514226,0.2952612,-0.13874388,-0.1602956,0.19170232,-0.61512625,-0.19929166,-0.18548113,-0.2805542,-0.029594922,0.045506578,0.4714864,-0.03841114,-0.035212252,-0.7868436,0.32467356,0.3256573,-0.501507,-0.15205249,-0.03682652,-0.09959576,0.079684444,0.011906677,-0.5944457,0.23368205,-0.06382638,0.039592355,0.40394077,0.0046189553,0.22487266,0.8505229,-0.58933383,-0.40219766,0.10815193,-0.2957213,0.46855405,0.47894534,-0.36463284,-0.25027904,0.22396043,0.42338824,-0.2892448,-0.15366353,0.47513676,-0.78633034,-0.095073864,-0.4360623,0.04477259,-0.33074045,0.46630624,-0.36343822,0.012421097,0.46029517,-0.4887836,-0.48492476,-0.2570934,-0.19196318,-0.054301232,-0.21251267,0.018993722,0.30042216,-0.44759816,-0.19902217,0.30165783,0.12416152,-0.027246453,0.20925681,0.33733803,0.26935402,0.33340082,0.5244872,0.49760857,-0.042830896,0.03982366,0.33928737,-0.2445905,-0.14433642,-0.13266821,0.17135102,-0.3837547
-0.27815843,0.37849,0.010455862,-0.23065346,0.037114896,-0.3748918,0.76782346,0.39756593,-0.0868859,0.44816047,0.25279677,-0.17321922,-0.014960191,-0.2132619,-0.33185044,-0.28058136,0.24235092,0.24756958,-0.08219803,-0.34729815,-0.399428,0.28341594,-0.17148203,-0.43865412,-0.7348165,-0.22664152,0.071211405,-0.072901435,-0.3942103,-0.082181625,0.9120769,0.5873174,0.27495196,0.5276566,-0.55392337,-0.66966873,0.4552971,-0.39036524,0.3437481,-0.20366353,-0.20107538,-0.034545247,-0.3662861,-0.90452766,0.54943943,-0.09147787,0.04302518,0.02331656,0.055410568,-0.3926983,0.28050363,-0.5222812,-0.16493171,-0.044689804,-0.2659118,0.7199786,0.11996863,0.0034419706,-0.4971404,0.64758366,0.6404073,-0.3620446,-0.10818741,0.054246403,-0.61275023,-0.105632424,-0.30125973,-0.27671084,0.005723769,0.8420967,-0.57389736,-0.62965536,0.3071338,-0.16762358,-0.06629911,-0.36970326,-0.08271806,-0.10105161,-0.27634105,-0.28509274,0.6185122,-0.69401735,-0.5400081,0.77049124,0.3410701,-0.37052405,-0.24259286,-0.023411756,0.25977644,0.30239618,0.7033808,0.28552696,0.19110285,-0.2937847,0.8138758,-0.19981545,0.2280911,-0.3152428,0.17311068,-0.40179875
-0.30579418,0.27937528,0.2644804,0.02266445,0.24535935,-0.2903907,0.6622201,0.7587159,0.14315796,0.3366576,0.30870196,-0.1790228,-0.015145992,0.15707557,-0.56739795,-0.33648953,0.059788257,0.32723874,-0.07873883,-0.26952252,-0.08819574,0.48101833,-0.023552587,-0.40027592,-0.36544645,-0.34870997,0.15427801,0.015074435,-0.5895422,0.17246443,0.3838897,0.632619,0.004951484,0.02028167,-0.47840363,-0.13854988,0.36458594,-0.46067542,0.23097207,-0.113913976,-0.1409147,0.01529656,0.029563954,-0.81097823,0.6464516,-0.2194685,0.22533473,0.21258728,0.3263002,-0.18742809,0.68281,-0.79050225,-0.13615811,-0.01897676,-0.12046495,0.41812968,0.1470415,-0.24380048,-0.19970816,0.15471579,0.2710754,0.021547161,-0.01849354,0.23757054,-0.5319066,0.0033243618,-0.040879466,0.43808085,-0.050378084,0.21658571,-0.686177,-0.84189135,0.21091191,-0.12422573,-0.2819801,-0.2611801,-0.18331596,-0.16659355,-0.124922276,0.023428122,0.48853543,-0.4851525,-0.29640374,0.6394904,0.47144324,-0.07665721,0.029542262,0.16442944,0.36909777,0.3523583,0.53585106,0.3351748,0.25326535,-0.0748166,0.6781138,-0.3446151,-0.04969195,-0.15245584,0.37818587,-0.4923924
-0.22404432,-0.068387054,-0.11742964,-0.5211562,-0.05557148,-0.28894028,0.22842827,0.516751,0.08975656,0.07452459,0.70025635,-0.4831939,-0.055276647,-0.042440172,-0.11387588,-0.24422786,-0.376572,0.09391793,0.17744848,-0.5173473,-0.031302724,0.40165025,0.13181251,-0.18485597,-0.9308741,-0.6055065,0.17459549,-0.4945406,-0.40885994,-0.23856395,0.709428,0.45067605,0.38009933,0.4353671,-0.45682132,-0.11220948,0.415169,-0.59993315,-0.24933767,-0.34671777,-0.09937227,-0.16505887,-0.18880835,-0.34621543,0.2774902,0.3065169,-0.13060254,0.57620126,0.40122625,-0.179488,0.7849862,-0.11599263,-0.42601338,0.14816554,-0.48261806,0.52651,0.27578562,-0.09665758,-0.5007222,0.43111703,-0.10573721,0.18068731,-0.34609538,-0.116386235,-0.6596322,0.12183682,-0.123600625,0.12564127,-0.28062156,0.5001453,-0.4800139,-0.52670074,0.16306807,-0.44236493,-0.062162302,0.07278384,-0.060150538,-0.47687823,-0.6230203,0.40476727,0.11506416,-0.30358255,0.0002949939,0.375543,0.05657794,-0.3500478,-0.861126,0.039196752,-0.05232977,-0.04577052,0.52127635,0.6053098,0.12573992,0.21399108,-0.09614541,-0.103252545,0.33224034,-0.3872488,0.16194408,-0.02803477
0.42592865,0.6620618,0.33555317,-0.009716237,0.31658706,-0.2255768,0.28652316,0.84474623,0.28985754,-0.44317016,-0.044504404,-0.73849046,0.1632128,0.26087862,-0.15608865,-0.35140353,-0.1008604,0.23402925,-0.0036319941,-0.29415557,0.17310348,0.4530724,-0.03307362,-0.1174865,0.15941174,-0.79499495,-0.38681206,-0.17271419,-0.25028247,0.10331339,-0.20885952,0.46146035,0.019343227,-0.08448858,-0.7901939,0.6175374,0.4112042,-0.45242992,-0.29768568,-0.0067373784,-0.12160023,0.19649667,0.24658525,-0.57002294,0.12362969,-0.005006811,0.12540111,0.5541476,0.116832875,0.40863076,1.207132,-0.5851864,-0.634446,0.20404187,-0.38264567,0.28318992,0.6086849,-0.58548635,-0.058812283,-0.14992654,-0.08058279,0.112222716,-0.54856056,0.46203047,-0.7654475,0.3106945,-0.2784022,0.4738699,-0.380423,-0.027929747,-0.37058166,-0.18721959,0.3464478,-0.51453155,-0.662109,-0.05209143,-0.46371865,-0.13393226,-0.36823618,0.4142353,0.18198135,-0.24460647,-0.00034309627,0.37644833,0.096088186,0.2676347,0.054192223,0.44729638,0.1270164,0.23516726,0.3115155,0.3813783,-0.40436846,-0.06629978,0.28873497,-0.3294341,-0.13694313,-0.22917297,0.2887634,-0.60545874
-0.25807312,0.39792395,0.102224454,-0.36958522,-0.12470679,-0.3756598,0.8585459,0.35558477,-0.13507554,0.53241104,0.06770901,-0.11261217,-0.0042707017,-0.33703205,-0.31769213,-0.36605716,0.21994707,0.2374934,-0.20031936,-0.33922464,-0.5497569,0.4181737,-0.31677955,-0.44909382,-0.7452971,-0.22420447,0.09062338,-0.018633101,-0.3738585,-0.13574615,0.97411186,0.68491465,0.36727703,0.6079522,-0.6074018,-0.8297014,0.42139715,-0.40300855,0.44846335,-0.26902488,-0.307361,-0.055997062,-0.49958664,-0.9152492,0.713016,-0.20591286,0.11402334,0.07736082,-0.010588806,-0.44536152,0.19089034,-0.609676,-0.09662186,-0.06842153,-0.14523152,0.9151343,0.14798747,-0.0027042935,-0.49880272,0.7564014,0.7834724,-0.49830565,-0.06804806,-0.03212969,-0.6615163,-0.1744338,-0.48511943,-0.41879186,-0.02927047,1.0166289,-0.5406548,-0.6389893,0.37863234,-0.13662724,-0.06383203,-0.4528625,-0.087009214,-0.12699112,-0.3177734,-0.38551262,0.7678543,-0.6991476,-0.5896307,0.8476738,0.45774412,-0.42927966,-0.25753638,-0.02969909,0.2580642,0.24564317,0.7787878,0.23969111,0.40178084,-0.3490114,0.9280507,-0.32378823,0.27982372,-0.4594726,0.21744478,-0.6183784
0.036876142,0.48616886,0.58464354,0.27176726,0.2663257,-0.10476516,0.32555252,0.89455926,-0.027620321,0.08616981,-0.29228413,-0.3579661,0.4912463,0.2557024,-0.3206031,-0.5323621,-0.07778857,0.6438196,0.0892583,-0.5938004,-0.16715592,0.27663118,-0.14437434,-0.0952572,0.21310404,-0.57352424,-0.52193534,-0.06053822,-0.23866689,0.39559087,0.055268425,0.9758148,0.2745584,0.08455897,-0.70654947,-0.17475827,0.023080355,-0.7139076,-0.054261327,-0.63339585,0.055996217,-0.3722273,-0.35949367,-0.36751938,0.64740086,-0.02791584,0.18849477,0.098286204,-0.021836234,-0.11283569,0.7699404,-0.8152388,-0.44162783,0.4533719,-0.0062391222,0.87639016,0.09344371,-0.7061522,-0.26879638,-0.013882552,0.22092588,0.06849672,-0.36560208,0.18120767,-0.8089412,-0.1469672,-0.49933463,0.070026755,-0.53020513,0.3586096,-0.5531185,-0.059736144,0.51581824,-0.33212465,-0.38618132,0.12558661,-0.26697654,-0.39611164,-0.308609,-0.19823375,0.7774843,-0.34815973,0.18252686,0.33854705,0.29977903,-0.088547006,-0.107178435,0.29986748,0.15927128,0.40638176,0.5613983,0.19677094,-0.11414126,0.06525397,0.4133133,-0.2873835,-0.19447874,-0.15151793,0.1921928,-0.6028295
-0.27081355,0.08022022,0.3027011,0.4855055,0.49551538,-0.09313252,0.43932146,0.51941377,-0.401707,0.28719,0.6486783,-0.4349955,-0.10129996,0.5194642,-0.410094,-0.019471923,-0.33156374,0.47918582,0.43085718,-0.23931322,0.04813639,0.35873067,0.28876173,-0.14110324,-0.20326166,-0.7198841,0.07380912,-0.35801324,-0.47645333,0.17696959,0.40813243,0.47035235,0.33453327,0.31290144,-0.3110211,-0.12587927,0.7147247,-0.59995306,-0.05547566,-0.47391325,-0.19591558,-0.33278757,-0.0658665,-0.19326134,0.1298034,0.39568007,0.01324021,0.2774489,0.0879122,-0.30671868,1.0818479,-0.50839484,-0.37746614,0.033571485,-0.5407928,0.6876379,0.13607109,-0.4637072,-0.5555871,0.17497799,0.05182234,0.26260197,-0.23449631,0.35531566,-0.63922113,-0.20368646,-0.28616542,0.37500212,-0.20262861,0.2115801,-0.7589624,-0.5427092,0.756409,-0.36390698,-0.3181523,-0.05964083,0.0017330268,-0.5610668,-0.02294594,-0.09694314,0.2901956,-0.947848,-0.33155185,0.25835356,0.52547276,-0.23516722,-0.4599059,0.38497376,0.019169962,0.8154268,0.7187637,0.933004,-0.19375609,0.6445322,0.37273863,0.4584332,0.020574562,0.80009687,0.35041097,-0.019666445
0.46735823,0.49982518,0.27984887,-0.10190704,0.16465932,-0.27028984,0.21217571,0.85407346,0.37737358,-0.49683964,0.0072871717,-0.7089482,0.13064593,0.3278184,-0.22161154,-0.42362034,-0.07311401,0.17047119,-0.09880324,-0.37794363,0.21148348,0.42427227,-0.050766792,-0.009575234,0.18908173,-0.9942054,-0.3796502,-0.15817556,-0.22133356,0.08535898,-0.2253847,0.39241073,0.03840702,-0.13926542,-0.67700595,0.62980235,0.57841206,-0.55730265,-0.30155885,-0.00047686155,-0.34634086,0.16836461,0.20141365,-0.51541877,0.19293642,0.030150956,0.13832945,0.6561801,0.17438784,0.41639224,1.3380208,-0.48608762,-0.7974438,0.09580049,-0.44561043,0.3682398,0.5369432,-0.6297437,0.0626504,-0.054289166,-0.2201859,0.08401737,-0.6121215,0.50529087,-0.76052785,0.34219754,-0.32956007,0.5138614,-0.46003878,-0.14343539,-0.3980973,-0.19175519,0.1690721,-0.6938872,-0.67426735,-0.055845086,-0.42733544,-0.1425142,-0.43883875,0.5869996,0.06351776,-0.19034861,0.1287198,0.40628767,0.11203763,0.2284389,-0.04613548,0.44592792,0.018024279,0.22127725,0.22405067,0.28560102,-0.3132292,-0.13779527,0.28252655,-0.48431864,-0.057442084,-0.27751127,0.2896606,-0.65649414
-0.17071444,0.31685582,0.031538915,-0.23947729,0.0016974224,-0.37869826,0.69634837,0.40889406,-0.18919766,0.36647883,0.061935734,-0.20420909,0.011166695,-0.047209036,-0.40621516,-0.41711393,0.2222239,0.18079095,-0.2683364,-0.3434331,-0.34965336,0.28442946,-0.21936727,-0.30453002,-0.61566126,-0.4009333,-0.023117548,-0.005932013,-0.26230276,-0.076659776,0.8946063,0.50760454,0.26426584,0.47487593,-0.5003753,-0.6563892,0.6600521,-0.36788848,0.42955387,-0.22494006,-0.4595298,0.010144517,-0.49003384,-0.75505704,0.5694818,-0.09570142,0.10557862,0.17671454,0.05670516,-0.45715597,0.42032388,-0.44362345,-0.20579438,-0.20057368,-0.27062058,0.81015533,0.09584742,-0.11170998,-0.36309633,0.7975495,0.6362273,-0.4464804,-0.1511661,0.114144444,-0.5790187,-0.2171238,-0.45847234,-0.27015767,-0.13973767,0.7413439,-0.59506744,-0.64790326,0.1824553,-0.30352834,-0.123140745,-0.4402735,-0.10249829,-0.015824817,-0.2659535,-0.38790438,0.5347288,-0.6554304,-0.5386297,0.77482885,0.39413163,-0.44902083,-0.09936405,0.029051982,0.22601867,0.3506206,0.7241959,0.19745483,0.32383922,-0.34568605,0.90029985,-0.32764065,0.31657094,-0.313703,0.25758812,-0.5833242
-0.056595087,-0.012529069,0.4223212,0.065698914,0.4858431,-0.31298578,0.46070033,0.4496684,-0.13685441,0.33411786,0.036071915,-0.37821198,-0.22981717,0.42883375,-0.35669008,-0.27810973,-0.44834206,0.4821123,0.1939725,-0.6891901,-0.24533229,0.6505476,-0.23631893,-0.14472932,0.03325471,-0.57346976,-0.019900702,-0.07502553,-0.56687796,-0.11595544,0.37077895,0.7568792,0.25850236,-0.330603,-0.56368387,-0.15485552,0.6623249,-0.5542034,0.13044298,-0.5267246,-0.32513574,0.03784449,-0.34160802,-0.36779583,0.7388727,-0.14032489,0.11918759,0.5261854,0.38963956,0.062563494,0.95609957,-0.7979994,-0.23710218,0.18114913,-0.4287691,1.2082165,0.1400222,-0.011650721,-0.29874447,0.6714416,0.34893253,0.007738344,0.18794845,0.33889824,-0.5195842,-0.57966876,-0.7200051,0.34190723,-0.20845272,0.5731112,-0.56913,-0.2435145,0.5639239,-0.54107517,0.02694238,0.031494375,0.28524145,-0.3771648,-0.5177999,-0.0410281,0.5074516,-0.28961346,-0.015097144,-0.20686893,0.2532055,-0.5673496,-0.046011947,0.46664762,-0.01916582,0.5549287,0.54873836,0.6352469,0.5827621,0.33519047,0.36749932,0.05681385,0.3743841,0.32236925,0.21027847,0.052889273
-0.12284386,-0.0600886,0.45262265,0.43405652,0.47572806,0.06678373,0.3044423,0.45951378,-0.3846821,0.25826842,0.59643465,-0.40613288,-0.050925322,0.56860745,-0.4363933,-0.032365303,-0.5230757,0.5716069,0.61947227,-0.34778702,0.005117437,0.37580255,0.26556233,-0.03485416,-0.017769784,-0.81059414,0.112193756,-0.40166903,-0.470447,0.28735608,0.23152003,0.53134865,0.32448497,0.27496386,-0.20619246,0.01803426,0.53449845,-0.7042314,-0.17191404,-0.63839877,-0.13372613,-0.5260186,0.0040674824,-0.022253852,0.34677953,0.43598473,-0.027956825,0.29881757,-0.013671195,-0.16093077,1.174709,-0.50197506,-0.3932773,0.06491101,-0.5952273,0.89354724,0.07902485,-0.35491538,-0.6009094,0.058020964,0.020241514,0.3984243,-0.13129713,0.39859802,-0.5657793,-0.35063174,-0.5521409,0.34903646,-0.3150654,0.31029278,-0.6969773,-0.35616702,0.95320404,-0.45663896,-0.27876696,0.07348916,0.10459045,-0.69324315,0.063498355,-0.020926148,0.2664535,-1.0479916,-0.30303824,0.091418065,0.47131717,-0.3124041,-0.6649007,0.35774958,-0.113815255,0.85054964,0.6766896,0.94347936,-0.2535376,0.81014794,0.23358357,0.4580743,0.03256291,0.87138534,0.15794487,0.11151116
0.59274405,0.4851781,0.5051292,-0.14314067,0.40188137,0.12747228,0.25960624,0.5482054,0.051808037,-0.53489727,-0.25585878,-0.799419,0.2174112,0.35539937,-0.07764365,-0.3139217,-0.41197002,0.16509472,0.19096775,-0.25379276,0.030631943,0.30588174,0.051274013,0.031732243,0.41090217,-0.74827415,-0.24482062,-0.3361208,-0.20999591,0.17878869,-0.21238363,0.3845027,-0.070420854,-0.11012389,-0.6536384,0.71834284,0.110699974,-0.5415619,-0.41225988,-0.18139899,-0.06222084,-0.028040074,0.2510556,-0.33240196,0.17870285,0.14360471,-0.016274208,0.48697573,-0.10225633,0.45719445,1.0855708,-0.442505,-0.5357501,0.08619167,-0.40249622,0.40292883,0.45854652,-0.34780478,-0.23578708,-0.06980939,0.15347354,0.047541086,-0.31719422,0.5581132,-0.76213336,-0.07877572,-0.5139804,0.2425053,-0.4937322,0.37356538,-0.20674315,0.15807481,0.60828483,-0.5724676,-0.65410334,-0.025324315,-0.25288144,-0.2161368,-0.06104282,0.28245708,0.09947143,-0.52004665,-0.13662013,0.13435183,0.032898553,0.12901084,-0.018245755,0.34344694,0.08792725,0.32675973,0.4091593,0.5125294,-0.46649006,0.26686445,0.014425362,-0.20529915,-0.13927323,-0.079116724,-0.010366803,-0.2861041
-0.11769876,0.19811897,0.044119522,-0.15048829,-0.24184123,-0.35289827,0.53343344,0.368745,-0.16921507,0.10343324,-0.037311643,-0.2695299,-0.22679105,0.103589855,-0.24751525,-0.16058783,0.14159891,-0.05072952,-0.31887603,-0.27125368,-0.33406585,0.1366939,-0.074774794,-0.12886122,-0.3771798,-0.5408306,-0.0043095294,-0.17246482,-0.3171685,-0.014152227,0.7292046,0.45757326,0.13369438,0.21580881,-0.31725413,-0.23811036,0.7640666,-0.7869127,0.042478394,-0.22495347,-0.7019094,0.27220887,-0.17979398,-0.62289035,0.45576295,0.060150556,-0.29704887,0.22566146,0.131155,-0.25776234,0.5338876,-0.18296395,-0.31930798,-0.23989183,-0.33710638,0.80054545,-0.030821329,-0.32083952,-0.12924491,0.693942,0.26289812,-0.52323246,-0.3278163,0.15638067,-0.79846907,-0.08879265,-0.32124594,-0.031644158,-0.10776593,0.55911434,-0.31380028,-0.3235324,0.012049026,-0.31505543,-0.32072693,-0.47917858,0.30116233,-0.27295876,-0.34598023,0.07100343,0.19046469,-0.35200632,0.023699678,0.5960229,0.1518579,-0.1824531,-0.28659156,0.12935057,0.19378905,0.272269,0.5138751,0.1936552,0.22987285,-0.36870584,0.68488485,-0.0406999,0.1698058,-0.28801334,0.10384505,-0.2179643
-0.20135176,-0.31512493,0.08573362,0.16351919,0.27802348,-0.68757695,0.032857418,0.4939789,0.46342358,0.5945463,0.6907739,-0.41384864,-0.2957883,0.22379117,0.06558986,0.048842993,-0.0005821146,-0.10306136,-0.06955876,-1.1037223,-0.058810223,0.30618846,0.25337985,-0.09394144,0.28112432,-0.3511711,-0.47149467,0.15242511,-0.27597252,0.099498875,0.22683823,0.5775761,0.15424629,-0.44543844,-0.31904116,0.12466308,0.8713918,-0.48552638,0.12306432,-0.44431362,-0.7363685,-0.4574348,-0.14089239,-0.09327674,0.6857303,-0.18220787,0.14581148,0.37252378,0.462785,0.49998942,0.4492759,-0.3704687,-0.28568435,0.20444217,-0.48020324,0.81772846,0.0013735624,-0.14078039,0.18333909,0.774655,-0.20042089,0.03725835,-0.027034367,-0.0027075927,-0.49045408,-0.07557088,-0.5480453,0.7869307,-0.20067802,0.075668074,-0.9972144,-0.116921775,0.19235578,-0.6218026,-0.027842958,0.12639508,0.5937502,-0.27123842,-0.45470724,0.618921,0.70526826,0.27009875,0.41092032,-0.21243668,0.077420495,-0.2909056,-0.61747736,0.6448059,-0.4851018,0.40967593,0.032363918,0.029719325,0.2162951,0.031215549,0.62123984,0.26813045,0.4854128,0.2543356,0.15939064,0.20200415
0.28013727,0.2834797,0.23156102,0.20088707,0.21162935,-0.30611604,0.060132712,0.7121935,0.35581422,0.06662151,0.5494176,-0.7384744,-0.10722044,0.3105942,-0.28872535,0.012254089,-0.23602924,0.40323105,0.19282772,-0.6159728,-0.037466485,0.098812014,0.11265126,-0.15795168,-0.02292589,-0.77352095,-0.2646105,-0.034908183,-0.31260067,-0.012864552,-0.26186153,0.6374272,0.33052695,-0.15583682,-0.45832065,0.32228398,0.88303,-0.73336625,-0.3766766,-0.3584977,-0.21883038,-0.07842846,0.04016973,-0.51252925,0.49436337,-0.023550395,0.029451644,0.551138,0.3167567,0.50355774,1.0108961,-0.47903025,-0.7036711,0.53875583,-0.7377986,0.89150184,0.42066148,-0.42080522,-0.053810406,0.23176488,-0.37615198,0.1708631,-0.35868907,0.1697526,-0.3447387,0.1679723,-0.57703495,0.36924905,-0.3560075,0.0070361085,-0.6078616,-0.018675914,0.26232737,-0.6763372,-0.15155482,-0.03537066,0.21385723,-0.29727978,-0.49029636,0.63083375,0.13144802,-0.1249938,0.38874137,0.01206762,-0.19821128,-0.17858145,-0.51503676,0.43202382,-0.31002972,0.49974513,0.094111666,0.11824618,-0.22713193,-0.0959235,0.26344645,-0.019875262,0.010965573,0.04603986,-0.061710004,0.018819198
0.455949,0.45478225,0.6961459,0.041880075,0.41036648,0.19948156,0.161773,0.7444227,0.20527583,-0.29963613,-0.015101173,-0.598065,0.4482578,0.41239333,-0.3603819,-0.47108433,-0.5533963,0.5310496,0.15885304,-0.41579422,0.08851134,0.3138832,0.049938366,-0.029197864,0.19703445,-0.81517273,-0.12056816,-0.19054963,-0.27391028,0.49180368,-0.41598904,0.5136533,0.22454281,-0.31866568,-0.4883438,0.80194813,-0.049300224,-0.53282386,-0.19651264,-0.6370051,0.14093898,-0.13816033,-0.014199158,-0.36533448,0.79558253,-0.059854046,0.4786943,0.44820684,0.0297943,0.6132174,1.1336013,-0.68015367,-0.5316526,0.4719617,-0.35794407,0.6118136,0.45230076,-0.37823138,-0.24216332,-0.4102221,-0.15829277,0.58382446,-0.3705686,0.35306537,-0.6278185,-0.054058164,-0.46441928,0.36027223,-0.69161385,0.202554,-0.36452907,-0.11734185,0.49690655,-0.395703,-0.31374586,0.080312505,-0.5198167,-0.023916136,0.008651726,0.3723582,0.15511379,-0.5799274,-0.012406097,0.046698492,0.065402016,0.23576616,-0.15596078,0.30193838,0.10323419,0.51256907,0.20024751,0.22934951,-0.5555533,0.06569065,0.0060203928,-0.32077384,-0.29459408,-0.30178618,-0.046359155,-0.5589639
-0.19925047,0.23621202,-0.005714461,-0.20970829,0.034330893,-0.37893316,0.5750459,0.4178451,-0.041997205,0.4062618,0.092713326,-0.16479287,-0.05115995,-0.13980348,-0.23444344,-0.32196537,0.27866748,0.056665882,-0.090925805,-0.47408244,-0.3410606,0.28956816,-0.11854606,-0.36771134,-0.39076886,-0.09553496,-0.082711525,0.01501512,-0.25894973,-0.005968641,0.8166887,0.5576538,0.17608215,0.33192787,-0.42822158,-0.5444301,0.2777935,-0.30541295,0.36924493,-0.27782685,-0.25368306,-0.15362191,-0.3507343,-0.6806754,0.5878258,-0.19257137,0.11014803,-0.00961333,0.0059172893,-0.24466272,0.12528381,-0.46041515,-0.026205387,-0.059161756,-0.17732447,0.6538996,0.056614336,0.06748821,-0.31506902,0.6292068,0.6492091,-0.3161338,-0.04967863,0.0023810125,-0.43938082,-0.15172166,-0.3759301,-0.12223833,-0.059417356,0.81156147,-0.47957966,-0.4558895,0.31651586,-0.15507649,-0.076927386,-0.28605327,0.022761686,-0.09121406,-0.2116163,-0.2712581,0.6233888,-0.52388126,-0.5316914,0.65613025,0.295253,-0.29903418,-0.12958957,0.011709963,0.1899642,0.24809623,0.566992,0.04170444,0.20503975,-0.21989343,0.8332423,-0.18628427,0.28734064,-0.3379118,0.15284732,-0.35923287
-0.028952813,-0.27412385,0.103022076,0.08438337,0.23316252,-0.70384765,-0.056651693,0.56378484,0.6050235,0.6198908,0.51028854,-0.44364658,-0.21524584,0.3380833,-0.023532145,-0.19077495,0.11230501,-0.081208095,-0.12346599,-1.1886332,0.040661253,0.37535197,0.23657072,-0.11136548,0.4624765,-0.3710098,-0.5246258,0.24832456,-0.22033672,0.26247698,0.15873127,0.7256277,0.025182521,-0.5194801,-0.25070998,0.17537788,0.70581067,-0.3542859,0.17262127,-0.42192516,-0.7834672,-0.52650803,0.04190253,-0.0667987,0.8885633,-0.2253505,0.35042587,0.3497674,0.45905453,0.5029206,0.50424695,-0.38724092,-0.24244158,0.18832073,-0.35739514,0.7272485,-0.06498254,-0.09138024,0.3732913,0.614629,-0.061870027,0.18539406,-0.021293571,0.10008045,-0.33942598,-0.054910015,-0.5560385,1.0474998,-0.2868606,0.057460703,-0.90531176,-0.3417694,0.27433842,-0.5846545,-0.20130065,0.10630474,0.50678056,-0.2643488,-0.18555743,0.6028648,0.743611,0.200731,0.26237822,-0.13220224,0.21451099,-0.2717763,-0.44196144,0.6345046,-0.5086607,0.42612094,0.03676479,-0.16019925,0.09659965,0.028555673,0.72383285,0.018550387,0.61082,0.10229864,0.1399906,0.015735839
0.029023442,-0.12456139,0.5507767,0.38702756,0.5158098,-0.0003790487,0.38525426,0.39784372,-0.45599684,0.011616485,0.29123458,-0.45167986,-0.26822618,0.5366454,-0.33935595,0.030646022,-0.5936796,0.48653957,0.43648875,-0.34748903,-0.089558646,0.37437508,0.18747044,0.047568083,0.18305363,-0.91397095,0.07914703,-0.36970082,-0.40213382,0.19015764,0.00033743598,0.42419922,0.4276047,0.038428307,-0.25736412,0.1061276,0.9394138,-0.7378927,-0.18483303,-0.7445576,-0.46703735,-0.26020598,-0.08420966,0.027449213,0.38813707,0.3201931,-0.17334536,0.55050737,-0.07972563,-0.05121914,1.3307692,-0.5659491,-0.44521672,-0.1628761,-0.73520786,1.1711917,0.050649,-0.5526583,-0.44234958,0.34105477,0.112363845,0.13304229,-0.20362926,0.48085722,-0.61022675,-0.432459,-0.7975829,0.299109,-0.5371423,0.2572864,-0.5897839,-0.10400559,0.9193355,-0.7732883,-0.33811426,-0.013550828,0.16173153,-0.7224545,-0.1629944,-0.0438369,0.25530136,-0.7632135,-0.32258308,-0.031511504,0.3102175,-0.4470839,-0.32820946,0.5618026,-0.3597346,0.79011166,0.66111135,0.9173599,-0.09571162,0.6756649,0.44364822,0.3771056,0.17892912,0.7716857,0.16728695,-0.13785216
0.455949,0.45478225,0.6961459,0.041880075,0.41036648,0.19948156,0.161773,0.7444227,0.20527583,-0.29963613,-0.015101173,-0.598065,0.4482578,0.41239333,-0.3603819,-0.47108433,-0.5533963,0.5310496,0.15885304,-0.41579422,0.08851134,0.3138832,0.049938366,-0.029197864,0.19703445,-0.81517273,-0.12056816,-0.19054963,-0.27391028,0.49180368,-0.41598904,0.5136533,0.22454281,-0.31866568,-0.4883438,0.80194813,-0.049300224,-0.53282386,-0.19651264,-0.6370051,0.14093898,-0.13816033,-0.014199158,-0.36533448,0.79558253,-0.059854046,0.4786943,0.44820684,0.0297943,0.6132174,1.1336013,-0.68015367,-0.5316526,0.4719617,-0.35794407,0.6118136,0.45230076,-0.37823138,-0.24216332,-0.4102221,-0.15829277,0.58382446,-0.3705686,0.35306537,-0.6278185,-0.054058164,-0.46441928,0.36027223,-0.69161385,0.202554,-0.36452907,-0.11734185,0.49690655,-0.395703,-0.31374586,0.080312505,-0.5198167,-0.023916136,0.008651726,0.3723582,0.15511379,-0.5799274,-0.012406097,0.046698492,0.065402016,0.23576616,-0.15596078,0.30193838,0.10323419,0.51256907,0.20024751,0.22934951,-0.5555533,0.06569065,0.0060203928,-0.32077384,-0.29459408,-0.30178618,-0.046359155,-0.5589639
-0.26271972,0.16078229,-0.0069055026,-0.09103065,-0.21492918,-0.3973713,0.40640762,0.30504343,-0.1530336,0.2549921,0.25640798,-0.16536872,-0.14982902,-0.32837987,-0.066148154,-0.014153206,0.28347883,-0.18996319,-0.10579715,-0.48058012,-0.34349972,0.12486167,-0.030613016,-0.23434152,-0.42390442,-0.2831019,-0.18598399,-0.07396079,-0.21154523,-0.008806341,0.60002106,0.47527364,0.22247863,0.41112283,-0.39354983,-0.45933947,0.664941,-0.6262228,0.13532169,-0.25759596,-0.52926415,-0.14995173,-0.22688162,-0.48177624,0.4779537,-0.015045679,-0.31241345,0.06719176,0.010818347,-0.18037935,0.23923464,-0.20666958,-0.19898403,-0.18035376,-0.290273,0.75331366,-0.059452,-0.20315321,-0.30294293,0.68432504,0.28455213,-0.45703915,-0.25648507,-0.051711746,-0.57741827,-0.10571397,-0.45129088,-0.24247856,-0.10669046,0.59183633,-0.47763088,-0.2194449,0.18211378,-0.35409212,-0.1347191,-0.33939335,0.2684252,-0.32614425,-0.31800112,-0.037877236,0.5570537,-0.434387,-0.222111,0.66176164,0.20549764,-0.34007913,-0.5716271,0.15351374,-0.08500588,0.24667779,0.45829272,0.22342464,0.14653204,-0.2664153,0.7343146,0.10619626,0.24155007,-0.20198421,0.12614527,-0.26888612
-0.14829813,-0.24036591,0.14762825,0.027165035,0.27797762,-0.445379,0.1367004,0.3914586,0.22090042,0.485026,0.6497523,-0.4817675,-0.27654815,0.32199597,-0.062005185,-0.011785044,-0.299606,0.06523665,-0.018675491,-0.89642096,-0.12533833,0.30526248,0.18538372,-0.047501598,0.019033296,-0.57169574,-0.20871934,-0.059561927,-0.38522202,0.007657816,0.29668826,0.5788676,0.26747262,-0.30456224,-0.33744675,0.05452754,0.91614604,-0.6747164,0.028188147,-0.46974,-0.64103657,-0.255299,-0.21085428,-0.1887415,0.62889135,0.023825385,0.047495157,0.53500044,0.47508526,0.32899338,0.6624265,-0.39335448,-0.39530173,0.19085805,-0.55459136,0.9719082,0.106722355,-0.118782386,-0.03808387,0.7981616,-0.15937023,0.04621751,-0.07304637,0.13170101,-0.5975468,-0.2052974,-0.6062229,0.5654832,-0.2608054,0.2725582,-0.91339976,-0.18907808,0.17139408,-0.66278857,-0.0012628926,0.0142102465,0.5355011,-0.30426526,-0.44520935,0.5433413,0.5006659,0.00787566,0.379383,-0.21814978,0.054244757,-0.3909923,-0.66509587,0.49546295,-0.40341437,0.47368422,0.18864116,0.26457468,0.24151614,0.112649634,0.32109818,0.21879923,0.41433463,0.25660375,0.098471254,0.2519744
-0.09279697,-0.21534826,-0.029129284,-0.63887626,-0.11184659,-0.15180233,0.063938595,0.43359372,0.1272643,0.049197495,0.6822923,-0.4554947,-0.009645551,-0.04366741,-0.10141222,-0.25572512,-0.5585354,0.13384342,0.35252583,-0.6655817,-0.07537927,0.41386878,0.12805745,-0.08901062,-0.82996404,-0.6597181,0.20055027,-0.5354282,-0.3892941,-0.14528134,0.5913025,0.50945014,0.37771565,0.42293832,-0.3463921,0.003570998,0.2260931,-0.69930655,-0.3555793,-0.53695047,-0.039368913,-0.35016075,-0.13837257,-0.18045847,0.5155136,0.34651077,-0.17500463,0.61163044,0.32997757,-0.038782656,0.8325666,-0.068063356,-0.41352427,0.17878172,-0.5324239,0.72893816,0.22806968,0.057531785,-0.551411,0.35366166,-0.15565896,0.33663344,-0.24845003,-0.12567997,-0.5658627,-0.022762801,-0.37717563,0.082133606,-0.38670972,0.6352754,-0.40789154,-0.37492862,0.3148228,-0.5068892,0.0011585914,0.21003526,0.04907928,-0.60166705,-0.55965084,0.49558318,0.09336935,-0.35856706,0.042592015,0.21619514,-0.027017329,-0.44468147,-1.1151123,-0.025536692,-0.20654345,-0.06652856,0.47017938,0.5735286,0.07287381,0.34032547,-0.25172624,-0.0962983,0.39092463,-0.4009036,-0.059545554,0.12567346
0.5312849,0.42064774,0.5621492,0.040379085,0.2671035,-0.057525083,0.04286175,0.89188695,0.36832094,-0.19238278,-0.044895876,-0.70627534,0.35437736,0.5330924,-0.38836172,-0.54445434,-0.2339395,0.3744782,0.019409547,-0.6219645,0.12978932,0.26380846,0.108486354,-0.035809148,0.366083,-0.80467856,-0.31135985,0.008212459,-0.20884287,0.53421193,-0.29850015,0.66202843,0.02927868,-0.3740619,-0.4249892,0.7590104,0.12206696,-0.577291,-0.17714761,-0.563516,-0.13292669,-0.18941265,0.14421089,-0.41740748,0.9048456,-0.14511424,0.5315254,0.39765862,0.15361038,0.5978889,1.1044065,-0.5672576,-0.5043416,0.48007634,-0.34103397,0.5733512,0.36540908,-0.4303089,0.07994548,-0.30927175,-0.1260833,0.5030554,-0.3847639,0.35220873,-0.5154899,0.076611534,-0.48811707,0.6121165,-0.66203684,0.09065223,-0.3942849,-0.2414846,0.39798033,-0.38102558,-0.4895632,0.017792642,-0.30606344,-0.03929044,0.02978539,0.42186862,0.21450412,-0.3877507,0.12067674,0.16427173,0.089527056,0.25065336,-0.08821151,0.36581764,-0.0012144753,0.5324089,0.14284061,-0.081033945,-0.52252537,-0.10402842,0.31536052,-0.3607209,-0.116386,-0.42584538,-0.07157463,-0.5009145
-0.07928918,0.1669444,0.11593292,-0.15812038,-0.12974972,-0.28523755,0.4612227,0.4002678,-0.25825617,0.09309756,-0.09178722,-0.3063441,-0.07976113,0.027263656,-0.20321487,-0.16701353,0.09038658,-0.14428996,-0.257484,-0.26293212,-0.3508998,0.1176358,-0.017535765,-0.11407757,-0.30058149,-0.35346007,-0.063896425,-0.09258445,-0.19761088,0.046743397,0.68330616,0.34964666,0.053080816,0.2871774,-0.36036137,-0.19324991,0.58592564,-0.62990516,0.10268233,-0.31452298,-0.55868685,-0.02136359,-0.27273348,-0.4335274,0.5016934,-0.05522958,-0.22021851,0.18133506,0.0068788095,-0.2438202,0.3302071,-0.17136028,-0.1437256,-0.23163474,-0.28923512,0.69495505,0.025082823,-0.28501454,-0.22198799,0.6923982,0.36526203,-0.5267178,-0.18055317,-0.028602565,-0.63924664,-0.16223885,-0.44331974,-0.22323307,-0.25713143,0.5831009,-0.39534828,-0.15437913,0.113826975,-0.28435892,-0.20629896,-0.33592162,0.2198532,-0.13864164,-0.34528708,-0.19469543,0.25904843,-0.3505667,-0.123503484,0.58898735,0.13383992,-0.21756594,-0.21231782,0.1568686,0.17034766,0.2486405,0.5838027,0.17870688,0.24661139,-0.2430133,0.74056137,0.050793078,0.15001108,-0.32352918,0.07331026,-0.2879327
0.28899732,0.34944272,0.5673449,0.35517016,0.10266075,-0.21598332,-0.08552996,0.9806886,0.30331028,-0.013586132,-0.2638704,-0.4756125,0.47689524,0.4569617,-0.26408243,-0.60570973,0.11836839,0.5590737,0.1787011,-0.8934109,0.04771946,0.2648172,0.08384842,0.08656988,0.6257245,-0.71522146,-0.7888239,0.030874418,-0.11150177,0.6982051,-0.16860457,1.0869538,0.09411537,-0.070067786,-0.5334099,0.17067738,-0.025296243,-0.8048426,-0.26682058,-0.7507221,-0.16806138,-0.5597326,0.0010471031,-0.16465846,0.78141385,0.058969628,0.24269097,0.12669235,-0.016864665,0.1423155,0.9950181,-0.6413394,-0.57783365,0.49930406,-0.08340067,0.83398056,-0.01849952,-0.79925764,0.07489699,-0.26343557,-0.06593246,0.37851503,-0.56767684,0.24524821,-0.6887596,0.0076173167,-0.6511627,0.5223209,-0.67821336,0.103699945,-0.48037186,-0.04194007,0.57904124,-0.41108784,-0.72230744,0.3312703,-0.15990363,-0.5758122,-0.15259293,0.12093205,0.7297101,-0.22968893,0.42552927,0.26623946,0.25911552,0.10311834,-0.30115327,0.38951203,-0.16845469,0.44781002,0.3480315,-0.12462753,-0.5213021,0.09552026,0.4140882,-0.3189721,-0.04458963,-0.20252597,-0.010707813,-0.52158576
0.28013727,0.2834797,0.23156102,0.20088707,0.21162935,-0.30611604,0.060132712,0.7121935,0.35581422,0.06662151,0.5494176,-0.7384744,-0.10722044,0.3105942,-0.28872535,0.012254089,-0.23602924,0.40323105,0.19282772,-0.6159728,-0.037466485,0.098812014,0.11265126,-0.15795168,-0.02292589,-0.77352095,-0.2646105,-0.034908183,-0.31260067,-0.012864552,-0.26186153,0.6374272,0.33052695,-0.15583682,-0.45832065,0.32228398,0.88303,-0.73336625,-0.3766766,-0.3584977,-0.21883038,-0.07842846,0.04016973,-0.51252925,0.49436337,-0.023550395,0.029451644,0.551138,0.3167567,0.50355774,1.0108961,-0.47903025,-0.7036711,0.53875583,-0.7377986,0.89150184,0.42066148,-0.42080522,-0.053810406,0.23176488,-0.37615198,0.1708631,-0.35868907,0.1697526,-0.3447387,0.1679723,-0.57703495,0.36924905,-0.3560075,0.0070361085,-0.6078616,-0.018675914,0.26232737,-0.6763372,-0.15155482,-0.03537066,0.21385723,-0.29727978,-0.49029636,0.63083375,0.13144802,-0.1249938,0.38874137,0.01206762,-0.19821128,-0.17858145,-0.51503676,0.43202382,-0.31002972,0.49974513,0.094111666,0.11824618,-0.22713193,-0.0959235,0.26344645,-0.019875262,0.010965573,0.04603986,-0.061710004,0.018819198
0.23917463,0.38403213,0.5904204,0.1737489,0.08172882,0.01295017,0.35408118,0.7284989,-0.05508293,-0.15717562,0.08447168,-0.7712351,-0.10861798,0.51977587,-0.37815195,-0.06015932,-0.6093146,0.18575642,0.04721465,-0.14555243,-0.25245982,0.19166456,0.16447082,-0.15990345,0.20946614,-0.85631114,0.13321185,-0.3479877,-0.5515363,0.15935555,-0.17405827,0.48329616,0.2288138,-0.22547033,-0.37100738,0.71396804,0.36130244,-0.9549039,-0.4747294,-0.41353828,-0.24289341,0.19292897,0.14461392,-0.53265506,0.4356014,0.10343621,-0.082683004,0.44977826,0.08972502,0.5642995,0.9284646,-0.39495096,-0.6052986,0.42714468,-0.5203738,0.69818044,0.36551237,-0.4207,-0.1474923,-0.010697922,-0.11218852,0.02371325,-0.4014489,0.28223836,-0.87154275,0.13883568,-0.3085828,0.33260375,-0.3331817,0.31278992,-0.22765374,0.15531585,0.423323,-0.41285545,-0.32258102,-0.31025884,0.19650511,-0.31859964,-0.110514596,0.60406554,-0.13632962,-0.48785466,0.31479374,0.1701705,-0.080857195,0.31942713,-0.31685287,0.47738975,0.29322487,0.6290094,0.23808062,0.39042723,-0.3356731,0.07981329,0.12777665,0.18323795,-0.44313613,-0.08764839,-0.005968581,-0.0732018
-0.27227625,0.35802257,-0.06465867,-0.3351135,-0.17076938,-0.5014286,0.9129075,0.42136413,-0.15925963,0.43301964,0.2301726,-0.10099684,-0.04110866,-0.23133808,-0.4684521,-0.38944313,0.43613496,0.16340156,-0.20181242,-0.46239984,-0.49277675,0.30506396,-0.29357573,-0.43429238,-0.8973367,-0.4412881,0.04906456,-0.09839223,-0.40608987,-0.107467376,1.2202716,0.5713945,0.34810224,0.7094488,-0.536515,-0.8510001,0.73805475,-0.59778994,0.4411147,-0.25752774,-0.543082,-0.009932026,-0.49550977,-1.0479226,0.70989347,-0.034604423,-0.044311926,0.033053093,0.024302756,-0.53653455,0.46159676,-0.47747767,-0.3197387,-0.28367826,-0.38649648,1.0623744,0.0075687054,-0.0419655,-0.5572879,0.903609,0.6848352,-0.5896476,-0.24107538,0.11970389,-0.77664536,-0.15568599,-0.47783267,-0.46163782,-0.008076994,0.9733997,-0.65341973,-0.74108446,0.2448815,-0.3368802,-0.09909352,-0.5335877,-0.055131484,-0.13824745,-0.36438125,-0.29970196,0.6054704,-0.8419153,-0.65262246,1.0679343,0.44305316,-0.49281895,-0.34918025,-0.057223406,0.23495695,0.36311457,0.79459697,0.27698246,0.29454356,-0.5013446,1.0791445,-0.2875377,0.38549173,-0.41290405,0.22152294,-0.5426738
-0.11054572,-0.24018979,0.234267,-0.045198612,0.3559799,-0.29408938,0.15245757,0.29100305,0.22129612,0.49242204,0.56610835,-0.39373994,-0.18026187,0.3076741,-0.088328846,-0.13274014,-0.44987267,0.18083659,0.039591555,-0.84389794,-0.083139524,0.4211812,0.12989835,-0.06279729,0.03509379,-0.5661299,-0.10255213,-0.12878838,-0.39706892,0.086525515,0.18474203,0.5924198,0.32254142,-0.33161098,-0.31329247,0.074797936,0.6820729,-0.5059618,0.08656215,-0.4991683,-0.51092696,-0.29750323,-0.19471633,-0.09036149,0.71409714,0.059746236,0.16371597,0.5608204,0.3976436,0.32661405,0.68735754,-0.48755378,-0.3588885,0.13959654,-0.4637931,0.9462681,0.083088085,0.0049364073,-0.12265585,0.6618959,-0.053578634,0.2168751,-0.021767233,0.20644596,-0.54484916,-0.3174103,-0.6029748,0.6183938,-0.32899886,0.35781345,-0.85230684,-0.2995559,0.31585348,-0.6642433,0.02222518,0.052512784,0.3539103,-0.30915362,-0.24199757,0.50112736,0.527373,-0.17216836,0.14516796,-0.27580905,0.16845949,-0.44367728,-0.60247433,0.45129594,-0.38249612,0.46419248,0.2386041,0.36130017,0.16889009,0.27184707,0.17633282,0.06359272,0.44489092,0.27814862,0.120554924,0.0891545
0.28013727,0.2834797,0.23156102,0.20088707,0.21162935,-0.30611604,0.060132712,0.7121935,0.35581422,0.06662151,0.5494176,-0.7384744,-0.10722044,0.3105942,-0.28872535,0.012254089,-0.23602924,0.40323105,0.19282772,-0.6159728,-0.037466485,0.098812014,0.11265126,-0.15795168,-0.02292589,-0.77352095,-0.2646105,-0.034908183,-0.31260067,-0.012864552,-0.26186153,0.6374272,0.33052695,-0.15583682,-0.45832065,0.32228398,0.88303,-0.73336625,-0.3766766,-0.3584977,-0.21883038,-0.07842846,0.04016973,-0.51252925,0.49436337,-0.023550395,0.029451644,0.551138,0.3167567,0.50355774,1.0108961,-0.47903025,-0.7036711,0.53875583,-0.7377986,0.89150184,0.42066148,-0.42080522,-0.053810406,0.23176488,-0.37615198,0.1708631,-0.35868907,0.1697526,-0.3447387,0.1679723,-0.57703495,0.36924905,-0.3560075,0.0070361085,-0.6078616,-0.018675914,0.26232737,-0.6763372,-0.15155482,-0.03537066,0.21385723,-0.29727978,-0.49029636,0.63083375,0.13144802,-0.1249938,0.38874137,0.01206762,-0.19821128,-0.17858145,-0.51503676,0.43202382,-0.31002972,0.49974513,0.094111666,0.11824618,-0.22713193,-0.0959235,0.26344645,-0.019875262,0.010965573,0.04603986,-0.061710004,0.018819198
0.65368044,0.44784412,0.39123958,-0.1251658,0.25951156,-0.12195444,0.13039674,0.71632403,0.2310077,-0.40287954,-0.26031056,-0.88643414,0.14783037,0.48209772,-0.13538547,-0.40383512,-0.1074002,0.04704487,0.04814378,-0.47701585,0.0780025,0.25664923,0.109681405,0.018707266,0.5574383,-0.7448219,-0.42253312,-0.12203543,-0.15165636,0.2541459,-0.11632683,0.5464726,-0.2346362,-0.18747191,-0.5728844,0.68420553,0.26522505,-0.58510923,-0.37018463,-0.15586849,-0.3147013,-0.09088402,0.38154408,-0.38794163,0.35290056,0.03692781,0.08865875,0.43234655,0.035459835,0.45828944,1.0614319,-0.3546245,-0.5080077,0.13491371,-0.38089642,0.38645425,0.3709974,-0.4030851,0.08565054,-0.0046919943,0.15286551,0.023222947,-0.33700782,0.5356726,-0.6356664,0.054495838,-0.5324611,0.50674605,-0.48498484,0.24366239,-0.25310805,0.0049408707,0.4976346,-0.53918344,-0.7940936,-0.07672452,-0.06722672,-0.21127734,-0.0325729,0.34143078,0.16471882,-0.3341732,0.009537888,0.24269839,0.060445014,0.15513544,0.03500722,0.40295687,-0.014910166,0.36615837,0.32976168,0.17233753,-0.44283727,0.07596916,0.32288077,-0.25740144,0.022585288,-0.22661483,-0.039370954,-0.25677684
-0.26308528,0.3243234,-0.015362988,-0.22029376,0.028297126,-0.47951367,0.6659922,0.5401389,-0.1966535,0.36789966,0.23468779,-0.3411118,0.053355724,-0.18211521,-0.2524649,-0.2178992,0.25583962,-0.010730359,-0.16116856,-0.46346974,-0.36436,0.08392778,-0.11602067,-0.38119444,-0.63089836,-0.20237137,-0.11760799,0.01696607,-0.22432305,-0.11297094,0.97490644,0.5511812,0.1473148,0.5365642,-0.5775716,-0.5269431,0.5824215,-0.5330544,0.2687848,-0.28450206,-0.26689687,-0.22438811,-0.42121145,-0.8052655,0.6114957,-0.20187056,-0.05125313,-0.006850593,0.10219902,-0.29350105,0.23281783,-0.35612404,-0.088813774,-0.009480402,-0.33770278,0.7503433,0.15803334,-0.1262657,-0.42948624,0.73750687,0.52752537,-0.5148736,-0.04166009,-0.087087594,-0.6566331,-0.08469025,-0.3500607,-0.35451618,-0.06689117,0.7656982,-0.64584225,-0.40128112,0.20977326,-0.14135097,-0.035942774,-0.36030126,0.09321814,-0.023439525,-0.37512586,-0.24052326,0.605938,-0.49857438,-0.2954714,0.74056625,0.21928637,-0.3849722,-0.30901524,0.07107151,0.2479604,0.28533205,0.6649402,0.18798585,0.26067087,-0.45900878,0.98527247,0.03472629,0.18884178,-0.36695695,0.12375382,-0.259393
0.28899732,0.34944272,0.5673449,0.35517016,0.10266075,-0.21598332,-0.08552996,0.9806886,0.30331028,-0.013586132,-0.2638704,-0.4756125,0.47689524,0.4569617,-0.26408243,-0.60570973,0.11836839,0.5590737,0.1787011,-0.8934109,0.04771946,0.2648172,0.08384842,0.08656988,0.6257245,-0.71522146,-0.7888239,0.030874418,-0.11150177,0.6982051,-0.16860457,1.0869538,0.09411537,-0.070067786,-0.5334099,0.17067738,-0.025296243,-0.8048426,-0.26682058,-0.7507221,-0.16806138,-0.5597326,0.0010471031,-0.16465846,0.78141385,0.058969628,0.24269097,0.12669235,-0.016864665,0.1423155,0.9950181,-0.6413394,-0.57783365,0.49930406,-0.08340067,0.83398056,-0.01849952,-0.79925764,0.07489699,-0.26343557,-0.06593246,0.37851503,-0.56767684,0.24524821,-0.6887596,0.0076173167,-0.6511627,0.5223209,-0.67821336,0.103699945,-0.48037186,-0.04194007,0.57904124,-0.41108784,-0.72230744,0.3312703,-0.15990363,-0.5758122,-0.15259293,0.12093205,0.7297101,-0.22968893,0.42552927,0.26623946,0.25911552,0.10311834,-0.30115327,0.38951203,-0.16845469,0.44781002,0.3480315,-0.12462753,-0.5213021,0.09552026,0.4140882,-0.3189721,-0.04458963,-0.20252597,-0.010707813,-0.52158576
-0.18383586,-0.07421849,0.4374149,0.42402318,0.26408494,-0.19245918,0.11257526,0.3945248,-0.12855561,0.27801684,0.48163673,-0.30770865,-0.017810442,0.26760563,-0.10859638,0.08676187,-0.31614724,0.35209072,0.28568855,-0.6088302,-0.0894226,0.42567933,0.25380412,0.1367027,0.027063413,-0.7612307,-0.3176461,-0.15560567,-0.3017779,0.33590758,0.16281658,0.5312418,0.38265884,0.15853716,-0.37528718,0.017313607,0.766181,-0.7786693,-0.034773365,-0.7443402,-0.50979835,-0.3903498,-0.24533565,0.04734244,0.4684628,0.27611464,-0.08182638,0.41248032,0.06421442,0.04034096,0.9712714,-0.45922565,-0.39787772,0.1189974,-0.4986184,1.0708508,0.092587814,-0.600647,-0.34070197,0.31286502,-0.3438468,0.24762961,-0.31599188,0.13166502,-0.8061012,-0.26366964,-0.84749806,0.2892182,-0.33818376,0.12570505,-0.8599423,-0.10686068,0.6033569,-0.4944883,-0.2980429,0.20769696,0.16915335,-0.59015703,-0.40386832,0.07058756,0.6174975,-0.3794394,0.31767207,-0.07062066,0.29366907,-0.2192695,-0.8560416,0.42590436,-0.45914105,0.5901438,0.4064421,0.5574378,-0.08536533,0.34233803,0.36940935,0.51678276,0.19834861,0.57284474,0.09413853,-0.0396388
0.24053709,0.23125058,0.54527223,0.078418605,-0.053973414,-0.32189584,0.12192847,0.6064508,0.20876043,-0.1951032,-0.45569733,-0.4926495,-0.050682914,0.48634702,-0.17328216,-0.4503441,-0.21605144,0.17668131,-0.104143746,-0.44956553,-0.085918225,0.5578397,-0.107192144,0.052821767,0.533731,-0.6606009,-0.25617644,-0.07450077,-0.31574988,0.30077428,-0.04094717,0.73083144,-0.030136412,-0.43705297,-0.41440767,0.54062426,0.24181825,-0.6595618,-0.24341404,-0.364536,-0.4484142,0.26378492,0.2536963,-0.2567387,0.6559762,-0.08933135,0.01267754,0.44584796,0.20906071,0.39339238,1.0301453,-0.47769427,-0.27246466,0.23176153,-0.20046309,0.76928383,0.14656231,-0.42450142,0.22714975,-0.033922676,-0.017036801,0.112037,-0.24499498,0.3470185,-0.7180102,-0.058823533,-0.60267216,0.7815014,-0.27189153,0.19072126,-0.018453198,-0.013633584,0.44030374,-0.26163313,-0.58251786,0.06329278,0.15400791,-0.48608094,-0.27169633,0.41830063,0.20601074,0.031969707,0.45037684,-0.09267094,0.10235108,0.13197112,-0.10575708,0.39117628,0.026468992,0.29595748,0.21734576,0.08478836,-0.06398972,-0.083619796,0.3544676,-0.09196478,0.097960345,-0.20439881,0.045496713,-0.22177735
-0.16038385,0.48113456,-0.0054631955,-0.2933727,0.13408335,-0.39457613,0.7065245,0.6044181,-0.17073563,0.4093605,0.16737072,-0.4951474,0.024543792,0.1047561,-0.41789365,-0.48673978,0.13871007,0.22162668,-0.17787257,-0.47980595,-0.33928344,0.18335935,-0.08078836,-0.4143626,-0.639392,-0.26586166,-0.028488148,-0.028302241,-0.33525187,-0.015227204,1.0547173,0.78052294,0.16551208,0.4203577,-0.56534207,-0.57615095,0.49111786,-0.4905738,0.32242462,-0.35950178,-0.16436104,-0.054401368,-0.31947705,-0.9382598,0.71674573,-0.1403248,0.19169575,0.081764765,0.21203044,-0.4087894,0.38488266,-0.47878784,-0.08524324,0.107068874,-0.30959725,0.74764025,0.25044808,0.001355201,-0.37795743,0.6779014,0.7352759,-0.2735044,-0.11969836,0.093178414,-0.56460685,-0.16627307,-0.30989736,-0.09054305,-0.17149295,0.94343674,-0.5764214,-0.72395927,0.26614136,-0.07451372,-0.16293168,-0.4347214,0.025574679,-0.030687053,-0.17901178,-0.2801996,0.5536945,-0.69697255,-0.43557137,0.7494239,0.2608561,-0.35821268,-0.11610582,-0.031079773,0.38380817,0.42613763,0.76219267,0.07596989,0.098341614,-0.37492952,0.89593476,-0.18923974,0.24925156,-0.48903674,0.10917972,-0.2923489
0.0001503073,-0.17533845,0.36273432,0.17119133,0.38556194,-0.3790915,0.19152533,0.43687034,-0.036999494,0.17141269,0.20575371,-0.46930948,-0.3392873,0.5186644,-0.23368342,-0.13045968,-0.41650748,0.34848794,0.33206758,-0.8415007,-0.14462619,0.5654086,-0.01861249,0.026860084,0.18675968,-0.6611328,-0.15288186,-0.11774484,-0.5069175,-0.02839152,0.2931923,0.66940945,0.21408644,-0.4006378,-0.44503793,0.11860045,0.7446818,-0.7492367,-0.10595347,-0.6625041,-0.4445106,-0.027957633,-0.1894212,-0.21226785,0.64628214,-0.01087899,-0.03991153,0.57119477,0.40260792,0.26129094,1.0981992,-0.58844745,-0.35729364,0.20815307,-0.61308604,1.2317102,0.11134469,-0.075277865,-0.19890015,0.6085667,-0.0020268362,0.14514099,0.031075392,0.30673978,-0.5259427,-0.4877793,-0.7990747,0.48846462,-0.25067487,0.41353938,-0.5269899,-0.02663076,0.53876024,-0.60529506,-0.0700965,0.2169461,0.46354166,-0.5261165,-0.61108947,0.23635928,0.33813718,-0.12979257,0.2857026,-0.3412887,0.06904751,-0.42398003,-0.33221203,0.5337361,-0.237523,0.5681397,0.37606102,0.54742885,0.34764773,0.3790586,0.25039783,0.30499598,0.39718604,0.39250496,0.044117384,0.3430729
-0.18341352,-0.051513407,0.3166066,0.5176191,0.39509368,-0.15150522,0.2659674,0.54081285,-0.35460368,0.26239255,0.70968187,-0.50461054,-0.18883766,0.5514552,-0.3515194,0.1442424,-0.32295924,0.38124967,0.5109883,-0.45312518,-0.047403086,0.22535785,0.34774703,-0.029208917,-0.031738773,-0.7588048,-0.056619197,-0.2796875,-0.43721527,0.19130948,0.3646462,0.5024466,0.26647928,0.24803552,-0.23916051,0.002881116,0.8299371,-0.88302183,-0.20349948,-0.62212175,-0.30561644,-0.44846073,-0.028894069,-0.14905618,0.26711768,0.3576364,-0.15360263,0.26772898,0.10043859,-0.10191506,1.0792127,-0.39168647,-0.40529743,0.1263696,-0.6946076,0.9260289,0.11775708,-0.46033904,-0.47149715,0.26659185,-0.1273591,0.20083563,-0.18693809,0.28532767,-0.6091468,-0.22531806,-0.5489141,0.30813086,-0.21063891,0.21507396,-0.7809939,-0.21990018,0.7329548,-0.43190885,-0.27355075,0.028895142,0.34277382,-0.64634115,-0.1841227,0.057741337,0.26232246,-0.75432795,0.0027884394,0.120461196,0.30316725,-0.2390715,-0.7242665,0.4201316,-0.17330368,0.8471677,0.56448686,0.7612239,-0.17173816,0.5597258,0.42188135,0.6882316,0.021369139,0.8174656,0.11379278,0.32627422
0.5590337,0.4695301,0.4662024,-0.17309064,0.38358277,0.12360631,0.2568505,0.5593545,0.010760224,-0.52759475,-0.2507734,-0.8090335,0.21275358,0.37697965,-0.10474226,-0.3469263,-0.41706443,0.13918768,0.1787353,-0.25717762,0.03500172,0.27596986,0.061729506,0.021696167,0.35042417,-0.72589743,-0.21414396,-0.3503313,-0.20975977,0.17091139,-0.1320278,0.37919226,-0.06791411,-0.096809596,-0.6134903,0.68360555,0.093106784,-0.5433967,-0.39825353,-0.20832096,-0.04620385,-0.029283894,0.22673824,-0.3305074,0.18912525,0.148715,-0.01031291,0.4653815,-0.07048205,0.40258422,1.0530801,-0.39902413,-0.49843666,0.08635509,-0.3889407,0.38733697,0.44248036,-0.31002355,-0.24581599,-0.044640623,0.17446406,0.05129087,-0.30011246,0.5334745,-0.7325579,-0.08785755,-0.45465815,0.24314016,-0.5023411,0.40679288,-0.18631472,0.119293705,0.57582635,-0.5289651,-0.61076397,-0.043661613,-0.23501962,-0.20214838,-0.04954369,0.259205,0.04432475,-0.51582354,-0.1552456,0.1597857,0.023391558,0.107125044,-0.002365369,0.31566536,0.13776714,0.32203087,0.43729398,0.4908995,-0.43936324,0.2618697,0.01844977,-0.1900385,-0.12436131,-0.12846301,-0.007369384,-0.25542498
-0.2614501,0.32581133,-0.042127073,-0.26006553,-0.0848065,-0.2813015,0.53004974,0.32875726,-0.28377137,0.27936754,0.02840726,-0.23183994,-0.029628955,-0.17633826,-0.21151045,-0.29691482,0.18686233,-0.08099741,-0.16263013,-0.39206946,-0.30193838,0.10638085,-0.07046627,-0.31709543,-0.5997505,-0.12359378,-0.038150366,-0.14831933,-0.260801,0.0023372034,0.9126811,0.5221717,0.21878281,0.33986565,-0.37998632,-0.51210374,0.29655728,-0.4535326,0.24703626,-0.34459773,-0.244958,-0.045567386,-0.37935266,-0.6156051,0.513142,-0.07891928,-0.075976804,-0.045561567,0.10058492,-0.3616627,0.10286898,-0.2623802,-0.030303359,-0.090910226,-0.13515015,0.6006219,0.035677966,0.041189376,-0.4513533,0.66837955,0.5329177,-0.36050236,-0.14177087,-0.03967362,-0.49068943,-0.18950975,-0.10971045,-0.2118333,-0.1702486,0.8797745,-0.3697739,-0.44266054,0.1465021,-0.059520207,0.0018725768,-0.4029476,0.0838296,-0.078303926,-0.18328227,-0.25323033,0.34048247,-0.5349096,-0.4697097,0.73085594,0.24857575,-0.27548108,-0.19175872,-0.013466031,0.36296722,0.26178014,0.71438473,0.14924693,0.1764967,-0.23160347,0.62630004,-0.020151827,0.22455612,-0.4740821,0.15064612,-0.3084045
0.28932804,0.35757262,0.5504289,0.32000273,0.117514,-0.195619,-0.06893982,0.9755788,0.26261324,-0.0337993,-0.27081206,-0.50908935,0.4623496,0.4841776,-0.28794396,-0.6252714,0.08238972,0.537856,0.16555892,-0.8612645,0.055166036,0.23831527,0.08634369,0.07583455,0.58670807,-0.7050141,-0.7370482,0.005903527,-0.12222978,0.673125,-0.1292172,1.058449,0.087405324,-0.086659685,-0.5142445,0.1852885,-0.033018596,-0.7912575,-0.26601326,-0.7405845,-0.14375597,-0.52131087,-0.0014911711,-0.18319467,0.7648946,0.05855898,0.24385066,0.12671174,0.009729492,0.13090527,0.98258793,-0.6133974,-0.5560499,0.4918112,-0.09127649,0.7985161,-0.00083263626,-0.7510102,0.054900415,-0.24222007,-0.039536707,0.36842394,-0.54429626,0.25457007,-0.66834676,-0.0035978735,-0.5931713,0.519955,-0.6842651,0.13771643,-0.4518993,-0.057547413,0.55248415,-0.3901809,-0.6878167,0.2955941,-0.15452094,-0.5363241,-0.13444847,0.11588516,0.6502854,-0.24621935,0.38737458,0.27000394,0.23603034,0.09623952,-0.2533828,0.3701844,-0.10645926,0.45368916,0.37048584,-0.11566623,-0.50667125,0.096839055,0.39042583,-0.31484511,-0.05204857,-0.2331808,-0.010441812,-0.493189
-0.11722705,-0.032222368,0.5382023,0.32276672,0.35751793,0.0110116545,0.1361706,0.30996495,-0.16875663,0.23607492,0.33022916,-0.24675485,0.114870496,0.2894304,-0.17558429,-0.10236357,-0.49986568,0.48439515,0.34679264,-0.5145856,-0.024646737,0.5227845,0.18928538,0.11522775,0.035261873,-0.7516787,-0.17438191,-0.25524518,-0.31165442,0.43403536,0.05634606,0.5428548,0.42675984,0.123075075,-0.33804098,0.0625236,0.44521698,-0.58329886,0.01459435,-0.7813842,-0.31194976,-0.4114656,-0.2184526,0.1373957,0.55325466,0.31752288,0.059440605,0.4185068,-0.019613402,0.014648209,1.0036386,-0.5466218,-0.34335503,0.07085062,-0.38030517,0.99529415,0.07900062,-0.4473774,-0.45061255,0.12605384,-0.19178098,0.4444979,-0.2605161,0.23138078,-0.72993463,-0.38887227,-0.78195083,0.3429809,-0.44386774,0.24884817,-0.7363681,-0.23878095,0.75700647,-0.45889127,-0.27368006,0.22822955,-0.06526712,-0.5667987,-0.14166042,-0.0053915456,0.57164717,-0.6110536,0.017602764,-0.10359329,0.40630573,-0.25800097,-0.71316475,0.34946862,-0.35396162,0.58469236,0.49576077,0.6532452,-0.19218321,0.5197378,0.18743357,0.31904048,0.19851652,0.5372154,0.112905994,-0.23197341
0.6216729,0.5343386,0.34058556,-0.033382617,0.18013659,-0.3538668,0.06665401,0.94429284,0.52381986,-0.34834194,-0.08738241,-0.76644987,0.14290217,0.3553256,-0.16642798,-0.3997522,0.09190537,0.18660176,0.029718395,-0.6278828,0.17711225,0.44810876,-0.0039776354,-0.04817416,0.4660334,-0.8441838,-0.5930344,0.017133439,-0.1783298,0.27396458,-0.2722215,0.6798824,-0.18522952,-0.16145283,-0.68369806,0.70157146,0.41967693,-0.5799722,-0.3513878,-0.09117909,-0.3207913,-0.032991648,0.44752255,-0.5089982,0.46733308,-0.08992289,0.16281247,0.5162741,0.14146423,0.5549877,1.2589468,-0.5295454,-0.6194054,0.24941261,-0.40953627,0.44396815,0.4916451,-0.57022184,0.20593333,-0.17672734,-0.11014386,0.1791522,-0.4877959,0.47081906,-0.6118619,0.32042247,-0.5674968,0.6621719,-0.43757305,-0.07328943,-0.39679125,-0.16119954,0.42138138,-0.577429,-0.814324,0.026781011,-0.21303706,-0.251077,-0.30302832,0.52905214,0.32320645,-0.13923423,0.16365917,0.36120325,0.08774982,0.24213204,-0.09658905,0.4880566,-0.122238174,0.25790054,0.18990877,0.075397596,-0.4443346,-0.13672917,0.49647743,-0.38483983,0.038428735,-0.30860692,0.09567207,-0.48934013
-0.23534918,0.38600084,-0.117431425,-0.29450494,-0.10127077,-0.4301974,0.7819308,0.44477373,-0.19884416,0.37448224,0.13260025,-0.1590055,0.03285592,-0.12978627,-0.4242239,-0.44350243,0.40861654,0.1262975,-0.21269786,-0.50114095,-0.31218916,0.26659927,-0.190538,-0.4279743,-0.82309705,-0.3318134,-0.055406563,-0.077862605,-0.3311416,-0.014966255,1.1703341,0.60614747,0.285017,0.5802846,-0.47850642,-0.72341573,0.5309449,-0.45801148,0.44142586,-0.36662897,-0.38844016,-0.03024764,-0.4895607,-0.9117156,0.6879891,-0.077932894,0.07921942,0.0048531196,0.048401475,-0.5213498,0.39094836,-0.42295772,-0.19719765,-0.2249748,-0.27162486,0.87612975,0.059714515,0.010362101,-0.5265975,0.80059624,0.66158783,-0.40411967,-0.24160154,0.06504874,-0.6280886,-0.17323129,-0.28858685,-0.3071583,-0.13390481,0.93750316,-0.56782806,-0.80377305,0.21353301,-0.16996321,-0.09967774,-0.5027853,-0.10772369,-0.037596773,-0.23793617,-0.34958327,0.51886606,-0.7855938,-0.6874635,1.024097,0.45242614,-0.36554188,-0.18365839,-0.019713035,0.39264548,0.35989743,0.851878,0.1631139,0.19984321,-0.4091568,0.9724994,-0.2859029,0.3620413,-0.50328094,0.23024921,-0.5706723
-0.03746201,-0.21072939,0.3670739,0.22144079,0.40569425,-0.42628527,0.22103402,0.43609077,-0.0058258353,0.22687244,0.25236255,-0.40444726,-0.3714704,0.48200098,-0.20875256,-0.07153497,-0.36596924,0.3868782,0.3674179,-0.8871415,-0.16221786,0.6152058,-0.0414669,0.020796852,0.19514817,-0.6587365,-0.18547338,-0.09557048,-0.5308293,-0.03518235,0.3044461,0.7044948,0.20417657,-0.3814296,-0.48333097,0.07092582,0.8045389,-0.7692126,-0.09117232,-0.6513349,-0.47282004,-0.056509513,-0.19681364,-0.22577007,0.6623973,-0.026025688,-0.0735631,0.5655478,0.40382522,0.25241408,1.1204841,-0.6456078,-0.3641898,0.19194171,-0.6351873,1.2938149,0.08915121,-0.10466479,-0.21037166,0.64083374,-0.011808401,0.12195313,0.048515223,0.29798836,-0.5505817,-0.49939913,-0.86248827,0.46699876,-0.20845589,0.3918112,-0.59652674,-0.02002522,0.5716707,-0.64332926,-0.081180125,0.25186655,0.49592513,-0.57658273,-0.67922485,0.22630891,0.44744593,-0.12667653,0.30497906,-0.3437071,0.104407646,-0.4501966,-0.38823694,0.5640506,-0.2889965,0.56349313,0.37471053,0.5964393,0.39782268,0.3918783,0.29584247,0.32414111,0.42224354,0.4722925,0.067111455,0.35272637
-0.24190168,-0.08801301,0.31914806,0.6020826,0.4208548,-0.1962733,0.30750585,0.54633474,-0.3354869,0.33740345,0.7994384,-0.42573908,-0.21966341,0.50767535,-0.32772055,0.23506719,-0.25393978,0.43128508,0.56635875,-0.48590273,-0.06331625,0.2663512,0.34207648,-0.04029227,-0.034909353,-0.761914,-0.09134218,-0.26209092,-0.46274868,0.19655228,0.38317934,0.53586805,0.25736648,0.31258783,-0.27415943,-0.06394459,0.9100871,-0.9163533,-0.19111969,-0.6056363,-0.33232233,-0.51043206,-0.02810167,-0.16198322,0.26356384,0.36173522,-0.20277277,0.24170367,0.083074614,-0.13571148,1.1058822,-0.45083934,-0.4169179,0.100993976,-0.7273294,0.9845546,0.090416,-0.521139,-0.5028739,0.28555226,-0.1474193,0.17533174,-0.17876415,0.27305013,-0.64514583,-0.22343902,-0.612546,0.27002767,-0.155363,0.17550951,-0.88379014,-0.22372259,0.7862301,-0.46861494,-0.30012122,0.0607925,0.37570524,-0.716938,-0.24260646,0.03401473,0.39421996,-0.7894663,0.009201893,0.14629753,0.36199993,-0.2602854,-0.8188011,0.4509245,-0.23363179,0.8587988,0.57457536,0.8358491,-0.14148112,0.5870421,0.4894048,0.73611516,0.02920242,0.94376016,0.14689009,0.3372912
0.4034327,-0.40258598,-0.06715628,-0.5040795,-0.33088365,-0.7877378,-0.15945631,1.1016965,0.48557884,0.02895266,-0.042989742,-0.6080434,-0.12969376,0.7525866,-0.49080575,-0.6164893,0.10610836,-0.6498139,-0.38680342,-1.1721317,0.16559066,0.05756361,0.07260368,0.0053634187,0.6693237,-0.86024386,-0.19496655,0.15663326,-0.12792826,0.28026837,0.3296895,0.26097074,-0.2747997,-0.6386494,0.33427697,0.73226416,0.55507714,-0.5247769,-0.021906804,-0.29513508,-1.1943805,-0.7171767,0.31345144,0.2245053,1.0382986,-0.120257616,0.1748083,0.24158055,0.5912178,0.38510343,0.7780744,0.35450777,-0.34287217,-0.30070835,-0.1902119,0.29343575,-0.4028789,-0.10721641,0.6935187,0.49231032,-0.08836706,-0.054751754,0.13723288,0.318847,-0.16643275,0.3514489,0.07833874,1.3268775,-0.54375094,-0.25976834,-0.3733819,-0.2608268,0.045479722,-0.667745,-0.13192776,-0.11210737,0.6140088,-0.199406,0.015390035,0.8449248,-0.4502844,0.44044605,0.11872555,0.44318315,0.20802517,-0.20536022,0.12945937,0.82783026,-0.049089264,0.15249369,0.14934583,-0.2302129,0.4809568,0.03974777,0.9844636,-0.12548286,0.7017415,-0.56221354,0.31035477,-0.12068405
-0.22577123,-0.090099,0.3168894,-0.41861188,-0.8007926,-0.4748412,0.013932002,0.85483474,-0.20134903,-0.5781221,-0.56759554,-0.49131143,-0.04871595,0.1701057,-0.04444763,-0.48848826,-0.29090223,-0.9324935,-0.6918324,-0.17399348,-0.29963338,0.19442981,0.038563,0.27322948,0.1476287,-0.62414515,-0.050411154,-0.5058711,-0.20669752,0.20721045,0.50453645,-0.034004986,-0.021867963,-0.11978477,-0.20275764,0.84846437,0.05904194,-0.95168346,-0.39341247,-0.3461845,-0.93509775,-0.12808557,0.048201684,0.2956744,0.55843663,0.114461735,-0.69471496,0.46363455,0.10437858,0.15559556,0.4835874,0.45278674,-0.33731428,-0.36210158,-0.061941598,0.23449564,-0.108476765,-0.6430398,0.15708785,0.3050812,-0.36651644,-0.5489634,-0.38950133,-0.3256673,-1.3023708,0.3692519,-0.06830347,0.56304437,-0.63597876,0.18107802,0.07796359,0.6330326,-0.17470744,-0.36818433,-0.18903811,0.04208731,0.31168494,-0.3883846,-0.6477971,0.75100523,-0.53117543,0.37007174,0.76611495,0.5622523,-0.0899989,0.33894604,-0.5306091,0.5022625,0.47026744,-0.22079024,0.3240508,0.23306586,0.29932106,-0.20288543,0.42456684,0.27763948,0.023728037,-0.8175022,0.24729711,-0.361863
0.67049086,-0.24822961,-0.13417885,-0.6351124,-0.51342475,-0.7702246,-0.22408295,1.3160577,0.39117083,-0.26635757,-0.32985637,-0.7062289,-0.08834056,0.8128148,-0.71431327,-0.66078705,0.37258747,-0.6267118,-0.26230648,-1.1032588,0.22716755,0.13357076,0.007750297,0.031815384,0.5329972,-1.0697217,-0.26538363,0.19224893,-0.1934591,0.32483864,0.44586366,0.45398283,-0.6288885,-0.29948628,0.32437545,0.7587661,0.54458016,-0.8323033,-0.26442093,-0.19932693,-1.2130163,-0.47714218,0.6618783,0.03359227,1.0908737,-0.006102135,-0.12952648,0.23252214,0.53284895,0.14991157,1.072285,0.5132727,-0.35983264,-0.41534016,-0.21349795,0.21968642,-0.39491522,-0.20783624,0.70826584,0.3338275,-0.012724285,-0.11710771,0.02245009,0.4399676,-0.14375274,0.480249,0.0022137498,1.1412313,-0.54019964,-0.29450354,-0.15808651,-0.42203486,0.0235532,-0.6434114,-0.500702,-0.22388124,0.62333906,-0.3606604,-0.12998416,0.6067922,-0.6259976,0.4139659,0.13967681,0.89159817,0.13387169,-0.09261003,0.27619278,0.6593646,0.017887544,0.053388655,0.37552932,-0.2641089,0.42185158,-0.034673303,1.1254519,-0.25425884,0.6812529,-0.87569517,0.15271004,-0.1256151
-0.055417504,-0.11222335,0.28106296,-0.5541342,-0.78030825,-0.10829824,0.18131338,0.5326683,-0.415249,-0.7300583,-0.5071253,-0.5653093,-0.2709253,0.21611908,-0.09759211,-0.3554119,-0.4042003,-0.8695135,-0.49517435,-0.10659941,-0.35641247,0.07710185,0.1678813,0.33022714,0.08721514,-0.76648414,0.2817714,-0.8011529,-0.39427984,0.049060557,0.47285283,-0.124179326,0.08607849,-0.1397195,-0.10552084,0.7707251,0.113433875,-1.2742679,-0.53199995,-0.47300258,-1.0035598,0.2610524,-0.15510339,-0.056638572,0.23735033,0.3152029,-0.83166915,0.56843215,-0.07219491,0.20032033,0.47217786,0.39261034,-0.6646729,-0.5382641,-0.23764756,0.4405341,-0.18229738,-0.34654778,-0.07381778,0.5564247,-0.12494835,-0.688668,-0.6160829,-0.010637522,-1.3762084,0.1355189,-0.07040571,0.13943855,-0.7294953,0.6608152,0.22620866,0.6494652,-0.27759698,-0.62565506,-0.3050165,-0.25540766,0.35428986,-0.38414547,-0.54140526,0.7813668,-0.7296145,-0.099225074,0.46788523,0.6418656,-0.24746786,0.36853537,-0.42394862,0.41142228,0.53589994,-0.045885418,0.42045182,0.37354505,0.19206277,0.03878506,0.02159477,0.04532583,-0.13078365,-0.8736512,0.022916496,-0.2761332
0.359355,-0.09495972,0.2326153,-0.32759798,-0.43100753,-0.5177332,-0.039085556,0.77989894,0.101890475,-0.23122787,-0.2689053,-0.8469106,-0.39127696,0.5414633,-0.25780872,-0.38935018,-0.3872196,-0.57909465,-0.3737427,-0.46031108,0.03124131,0.14316423,0.078140095,-0.0026709097,0.33002362,-0.7051542,0.1115538,-0.21252607,-0.2349814,0.013913035,0.21150288,0.2960651,-0.0811265,-0.4150171,0.029285677,0.84916645,0.5235212,-0.57420355,-0.4874702,-0.3089373,-0.75476384,-0.13421018,0.38798833,0.13225843,0.63731885,-0.13027896,-0.16544166,0.57911927,0.5000298,0.40375704,0.75883836,0.26065233,-0.2787175,0.035944086,-0.24937558,0.3718204,0.06150663,-0.27378577,0.537346,0.15139209,-0.14806706,-0.08054188,-0.06803182,-0.045881286,-0.5124058,0.3709196,-0.10129878,1.152947,-0.60002637,0.16583039,0.16143896,0.04383128,0.2099418,-0.32458985,-0.15889342,-0.085497215,0.6105727,-0.32568812,-0.30035132,0.8354252,-0.55186725,0.31238896,0.39346826,0.18502408,-0.1553596,-0.19553198,-0.1194291,0.753976,0.09572263,0.060717266,0.24051295,0.14453596,0.35404307,0.043980587,0.6229314,0.18384007,0.42006546,-0.52099276,0.12207316,-0.027860492
-0.2855677,-0.16025794,0.16961008,-0.36017215,-0.36549175,-0.1512366,0.56075734,0.8921521,-0.055945925,-0.7454373,-0.42630696,-0.008948189,-0.1715676,0.37040278,-0.25961766,-0.38416186,-0.27461356,-0.57757866,-0.72254163,-0.03837609,-0.24531381,0.41144884,0.018024491,0.15517204,0.18704365,-0.723865,0.20486808,-0.29055217,-0.34222066,0.40769666,0.4157071,-0.09925206,-0.059934694,-0.6291132,-0.19977602,0.93142253,0.070241064,-1.1045529,-0.009018835,-0.4365504,-0.65084064,0.29460394,0.102158695,-0.35852382,0.9012892,0.081027485,-0.14624539,0.4772332,-0.03799669,0.16114566,0.7014919,-0.1498688,-0.39842778,-0.57359576,-0.04222783,0.22332446,-0.09929791,-0.44389278,0.10854032,0.29286668,-0.19862431,-0.2678228,-0.5564615,0.11265269,-1.2890421,0.118626595,0.22305581,0.42462254,-0.33483326,0.06149721,-0.045604073,0.0069312006,-0.4300096,-0.20914744,-0.3120129,-0.24411249,-0.10078986,-0.081183545,-0.2395187,0.6568077,-0.33134818,0.077470616,0.47823346,0.7459888,0.22966522,0.95841056,0.19146596,0.3015341,0.6645701,-0.079915255,0.049255684,0.039073143,0.13538241,-0.36933333,0.3898253,-0.057039753,-0.36813122,-0.8513186,0.24326451,-0.61625963
0.21403717,-0.061135788,0.30289206,-0.17867818,-0.22151665,-0.35628784,0.032694824,0.7606498,-0.19493549,-0.39418307,-0.31652966,-0.6568719,-0.2606832,0.5619962,-0.2199085,-0.16030268,-0.41001886,-0.52980983,-0.2441535,-0.27051347,-0.11099295,-0.00105222,0.1677362,0.11672154,0.37628216,-0.6973802,0.05830369,-0.19852822,-0.062232025,0.14891832,0.13215694,0.04276881,-0.11713177,-0.25084662,0.030887837,0.82123965,0.6349869,-0.55479425,-0.35599425,-0.42729837,-0.79886806,-0.14230523,0.22441114,0.20489575,0.48680216,0.007150934,-0.27741298,0.48448434,0.25289693,0.24656165,0.75828487,0.29429913,-0.19957161,-0.1824258,-0.3034766,0.33813438,-0.07940437,-0.49023452,0.33737823,0.20039827,-0.060645323,-0.22958466,-0.09156302,0.061858647,-0.537735,0.13090332,-0.19102594,0.75373054,-0.6344758,0.037812296,0.033951316,0.14162238,0.314811,-0.30686826,-0.31529337,-0.15967351,0.44603607,-0.32835296,-0.16675663,0.4026244,-0.44413558,0.14032051,0.18510818,0.28111663,-0.045858532,-0.12242979,0.06841169,0.80439687,0.09349648,0.21035755,0.355637,0.33826393,0.23694327,0.16520455,0.7117032,0.3539498,0.23827842,-0.3798388,0.122011535,-0.08210422
-0.22577123,-0.090099,0.3168894,-0.41861188,-0.8007926,-0.4748412,0.013932002,0.85483474,-0.20134903,-0.5781221,-0.56759554,-0.49131143,-0.04871595,0.1701057,-0.04444763,-0.48848826,-0.29090223,-0.9324935,-0.6918324,-0.17399348,-0.29963338,0.19442981,0.038563,0.27322948,0.1476287,-0.62414515,-0.050411154,-0.5058711,-0.20669752,0.20721045,0.50453645,-0.034004986,-0.021867963,-0.11978477,-0.20275764,0.84846437,0.05904194,-0.95168346,-0.39341247,-0.3461845,-0.93509775,-0.12808557,0.048201684,0.2956744,0.55843663,0.114461735,-0.69471496,0.46363455,0.10437858,0.15559556,0.4835874,0.45278674,-0.33731428,-0.36210158,-0.061941598,0.23449564,-0.108476765,-0.6430398,0.15708785,0.3050812,-0.36651644,-0.5489634,-0.38950133,-0.3256673,-1.3023708,0.3692519,-0.06830347,0.56304437,-0.63597876,0.18107802,0.07796359,0.6330326,-0.17470744,-0.36818433,-0.18903811,0.04208731,0.31168494,-0.3883846,-0.6477971,0.75100523,-0.53117543,0.37007174,0.76611495,0.5622523,-0.0899989,0.33894604,-0.5306091,0.5022625,0.47026744,-0.22079024,0.3240508,0.23306586,0.29932106,-0.20288543,0.42456684,0.27763948,0.023728037,-0.8175022,0.24729711,-0.361863
0.36255315,-0.09613769,0.2962838,-0.3783884,-0.4672619,-0.5451806,-0.2130766,1.1732123,-0.09153615,-0.47939542,-0.60460246,-0.85813797,0.062847465,0.70966583,-0.33877465,-0.6662734,-0.25940868,-0.85922277,-0.55771726,-0.50808436,0.058074787,0.065989524,0.11123392,0.22561404,0.6331335,-0.95900846,-0.22947468,-0.071060546,0.056764986,0.33379427,0.23208629,0.0979126,-0.33044606,-0.30485138,0.0933985,1.0392696,0.47754383,-0.58910966,-0.28453395,-0.3796374,-1.1337743,-0.5413771,0.2983913,0.5731568,0.77148885,-0.0461872,-0.11825336,0.497746,0.36659807,0.22087853,0.92884535,0.5439491,-0.19178724,-0.26471364,-0.12292947,0.12741463,-0.12502709,-0.6994598,0.61021715,0.14313796,-0.18573944,-0.20013754,-0.051766954,0.029700797,-0.61013937,0.36288884,-0.14002238,1.1627444,-0.8687774,-0.26961678,-0.034776427,0.14618047,0.1916728,-0.39999157,-0.4011994,-0.06565242,0.37210628,-0.24471246,-0.14049993,0.51245576,-0.5895846,0.3673229,0.3810261,0.50240964,0.14137933,-0.039882585,0.091179796,0.87519366,0.15018526,0.09092692,0.3933042,0.07390524,0.36554047,0.027605794,0.95502365,0.19886072,0.42755985,-0.67995745,0.35752037,-0.417433
-0.24260154,-0.36302322,-0.122951366,-0.90610474,-0.75037605,-0.55154085,-0.17956163,0.9395532,0.17934988,-0.5151239,0.46168557,-0.40837872,0.10029278,-0.33494967,0.056029953,-0.18066879,-0.20092325,-0.7581617,0.12799738,-0.78771347,-0.076319896,0.22077157,0.25982025,0.1828032,-0.7077179,-0.61103076,0.005752554,-0.55458194,-0.18831393,-0.10613997,0.67627674,-0.02298026,0.15408248,0.49093056,-0.18973477,0.60468274,-0.10669406,-0.99151653,-0.57086194,-0.58739096,-0.4866768,-0.5281763,-0.15503527,0.043916933,0.3947125,0.27662766,-0.68581694,0.45728454,0.19857013,0.21523248,0.51699007,0.5833586,-0.4348702,-0.15013896,-0.3371007,0.21406864,-0.07051946,-0.23663571,-0.36693382,0.2939846,-0.6190357,-0.12095616,-0.43782958,-0.55892336,-0.931862,0.49109212,0.009827077,-0.03936197,-0.4911193,0.20575973,-0.19719419,0.31937745,-0.09296079,-0.44699106,-0.08517236,0.388584,0.08290201,-0.6266134,-1.0517001,0.87368697,-0.3261441,0.3585923,0.5509353,0.75050074,-0.31507975,0.09038009,-1.2038609,0.20510654,0.03221294,-0.6130408,0.3250286,0.3730024,0.2165225,0.058266092,0.0076378873,0.1205745,0.13644579,-1.1668499,-0.028720425,-0.007933999
0.21426287,-0.059690196,0.30420053,-0.1858158,-0.23930754,-0.36033243,0.028238181,0.76139706,-0.20121054,-0.40514952,-0.31851277,-0.65924156,-0.2626819,0.55390626,-0.21986046,-0.15654485,-0.40254116,-0.53808194,-0.2386214,-0.2595431,-0.11435359,0.0009247015,0.1675946,0.121225424,0.3656627,-0.70390433,0.05910211,-0.20232973,-0.062038735,0.14468677,0.14165674,0.042994894,-0.12432183,-0.22624029,0.030127076,0.82091343,0.63907206,-0.56834084,-0.37105575,-0.42351687,-0.806626,-0.13776058,0.23681295,0.2004232,0.4803287,0.014484145,-0.30044216,0.4883632,0.25029922,0.23759764,0.7663267,0.30666777,-0.20132941,-0.18957126,-0.30671385,0.33747172,-0.07886684,-0.49866354,0.33719435,0.1933432,-0.06545769,-0.23693478,-0.096104994,0.059045445,-0.546473,0.14160307,-0.19994037,0.74273616,-0.6334052,0.036478788,0.043182008,0.14489278,0.31863126,-0.30523753,-0.3289946,-0.15864997,0.44892856,-0.34166542,-0.17682636,0.40206087,-0.44833782,0.1405111,0.1946627,0.29702553,-0.05017635,-0.123282105,0.052433968,0.8014648,0.08840795,0.20401594,0.3646593,0.3452994,0.23321299,0.16054666,0.71741724,0.36003917,0.23982814,-0.38742918,0.115621805,-0.077819824
-0.055417504,-0.11222335,0.28106296,-0.5541342,-0.78030825,-0.10829824,0.18131338,0.5326683,-0.415249,-0.7300583,-0.5071253,-0.5653093,-0.2709253,0.21611908,-0.09759211,-0.3554119,-0.4042003,-0.8695135,-0.49517435,-0.10659941,-0.35641247,0.07710185,0.1678813,0.33022714,0.08721514,-0.76648414,0.2817714,-0.8011529,-0.39427984,0.049060557,0.47285283,-0.124179326,0.08607849,-0.1397195,-0.10552084,0.7707251,0.113433875,-1.2742679,-0.53199995,-0.47300258,-1.0035598,0.2610524,-0.15510339,-0.056638572,0.23735033,0.3152029,-0.83166915,0.56843215,-0.07219491,0.20032033,0.47217786,0.39261034,-0.6646729,-0.5382641,-0.23764756,0.4405341,-0.18229738,-0.34654778,-0.07381778,0.5564247,-0.12494835,-0.688668,-0.6160829,-0.010637522,-1.3762084,0.1355189,-0.07040571,0.13943855,-0.7294953,0.6608152,0.22620866,0.6494652,-0.27759698,-0.62565506,-0.3050165,-0.25540766,0.35428986,-0.38414547,-0.54140526,0.7813668,-0.7296145,-0.099225074,0.46788523,0.6418656,-0.24746786,0.36853537,-0.42394862,0.41142228,0.53589994,-0.045885418,0.42045182,0.37354505,0.19206277,0.03878506,0.02159477,0.04532583,-0.13078365,-0.8736512,0.022916496,-0.2761332
0.5273598,-0.24643911,-0.052878764,-0.66286343,-0.5218059,-0.7468203,-0.21167119,1.3021963,0.2983579,-0.32628304,-0.43010035,-0.5783008,-0.07467636,0.7669293,-0.71630126,-0.61937445,0.28920212,-0.633242,-0.28312835,-0.9934911,0.09499602,0.20424746,-0.083409324,0.056735106,0.5256343,-1.0319934,-0.20547466,0.11337161,-0.2733803,0.32991436,0.36553523,0.3475185,-0.5936751,-0.3050954,0.304617,0.81383485,0.43740442,-0.78598386,-0.26967654,-0.17419209,-1.21535,-0.36826327,0.6486777,0.11418543,1.0824974,0.058110893,-0.32193494,0.251126,0.4968144,0.13093017,1.0201575,0.5340293,-0.33651966,-0.5060473,-0.1891856,0.20081607,-0.46864468,-0.18692231,0.6223095,0.35646176,-0.05945348,-0.20968202,0.06258644,0.43788454,-0.22008939,0.4497049,0.016345855,1.0876256,-0.49461558,-0.36591694,-0.14594933,-0.26942608,0.031864014,-0.6659454,-0.40216428,-0.20244302,0.6044642,-0.3935218,-0.16968139,0.57191914,-0.69513464,0.5209609,0.17283368,0.8749738,0.09664256,-0.044313874,0.31783444,0.6935862,0.10676904,-0.0062317485,0.40434697,-0.13777287,0.4579833,0.016832443,1.0418164,-0.18513922,0.6355349,-0.8805542,0.20538178,-0.10520178
-0.28923073,-0.11694473,0.10622265,-0.27173486,-0.3916072,-0.14793901,0.5463911,0.8013851,-0.016477035,-0.7520827,-0.1905142,-0.061799414,-0.14637521,0.110325225,-0.115492396,-0.27194005,-0.1852769,-0.68475616,-0.6377568,-0.1253401,-0.14773636,0.3204306,0.24053447,0.148189,0.05368961,-0.63151145,0.11123103,-0.20532057,-0.20308357,0.42002416,0.43014437,-0.12300529,0.008858779,-0.48122692,-0.24530382,0.8799364,0.11757641,-1.1504009,0.056790665,-0.63160604,-0.58150053,0.15867814,-0.050754186,-0.45753774,0.86225665,-0.045751583,0.013504793,0.43382144,-0.09788346,0.29482117,0.60380244,-0.19955203,-0.34883016,-0.511889,-0.09142739,0.2336257,0.0165445,-0.49986827,0.02313487,0.24537751,-0.25408694,-0.1294081,-0.6804137,-0.07342652,-1.2805882,0.11015763,0.13622493,0.25994462,-0.40155843,0.15696411,-0.10620664,-0.058383197,-0.4208344,-0.070416845,-0.39418405,-0.19777302,-0.21249998,-0.011274828,-0.25351837,0.6341584,-0.10222327,-0.057811312,0.40297663,0.80665904,0.20560966,0.9765283,-0.0048304377,0.28663552,0.4962588,-0.070914775,-0.008147008,-0.06044249,-0.015382765,-0.48067883,0.4760737,0.04776312,-0.43489742,-0.93620634,0.13859922,-0.7541511
0.55190223,-0.2592472,-0.05958963,-0.6767109,-0.53974897,-0.76672125,-0.22237542,1.3342714,0.31311136,-0.3326006,-0.4448993,-0.6085845,-0.08273127,0.7923013,-0.72290885,-0.6351009,0.2823119,-0.66436964,-0.3051366,-1.0086735,0.10651201,0.19807924,-0.08161453,0.05810303,0.55176264,-1.050809,-0.21193694,0.11920694,-0.2698631,0.33085933,0.3743332,0.35081488,-0.61605084,-0.3197117,0.31786934,0.8442028,0.4479155,-0.79804283,-0.28358397,-0.1651682,-1.2425901,-0.39335206,0.6700451,0.13998856,1.0985712,0.047190808,-0.31640103,0.2580208,0.516482,0.13846092,1.0399202,0.5602214,-0.3358557,-0.507609,-0.18879104,0.19290124,-0.4695888,-0.20124684,0.65983677,0.36003914,-0.06290018,-0.21300295,0.07166626,0.43199843,-0.22085147,0.47195253,0.020292806,1.1311464,-0.5084269,-0.37944198,-0.13816294,-0.26189756,0.028594146,-0.6767455,-0.40716073,-0.2014496,0.6360293,-0.39760542,-0.17409544,0.5996062,-0.7223267,0.5493727,0.19507192,0.87272966,0.09042598,-0.049943294,0.3218723,0.71477425,0.11110891,-0.017817069,0.4008828,-0.15154661,0.48169872,0.017098023,1.0655595,-0.180882,0.65141726,-0.89240944,0.21445464,-0.09895212
-0.17732616,-0.11392592,0.39204878,-0.4255508,-0.77527577,-0.3708243,0.12796035,0.8577526,-0.3183943,-0.6471374,-0.88334984,-0.44932514,-0.13781087,0.5370415,-0.22173788,-0.6975596,-0.3711182,-0.81298155,-0.8683222,-0.0026722616,-0.36855346,0.2938302,-0.19219083,0.3471025,0.36680484,-0.82883716,0.071184136,-0.5962315,-0.3142887,0.2463882,0.52675885,-0.039008893,-0.063891836,-0.36658457,-0.1774575,0.83719224,0.14202586,-0.9804674,-0.35841712,-0.17181681,-1.0868559,0.13677503,0.12335852,0.31587726,0.58810496,0.25140116,-0.706617,0.5669473,0.110082656,-0.036166463,0.69305015,0.39276308,-0.49335295,-0.5218899,-0.030767053,0.29251084,-0.18538485,-0.6451962,0.27041903,0.4100699,-0.22825108,-0.6833529,-0.38201764,-0.0053203604,-1.3822237,0.26767457,-0.033967223,0.73873234,-0.64315206,0.20236526,0.1964757,0.6052625,-0.25369975,-0.5338795,-0.21557488,-0.10344306,0.33910906,-0.3916809,-0.5289582,0.70662093,-0.7560656,0.26140833,0.7449011,0.5415697,0.055303875,0.3811488,-0.22034746,0.48041958,0.6741787,-0.075050555,0.38067392,0.30246648,0.42870036,-0.12773506,0.35102805,0.07299418,0.073293135,-0.66008395,0.38608986,-0.3908619
0.21826208,-0.062356442,0.30674833,-0.18281963,-0.23335044,-0.36714825,0.023487287,0.7624269,-0.1852637,-0.3979532,-0.3158517,-0.66274786,-0.26203796,0.55504215,-0.21340358,-0.15782636,-0.40870172,-0.5444441,-0.24940148,-0.2701321,-0.110094845,0.0024384777,0.16786408,0.12100365,0.38363498,-0.6983272,0.053184755,-0.19964825,-0.06394934,0.14631318,0.12844637,0.03733986,-0.12059853,-0.24584125,0.029157145,0.83564985,0.63775206,-0.5550934,-0.36913428,-0.4165984,-0.8145434,-0.1521467,0.23635113,0.21493343,0.48081225,0.005723601,-0.29182562,0.48803347,0.25518018,0.2552864,0.7601331,0.30511984,-0.20125444,-0.18650948,-0.30526018,0.33503127,-0.081658565,-0.49946588,0.34616593,0.19863074,-0.0742881,-0.23784281,-0.089524545,0.053855367,-0.5466029,0.1464054,-0.19451995,0.7631163,-0.63150626,0.023940282,0.034317654,0.15694883,0.31913134,-0.3152779,-0.31880683,-0.15285935,0.45362878,-0.33568248,-0.17570345,0.42102736,-0.44706446,0.15748493,0.19945022,0.27887973,-0.051876783,-0.12304222,0.05195504,0.8128678,0.08564186,0.19729866,0.35072786,0.33935222,0.2378914,0.16230674,0.71720475,0.36043936,0.24279724,-0.37783512,0.124467455,-0.07924362
-0.17732616,-0.11392592,0.39204878,-0.4255508,-0.77527577,-0.3708243,0.12796035,0.8577526,-0.3183943,-0.6471374,-0.88334984,-0.44932514,-0.13781087,0.5370415,-0.22173788,-0.6975596,-0.3711182,-0.81298155,-0.8683222,-0.0026722616,-0.36855346,0.2938302,-0.19219083,0.3471025,0.36680484,-0.82883716,0.071184136,-0.5962315,-0.3142887,0.2463882,0.52675885,-0.039008893,-0.063891836,-0.36658457,-0.1774575,0.83719224,0.14202586,-0.9804674,-0.35841712,-0.17181681,-1.0868559,0.13677503,0.12335852,0.31587726,0.58810496,0.25140116,-0.706617,0.5669473,0.110082656,-0.036166463,0.69305015,0.39276308,-0.49335295,-0.5218899,-0.030767053,0.29251084,-0.18538485,-0.6451962,0.27041903,0.4100699,-0.22825108,-0.6833529,-0.38201764,-0.0053203604,-1.3822237,0.26767457,-0.033967223,0.73873234,-0.64315206,0.20236526,0.1964757,0.6052625,-0.25369975,-0.5338795,-0.21557488,-0.10344306,0.33910906,-0.3916809,-0.5289582,0.70662093,-0.7560656,0.26140833,0.7449011,0.5415697,0.055303875,0.3811488,-0.22034746,0.48041958,0.6741787,-0.075050555,0.38067392,0.30246648,0.42870036,-0.12773506,0.35102805,0.07299418,0.073293135,-0.66008395,0.38608986,-0.3908619
0.62502086,-0.22527316,-0.072312966,-0.63681066,-0.44114828,-0.64963543,-0.20856562,1.2950561,0.25922415,-0.42770028,-0.43854937,-0.69440603,-0.007713237,0.7894181,-0.63584745,-0.66997766,0.24463752,-0.6572487,-0.25762495,-0.98473126,0.22214518,0.07886316,0.03184618,0.094600424,0.51504546,-0.9931986,-0.22290029,0.072449446,-0.13112813,0.3453106,0.41280666,0.31586072,-0.59531355,-0.33684757,0.300636,0.8777507,0.37927672,-0.7981903,-0.2895703,-0.29264125,-1.0851662,-0.46848193,0.53778,0.11598903,0.9949284,0.0005091088,-0.15591703,0.23609403,0.42710844,0.15672432,1.0082506,0.50227016,-0.31713876,-0.4483301,-0.19909418,0.16287223,-0.3706556,-0.22990465,0.5898214,0.28716817,-0.014662108,-0.13150044,-0.026864167,0.34970286,-0.2101014,0.40642554,0.069126844,1.0219911,-0.6527343,-0.24718377,-0.105329625,-0.24758959,0.01661305,-0.5934462,-0.43310905,-0.14359723,0.47984344,-0.281236,-0.14824772,0.5575335,-0.6957526,0.40423518,0.09748893,0.85271007,0.06808307,-0.0003449938,0.32083386,0.6418947,0.12998126,0.0076657203,0.41417155,-0.21724887,0.3393528,0.013326416,0.9895082,-0.20037472,0.53838384,-0.92429644,0.15668628,-0.18778594
-0.17984717,-0.3249289,-0.13619667,-0.85039186,-0.69907147,-0.43729228,-0.104243666,0.8429656,0.08996937,-0.583411,0.42381203,-0.4578696,0.056263346,-0.22580954,0.015562571,-0.27822334,-0.20585929,-0.71278214,0.11133829,-0.7387237,-0.01991787,0.19722643,0.25822914,0.22401966,-0.6726794,-0.69101536,0.040732637,-0.57465905,-0.15070465,-0.088745244,0.7296126,-0.042236645,0.19401965,0.42071524,-0.20186083,0.51661676,-0.014591672,-1.0237226,-0.48788866,-0.6201323,-0.4816007,-0.41967788,-0.24239002,-0.045061667,0.34195986,0.2955643,-0.53203285,0.48849678,0.1661646,0.15233116,0.61462045,0.48925298,-0.5184356,-0.20195544,-0.3702507,0.2670416,-0.012737207,-0.22114195,-0.38772982,0.3421017,-0.5109553,-0.07943585,-0.5197947,-0.41573882,-0.9241419,0.36994392,-0.00745737,-0.05228181,-0.56083596,0.3597019,-0.13268645,0.21056876,-0.13051808,-0.45896265,-0.15065747,0.30731457,-0.008334205,-0.55526334,-0.9397462,0.7814408,-0.35324824,0.10684452,0.39077637,0.7693581,-0.23405248,0.092088506,-1.0773826,0.14355393,0.06867668,-0.4537041,0.34932938,0.35327908,0.17326126,0.06323878,-0.023761813,0.03371469,0.13481954,-1.0987471,-0.013735117,-0.104854755
0.36546665,-0.1573654,0.17564473,-0.5424293,-0.55339885,-0.5152204,-0.12944219,0.81571877,0.11514787,-0.25643125,-0.40305513,-0.6718905,-0.26847085,0.6310089,-0.49222776,-0.54748106,-0.24275506,-0.54017526,-0.36208358,-0.59366244,-0.061478302,0.21661402,-0.08979246,0.083642624,0.36887464,-0.8518989,0.12868617,-0.19702487,-0.35393953,0.100337446,0.22141962,0.23757736,-0.120579995,-0.4388241,0.20570628,0.8026707,0.35347912,-0.59983677,-0.36990184,-0.2503211,-0.9732921,-0.04874093,0.40123355,0.17647684,0.78640443,0.050863843,-0.28585696,0.5055291,0.47850513,0.29331326,0.7998646,0.4153278,-0.3638831,-0.19184293,-0.18783581,0.35902274,-0.222796,-0.065217875,0.5017988,0.2915322,-0.14195651,-0.1471098,0.0044819806,0.22207873,-0.408324,0.31054416,-0.06275112,1.1123475,-0.5027449,0.029305931,0.15928417,0.022400854,0.1207233,-0.49358904,-0.11585085,-0.1450612,0.60564595,-0.36319265,-0.18871455,0.76068574,-0.77846986,0.37272552,0.3484966,0.3202601,-0.085898735,-0.15987384,0.030448487,0.6510546,0.17069685,0.06671016,0.28609812,0.07371511,0.44224966,0.08928161,0.5446745,-0.03511366,0.5362741,-0.6478974,0.12079301,0.023400469
-0.06174264,-0.13565443,0.30553886,-0.6260131,-0.69472843,-0.10493895,0.21393129,0.6386055,-0.44442257,-0.70884836,-0.68636817,-0.5129262,-0.26714596,0.47128543,-0.25159115,-0.4798676,-0.47863048,-0.7354018,-0.555312,-0.03967491,-0.4105133,0.15570301,-0.02516545,0.3034528,0.1673117,-0.82180417,0.35879722,-0.83760756,-0.50051665,0.055910807,0.49578232,-0.082088,0.014734462,-0.27642983,-0.06280749,0.78864056,0.055068605,-1.1918275,-0.5431962,-0.3150323,-0.9833808,0.3626928,-0.013842019,0.0003459245,0.3101727,0.40727574,-0.88705075,0.5772646,0.007512522,0.048431918,0.5681074,0.4050942,-0.6534904,-0.56111157,-0.18209939,0.40500465,-0.25903082,-0.2698956,-0.009229736,0.5749527,-0.048676364,-0.7450931,-0.47742438,0.15995702,-1.3217142,0.12298447,0.04928489,0.29939872,-0.64900553,0.5652447,0.26086816,0.61338323,-0.2779351,-0.6809391,-0.21396971,-0.2992308,0.41220656,-0.40742978,-0.48004383,0.7485185,-0.912635,0.00735907,0.48538274,0.59301686,-0.19770196,0.35095558,-0.19174844,0.39018947,0.7078552,-0.040861066,0.47544092,0.42889214,0.30886567,0.11993158,-0.030041337,-0.047671545,-0.072903514,-0.805065,0.123932935,-0.14881909
-0.6977582,0.20604227,0.3471322,-0.074925534,0.32151294,-0.58810455,0.38055965,0.99199015,-0.11303368,-0.14256078,0.3520019,-0.75957996,-0.0676016,-0.37176415,0.39005458,-0.030239344,-0.859793,-0.56065494,-0.24697173,-0.18379124,0.09849974,0.43971372,0.23727252,-0.6331119,-0.6180535,0.26954284,0.07097744,-0.56128126,-0.422322,-0.26261857,0.26008412,0.32734573,0.22960345,0.08767441,-0.89443904,0.67231303,-0.08745416,-0.20614801,-0.620781,-0.31128165,0.65389794,-0.47987247,0.1027187,0.037381295,0.1338111,-0.4193419,-0.3783917,0.4014658,0.6051273,0.36060736,0.13590418,-0.35800216,0.37821332,0.4883289,-0.112337686,-0.08991426,0.7277532,-0.42270955,-0.41125917,-0.0932908,-0.21105085,0.06504979,-0.031665087,-1.0281981,-0.9467135,0.60264355,0.5755688,0.63355976,-0.5314707,0.3058977,-0.40349272,0.1305496,0.31947753,0.098140545,0.48916343,0.3310775,0.0005232468,-0.20876582,-0.9257907,0.7197037,0.23743618,0.658742,0.10690705,0.23670125,-0.34159684,-0.016819105,-0.4443803,0.7910411,0.5560351,-0.54414636,0.48407105,0.8332413,0.10325844,0.16356917,0.2695546,0.8085895,-0.23951893,-0.58775586,0.7394046,-0.31189826
0.32831597,-0.05134963,0.2630365,-0.19096473,-0.30456868,-0.43522936,-0.12857376,0.9083699,0.036899067,-0.3189478,-0.36914077,-0.7207163,-0.032740053,0.47529304,-0.2162683,-0.48784333,-0.19152476,-0.60780084,-0.310957,-0.42827097,0.11428281,0.097490594,0.13492425,0.07969022,0.5257257,-0.6865227,-0.19892438,-0.027108125,0.045847997,0.25042012,0.15712157,0.1612341,-0.2165569,-0.2167231,0.012889967,0.7796254,0.34967798,-0.41082963,-0.24858488,-0.33910233,-0.7434012,-0.49145705,0.2810643,0.34811237,0.59791327,-0.14111911,0.022466695,0.3634642,0.24008678,0.30274585,0.73631036,0.27674246,-0.12179585,-0.09134974,-0.12100817,0.14741164,0.021457203,-0.5437218,0.47845146,0.0047616116,-0.08432384,-0.023092505,-0.031868666,-0.021703437,-0.44236982,0.32790142,-0.17155638,0.94243914,-0.67672765,-0.09355639,-0.0028908919,0.06178175,0.3077662,-0.2911831,-0.33596393,-0.01005798,0.26445055,-0.22804566,-0.12075426,0.43685117,-0.2994343,0.15135725,0.1768626,0.358834,0.12653378,-0.051160924,0.0011698814,0.6870807,0.051317908,0.09464349,0.28102288,0.053641066,0.19590366,0.053366728,0.80448675,0.16656005,0.3000095,-0.44695356,0.25730115,-0.3700362
-0.009376772,-0.34097195,-0.17812431,-0.9842084,-0.57059616,-0.44573492,-0.069403,1.0000048,0.2096762,-0.55547833,0.48569107,-0.6084253,0.052849684,-0.11159133,-0.009319399,-0.27243108,-0.22636116,-0.6389741,0.2012354,-0.8478973,0.0073019257,0.1434692,0.23986256,0.13268429,-0.6602332,-0.69008094,0.075562716,-0.63095826,-0.22200157,-0.1932168,0.7821194,0.08216461,0.060591016,0.37374958,-0.23660323,0.6227879,-0.054622833,-1.0896631,-0.6753374,-0.52614325,-0.34394473,-0.51126695,-0.10824579,-0.157485,0.3317561,0.28059217,-0.5702751,0.4693755,0.24599022,0.20284244,0.6443114,0.4773873,-0.56232375,-0.06667383,-0.46632552,0.25923905,0.04881732,-0.12802958,-0.37146634,0.364273,-0.44928375,-0.1394701,-0.42967057,-0.39198616,-0.8791875,0.4641164,0.07346337,-0.07429183,-0.5340828,0.38272387,-0.1924476,0.26706892,-0.113093026,-0.5473065,-0.10948715,0.32288918,0.13348384,-0.54751176,-1.0325491,0.9330744,-0.41627356,0.18692847,0.44958884,0.7290235,-0.3718969,0.07193274,-1.0706345,0.12865724,0.12992153,-0.53028727,0.37515745,0.34996185,0.18541224,0.12562348,-0.08797263,-0.04617907,0.10150677,-1.1238985,-0.07582307,0.13145946
-0.8990627,0.0904902,0.37324598,0.03880639,0.34360117,-0.52175254,0.39274397,0.6561525,-0.31928942,-0.00853566,0.05865508,-0.59074724,-0.07793448,-0.5781581,0.45636868,0.063312575,-0.41241565,-0.81948227,-0.56820726,-0.3437789,0.09054191,0.20637971,0.16492976,-0.6132121,-0.40234616,0.43780673,-0.052097876,-0.6898653,-0.5735879,-0.16315906,0.1314484,0.41088006,0.18903913,-0.3904379,-0.81518114,0.509412,-0.124561235,-0.2942643,-0.53083843,-0.20623855,0.3011672,-0.32602224,-0.06764716,0.18434744,0.06506667,-0.40565926,-0.69328785,0.06648584,0.4423686,0.3221982,-0.4527321,-0.34491366,0.26769716,0.14449644,0.1667379,-0.18751988,0.22437246,-0.18556555,-0.4922779,0.406048,-0.08872356,-0.446208,-0.108905375,-0.9568939,-1.0109016,0.46694636,0.9827606,0.6259543,-0.60047406,0.42678392,-0.55682987,0.4015039,-0.023394154,-0.21793978,0.665816,0.07775101,0.20243584,-0.013130202,-0.84117085,0.6707543,0.21044585,0.7698159,-0.02314761,0.4069523,-0.24113251,0.09014076,-0.1623625,0.84174925,0.6933123,-0.34303093,0.62626404,0.68107957,0.23261404,0.23311102,0.21578364,0.65926725,-0.23852432,-0.48117352,0.8529603,-0.5255652
0.6176824,-0.028968675,0.21390359,-0.41960743,-0.4428823,-0.48118916,-0.068469316,0.78224105,0.24216211,-0.35124898,-0.4471628,-0.84630847,-0.40154475,0.6453284,-0.37336755,-0.48703957,-0.29243454,-0.50349903,-0.33979762,-0.56302464,0.09735158,0.20144522,-0.044300295,0.04235125,0.55962926,-0.8758577,0.13474058,-0.2146883,-0.28544688,0.0512746,0.013300685,0.3045645,-0.10951669,-0.60902697,0.153632,0.9836858,0.4508898,-0.55346346,-0.48270416,-0.22598928,-0.8741298,0.07027166,0.49071816,0.09385031,0.60033095,-0.06650604,-0.12312468,0.5637085,0.44316143,0.5231566,0.9169887,0.21697977,-0.41398215,-0.09535773,-0.21700974,0.36657888,-0.017155856,-0.131018,0.63737243,0.12552363,-0.12024236,-0.052130684,-0.09099434,0.2637123,-0.37346542,0.40490574,-0.05602948,1.3259547,-0.55168605,0.063007526,0.27551913,0.045469675,0.24722481,-0.45040503,-0.24520394,-0.12717998,0.58692026,-0.3196383,-0.20807323,0.9340252,-0.753018,0.36526403,0.3027776,0.15245795,-0.147609,-0.11538415,0.13947958,0.76212275,0.10431077,0.06890351,0.23689067,0.010176099,0.31725392,0.11512715,0.5911638,-0.07552361,0.48465657,-0.5271841,0.11073868,-0.08653279
-0.20086251,0.0036489533,0.42114517,-0.30540627,-0.8143239,-0.40685448,0.076985516,0.83190155,-0.3603363,-0.7253888,-0.83682454,-0.48284277,-0.16237068,0.33924282,-0.07911188,-0.52664703,-0.3577472,-0.9736321,-0.8698914,-0.0339403,-0.33438691,0.2126649,-0.026918462,0.38309333,0.34695992,-0.764936,0.0020589894,-0.5349333,-0.169429,0.34542167,0.392645,-0.0906659,-0.0011249515,-0.30800858,-0.15035896,0.94178456,0.25902584,-0.963907,-0.324472,-0.39171576,-1.1605133,0.18499804,0.04530354,0.34433755,0.5396085,0.15969771,-0.6805144,0.551306,0.04319265,0.117384404,0.6460942,0.3864264,-0.37159163,-0.54985833,-0.02947563,0.28524464,-0.1329097,-0.762277,0.2664756,0.3503282,-0.3269832,-0.5968513,-0.48590314,-0.13504256,-1.358101,0.271829,-0.08986231,0.7763587,-0.7319785,0.16065289,0.2034633,0.5985105,-0.16668433,-0.34952438,-0.3153923,-0.11830893,0.29898098,-0.38458186,-0.5134563,0.65590495,-0.66357553,0.30035898,0.6803203,0.5615021,0.020011514,0.43203646,-0.26656342,0.6220616,0.56953835,-0.0621332,0.41070157,0.2228019,0.28914174,-0.19476146,0.56476665,0.27151486,0.04905011,-0.756156,0.3422264,-0.5553721
-0.5759783,0.14908117,0.4490494,-0.0799398,0.22182308,-0.37253466,0.2977108,0.67620116,-0.08414227,-0.16456628,0.25697547,-0.61638427,-0.23510927,-0.5468718,0.32826406,-0.07989213,-0.72652465,-0.58847743,-0.36703596,-0.19589856,-0.062496696,0.29367626,0.072451375,-0.49813378,-0.27837136,0.09239266,0.18830198,-0.5500507,-0.30953985,-0.20906101,-0.3098811,0.17995487,0.4876091,-0.38423955,-0.67128223,0.598099,0.014810047,-0.112646766,-0.45210356,-0.2735559,0.38590425,-0.26034278,-0.008050829,0.060268592,0.20194705,-0.38537106,-0.2303697,0.43631393,0.26889777,0.6378274,-0.12977982,-0.48860106,0.080147475,0.38542128,-0.030569287,0.014427,0.47168985,-0.14199033,-0.24479179,0.043062996,-0.1095279,-0.0315623,-0.18817055,-0.77280015,-0.693811,0.51217526,0.3894028,0.69626904,-0.61744684,0.39566353,-0.28163686,0.33873177,0.27547145,-0.24815613,0.6042284,0.12959702,-0.044013444,-0.072959244,-0.61572933,0.7811832,0.1460801,0.39371598,-0.19819893,0.22620675,-0.24262273,-0.03114181,-0.27648842,0.75878215,0.21068834,-0.2338898,0.19863927,0.5020921,0.011484491,0.17370042,0.20907874,0.39818394,-0.18986455,-0.4841748,0.63991463,-0.6216105
0.47495577,0.10481574,0.29153728,-0.2701817,-0.33226946,-0.51377815,-0.1054316,1.0649539,0.04727717,-0.5267386,-0.56312054,-0.9262789,-0.09900691,0.55280554,-0.17601685,-0.47212967,-0.30063224,-0.74136907,-0.4726002,-0.41346353,0.13711886,0.12649702,0.090234555,0.095683046,0.6446692,-0.8575825,-0.20405152,-0.13961484,-0.01566734,0.19240989,0.00056160346,0.19496714,-0.25941008,-0.36410972,-0.05561983,1.0908207,0.48141643,-0.5255705,-0.43630376,-0.23732767,-0.8804287,-0.24343573,0.4217693,0.37290758,0.474927,-0.106423974,-0.15458982,0.5066446,0.3387169,0.41914794,0.926758,0.29974166,-0.2133153,-0.14272201,-0.12725183,0.099334255,0.10728224,-0.66549045,0.5972455,0.01159886,-0.19265507,-0.15421894,-0.14027946,0.0545694,-0.6060738,0.49052438,-0.06268902,1.2193277,-0.70411557,-0.2379351,0.06505261,0.18816254,0.27766594,-0.33786044,-0.44775274,-0.06578744,0.3693996,-0.2651545,-0.2715134,0.67633855,-0.51736456,0.46524405,0.38137367,0.32567272,-0.019770375,0.036333714,0.14101735,0.8900095,0.1435094,-0.028133979,0.3486823,0.095284745,0.23237416,0.042951144,0.8547076,0.19396435,0.2992669,-0.54016495,0.34738615,-0.41082972
-0.015304379,-0.38523862,-0.20543373,-1.0383328,-0.6212505,-0.4934766,-0.08511199,1.0080303,0.2625578,-0.5739357,0.5489499,-0.59582245,0.0356877,-0.19596432,0.045058012,-0.22632068,-0.22495995,-0.69794416,0.1997092,-0.88809353,0.0030375784,0.16367231,0.24441664,0.13225642,-0.70025045,-0.6903278,0.08219887,-0.64305115,-0.21001217,-0.23435181,0.7621714,0.04934777,0.07772478,0.40564516,-0.24343625,0.65331036,-0.043547407,-1.1199017,-0.7168039,-0.51871353,-0.36142784,-0.54528016,-0.111744784,-0.13804059,0.31889787,0.27819481,-0.62078077,0.49668607,0.23808903,0.24472728,0.6227205,0.49841934,-0.58236647,-0.08286049,-0.48724338,0.2680494,0.050698977,-0.13017024,-0.36610124,0.37629318,-0.51010746,-0.15734595,-0.45793402,-0.45944923,-0.90058947,0.5290432,0.060921248,-0.100726485,-0.5245149,0.3557464,-0.20816955,0.31980136,-0.13653019,-0.58794284,-0.086025804,0.37093258,0.1496025,-0.57565683,-1.1228365,1.0182446,-0.40365815,0.27010456,0.49950874,0.7362559,-0.42211282,0.07445801,-1.1680855,0.14255421,0.062661424,-0.62178695,0.3314511,0.34692943,0.20043483,0.10654211,-0.092433,-0.033133663,0.114281625,-1.1619197,-0.07818523,0.12454553
-0.5759783,0.14908117,0.4490494,-0.0799398,0.22182308,-0.37253466,0.2977108,0.67620116,-0.08414227,-0.16456628,0.25697547,-0.61638427,-0.23510927,-0.5468718,0.32826406,-0.07989213,-0.72652465,-0.58847743,-0.36703596,-0.19589856,-0.062496696,0.29367626,0.072451375,-0.49813378,-0.27837136,0.09239266,0.18830198,-0.5500507,-0.30953985,-0.20906101,-0.3098811,0.17995487,0.4876091,-0.38423955,-0.67128223,0.598099,0.014810047,-0.112646766,-0.45210356,-0.2735559,0.38590425,-0.26034278,-0.008050829,0.060268592,0.20194705,-0.38537106,-0.2303697,0.43631393,0.26889777,0.6378274,-0.12977982,-0.48860106,0.080147475,0.38542128,-0.030569287,0.014427,0.47168985,-0.14199033,-0.24479179,0.043062996,-0.1095279,-0.0315623,-0.18817055,-0.77280015,-0.693811,0.51217526,0.3894028,0.69626904,-0.61744684,0.39566353,-0.28163686,0.33873177,0.27547145,-0.24815613,0.6042284,0.12959702,-0.044013444,-0.072959244,-0.61572933,0.7811832,0.1460801,0.39371598,-0.19819893,0.22620675,-0.24262273,-0.03114181,-0.27648842,0.75878215,0.21068834,-0.2338898,0.19863927,0.5020921,0.011484491,0.17370042,0.20907874,0.39818394,-0.18986455,-0.4841748,0.63991463,-0.6216105
0.6278426,-0.018825505,0.22066492,-0.44215888,-0.4794989,-0.4975791,-0.07248674,0.79406846,0.24951339,-0.37178195,-0.45642668,-0.8742318,-0.42197287,0.64049566,-0.37408847,-0.49452645,-0.3020113,-0.5212138,-0.35142365,-0.56315595,0.09508349,0.220628,-0.04709264,0.046450354,0.54615664,-0.9038883,0.14395615,-0.23691645,-0.30571648,0.038426667,0.01552619,0.32039145,-0.10637064,-0.6056352,0.14402458,1.0109315,0.4613216,-0.58674836,-0.5198955,-0.2245938,-0.895005,0.10528451,0.51586175,0.0778918,0.6031719,-0.05947976,-0.15749355,0.59898686,0.45794788,0.5384909,0.94616437,0.22503895,-0.4364107,-0.09431783,-0.22570023,0.3791235,-0.001007108,-0.13499331,0.6493193,0.11941051,-0.14314277,-0.056563273,-0.11404476,0.2619302,-0.4083401,0.43259534,-0.064437084,1.355196,-0.557465,0.07445425,0.29839712,0.05180633,0.24365425,-0.45719326,-0.2617407,-0.12694427,0.603383,-0.34254086,-0.24139285,0.9788793,-0.7792874,0.3831497,0.34132722,0.16324548,-0.16913919,-0.1095767,0.11106235,0.7701648,0.10673375,0.05224235,0.24433112,0.017438307,0.31775653,0.103080034,0.5888198,-0.07664586,0.49404806,-0.5576632,0.10184683,-0.08353334
-0.20718408,-0.23480439,0.017817622,-0.5707941,-0.8330861,-0.45314944,0.034221824,0.6275413,-0.16739213,-0.7803086,-0.2557177,-0.3676281,0.00718008,0.12373691,-0.2096098,-0.707993,0.06312076,-1.0290682,-0.58776087,-0.42827702,-0.07704264,-0.035064712,0.16711876,0.42851248,0.011713231,-0.6570568,0.07652727,-0.567543,-0.15713823,0.27758908,0.799831,-0.27292725,0.008266617,-0.137236,-0.060816605,0.7401612,0.04549209,-1.1851257,-0.27613026,-0.5519552,-0.95824826,-0.17884804,-0.19887032,-0.015824672,0.49042,0.18610567,-0.56900334,0.23533323,0.060729742,0.07753414,0.47444153,0.4594277,-0.66366047,-0.67985636,-0.28951228,0.32477748,-0.25101998,-0.2936455,-0.07720791,0.52440214,-0.38167354,-0.5325337,-0.60983545,-0.08408913,-1.2369088,0.25091654,0.15372902,0.27068818,-0.76658136,0.37941843,-0.037782338,0.50920415,-0.55946285,-0.52082896,-0.076773524,0.04246297,0.05168893,-0.1372481,-0.5485152,0.9264341,-0.7830903,0.030404188,0.46444124,0.8556144,-0.09262207,0.43725458,-0.52368665,0.31005898,0.5404126,-0.08064253,0.32234007,0.0017584579,0.014315324,-0.3848225,0.28525984,0.01926888,0.034662664,-0.98548615,0.08603415,-0.50437284
-0.17477159,0.48865765,0.48601633,-0.19183958,0.1668723,-0.31951267,0.3534915,0.98419887,-0.12757078,-0.34066138,-0.04048061,-1.0214425,-0.0016709209,-0.25301582,0.29272506,-0.040387083,-0.8222777,-0.58417803,-0.4024369,-0.07788645,-0.029897517,0.38255435,0.12398119,-0.5262849,-0.09868738,-0.077453576,0.05164361,-0.6265345,-0.57904565,-0.29789796,-0.3008206,0.38627678,0.16584215,-0.120858155,-0.8300619,0.9392725,-0.13572337,-0.4952504,-0.7952927,-0.014344307,0.2752931,-0.07673156,0.28150856,-0.060129456,-0.03705515,-0.237802,-0.5394484,0.47508115,0.32312027,0.6158587,0.17563757,-0.31525964,-0.04913661,0.40061942,-0.052076034,-0.15689933,0.62735355,-0.44400603,-0.21840724,-0.019379009,-0.12409904,-0.27807936,-0.2639789,-0.5777664,-1.0516037,0.73602444,0.49897203,0.54574335,-0.46039668,0.1601161,-0.22847453,0.49857432,0.2403181,-0.30317557,0.14423683,-0.028583175,0.11772619,-0.2110341,-0.7079227,0.91934806,-0.0008313358,0.59560436,0.2948933,0.2327758,-0.4396,0.2900743,-0.145198,0.837101,0.5726468,-0.4145111,0.36071077,0.6641346,-0.01839422,0.196942,0.07410621,0.40307468,-0.47679347,-0.59378,0.63895285,-0.41724062
0.6161332,-0.013754491,0.22067496,-0.43358618,-0.47002003,-0.48690557,-0.06641497,0.77675223,0.24838519,-0.36515307,-0.45093137,-0.8631273,-0.42225242,0.6285264,-0.3643427,-0.48627967,-0.30878067,-0.50852495,-0.35043797,-0.55222887,0.09237583,0.22452043,-0.04827135,0.04299361,0.53539824,-0.8880779,0.14838521,-0.24143812,-0.30975696,0.034744807,0.007356867,0.31926057,-0.09472187,-0.60822076,0.13678738,1.0003306,0.44883123,-0.5760549,-0.51538455,-0.22124755,-0.8729876,0.11962603,0.50668854,0.07279435,0.5913929,-0.0595264,-0.1542291,0.597196,0.45240775,0.5389106,0.92940015,0.21213749,-0.432678,-0.08617044,-0.22033757,0.3761449,0.0068256576,-0.12645666,0.6374636,0.11613531,-0.14427847,-0.05167319,-0.1175591,0.25643942,-0.4095816,0.42620403,-0.05872821,1.3439949,-0.5457991,0.08227858,0.2996021,0.053175345,0.23741758,-0.44769135,-0.2515814,-0.124988,0.5942872,-0.3367745,-0.24303988,0.97499245,-0.77055234,0.38021687,0.34127912,0.14986067,-0.17226066,-0.102285445,0.108864665,0.7573355,0.11244846,0.0473083,0.23616141,0.018927678,0.31266397,0.10205108,0.5675123,-0.077256076,0.48244935,-0.54917926,0.1002609,-0.082949646
-0.08655081,-0.042118695,0.3594771,-0.5092327,-0.7721022,-0.1476425,0.1658461,0.6083105,-0.47138706,-0.79905474,-0.66976756,-0.52049273,-0.31150368,0.269552,-0.099954545,-0.29541686,-0.46464545,-0.9104482,-0.58448786,-0.05482118,-0.405503,0.09924298,0.11748,0.36135826,0.19298561,-0.7863352,0.29601738,-0.79246706,-0.3787955,0.15072745,0.3298724,-0.15055269,0.076304875,-0.24230334,-0.04407394,0.92433697,0.17965001,-1.208625,-0.5311983,-0.5048859,-1.1168174,0.43012103,-0.07869334,0.043026518,0.26127437,0.3294348,-0.9137999,0.5876562,-0.08018157,0.2241234,0.52716875,0.4025091,-0.57968396,-0.6218314,-0.18211819,0.4130014,-0.23186412,-0.41250664,0.008459496,0.52844614,-0.1727373,-0.70841426,-0.60045815,0.039448608,-1.3563317,0.1461431,-0.03022283,0.3374377,-0.73317343,0.5043375,0.27274585,0.6676902,-0.2113924,-0.5532086,-0.32642707,-0.3103582,0.39227325,-0.42402464,-0.49830437,0.7470296,-0.82603747,0.06801705,0.47458312,0.6119452,-0.23426706,0.43158025,-0.2597083,0.5531562,0.5941334,-0.04349203,0.48072273,0.3695099,0.1917613,0.053431436,0.16629499,0.1342394,-0.106504515,-0.8875393,0.0866068,-0.32650983
-0.35866407,0.4809993,0.4604119,-0.16661115,0.34128875,-0.40197003,0.39697468,0.9828782,-0.16647767,-0.2885041,0.01646722,-0.9946422,0.054938026,-0.28250876,0.2919696,-0.067750715,-0.8076127,-0.5913821,-0.42256463,-0.15457718,0.11954397,0.36621276,0.17180465,-0.62292534,-0.30269995,0.083413415,0.037962485,-0.6256037,-0.6109417,-0.26900056,-0.13677037,0.44448504,0.12566651,-0.17654064,-0.9051459,0.90043336,-0.16438621,-0.40494546,-0.7690593,-0.087048955,0.44499072,-0.19076192,0.22177218,-0.0650697,0.020989833,-0.33546948,-0.5308796,0.39577216,0.5225941,0.51402074,0.13988408,-0.4030267,0.11277342,0.3900924,-0.008194282,-0.2151423,0.64941525,-0.4046862,-0.34719718,-0.009960031,-0.15833822,-0.19510816,-0.16501103,-0.6910439,-1.0265594,0.6775882,0.7440806,0.64683414,-0.53029215,0.18911012,-0.3658361,0.32606217,0.17667967,-0.17836718,0.29456592,0.049093947,0.038747676,-0.12452576,-0.760848,0.8596348,0.04461317,0.68783957,0.21306552,0.27068308,-0.40500894,0.19779687,-0.081004865,0.8362395,0.6794196,-0.4692559,0.50129235,0.74829024,0.04018156,0.18278965,0.08152988,0.5175209,-0.41948277,-0.65426975,0.7313301,-0.45826963
0.6952799,-0.24762274,-0.059706718,-0.46547982,-0.38239095,-0.67206126,-0.19054809,1.1611782,0.448526,-0.2720548,-0.2723689,-0.6520384,-0.1325143,0.6647325,-0.56182975,-0.5906945,0.33310986,-0.5615823,-0.1431674,-0.99242204,0.3071389,0.14059843,0.05734348,-0.018303676,0.6227356,-0.8808796,-0.23997302,0.21497503,-0.061354093,0.32232526,0.28743243,0.37502185,-0.5632573,-0.3160792,0.29501137,0.75968975,0.43087146,-0.6204807,-0.24312283,-0.25277734,-0.95495456,-0.5706438,0.6191768,0.045895547,0.97538984,-0.15653327,0.06713625,0.18666704,0.36258268,0.30495015,0.9608284,0.30626842,-0.25999454,-0.32931146,-0.21294558,0.21949802,-0.25822678,-0.20215644,0.70174456,0.12517945,0.049771924,0.044064514,0.038520575,0.32528812,-0.029979723,0.47071657,-0.07893077,1.0916264,-0.5722142,-0.20865105,-0.090872265,-0.34853548,0.20001483,-0.5528604,-0.4509766,-0.09097825,0.46338826,-0.2831563,-0.07606123,0.5717713,-0.43082324,0.26172283,-0.06463557,0.73603433,0.14443174,-0.08029348,0.26082358,0.6405422,-0.09663997,0.04779338,0.26296622,-0.301451,0.25275066,0.007628695,1.115475,-0.21534361,0.5826165,-0.6979219,0.1347205,-0.2566814
-0.015304379,-0.38523862,-0.20543373,-1.0383328,-0.6212505,-0.4934766,-0.08511199,1.0080303,0.2625578,-0.5739357,0.5489499,-0.59582245,0.0356877,-0.19596432,0.045058012,-0.22632068,-0.22495995,-0.69794416,0.1997092,-0.88809353,0.0030375784,0.16367231,0.24441664,0.13225642,-0.70025045,-0.6903278,0.08219887,-0.64305115,-0.21001217,-0.23435181,0.7621714,0.04934777,0.07772478,0.40564516,-0.24343625,0.65331036,-0.043547407,-1.1199017,-0.7168039,-0.51871353,-0.36142784,-0.54528016,-0.111744784,-0.13804059,0.31889787,0.27819481,-0.62078077,0.49668607,0.23808903,0.24472728,0.6227205,0.49841934,-0.58236647,-0.08286049,-0.48724338,0.2680494,0.050698977,-0.13017024,-0.36610124,0.37629318,-0.51010746,-0.15734595,-0.45793402,-0.45944923,-0.90058947,0.5290432,0.060921248,-0.100726485,-0.5245149,0.3557464,-0.20816955,0.31980136,-0.13653019,-0.58794284,-0.086025804,0.37093258,0.1496025,-0.57565683,-1.1228365,1.0182446,-0.40365815,0.27010456,0.49950874,0.7362559,-0.42211282,0.07445801,-1.1680855,0.14255421,0.062661424,-0.62178695,0.3314511,0.34692943,0.20043483,0.10654211,-0.092433,-0.033133663,0.114281625,-1.1619197,-0.07818523,0.12454553
-0.90701634,-0.19913542,0.42924368,-0.022510074,0.16112106,-0.37624174,0.3245442,0.4548651,-0.3728165,-0.0471913,-0.11120745,-0.33410734,-0.23890877,-0.6894946,0.45719293,-0.04618979,-0.37333456,-0.96331805,-0.581005,-0.3399697,-0.0841512,0.21485871,0.00041124853,-0.4441469,-0.080748685,0.37416178,0.09712531,-0.73339117,-0.4311489,-0.1523667,-0.076913334,0.14750613,0.3376681,-0.63862914,-0.562372,0.40145236,-0.25988945,-0.16546828,-0.37013644,-0.2153184,0.07982577,-0.32878357,-0.22532232,0.4040997,0.07572055,-0.36024746,-0.59580857,0.05461556,0.09672812,0.43170923,-0.7323922,-0.30910137,0.17644298,-0.045556657,0.29302892,-0.13963549,-0.07919638,0.07958308,-0.38803405,0.5284867,0.09616904,-0.55508894,-0.11625073,-0.8897933,-0.8571362,0.34344962,0.81070143,0.5810609,-0.65237695,0.58300453,-0.34332314,0.67036957,0.027684921,-0.45294547,0.8186257,0.05177431,0.19513504,-0.00024637423,-0.67124826,0.6192054,0.12825026,0.56684464,-0.34544984,0.42258042,-0.09598519,0.09126098,-0.084803276,0.804698,0.52494925,-0.24228033,0.444038,0.510907,0.3292797,0.4220297,0.1688004,0.4121489,-0.16135076,-0.3834663,0.8574656,-0.6908818
0.4179072,0.01494248,0.32043168,-0.2537484,-0.25909606,-0.33767632,0.0133159645,0.786828,-0.10625306,-0.5527003,-0.49076468,-0.6772966,-0.29231223,0.6353036,-0.2940676,-0.20442946,-0.36520296,-0.49988472,-0.22705156,-0.31751758,-0.08312319,0.06362704,0.08013486,0.18054149,0.56681716,-0.879932,0.07330271,-0.23307933,-0.109233245,0.17930654,-0.054167703,0.029541552,-0.1387997,-0.3825533,0.10591406,0.9891875,0.6194414,-0.5857043,-0.39809656,-0.3691517,-0.950831,0.07347168,0.32850704,0.17751056,0.43040472,0.083143115,-0.32196468,0.5254762,0.1895347,0.3597055,0.93658394,0.27609485,-0.33168095,-0.32432234,-0.29899237,0.34682605,-0.13295667,-0.4403614,0.42066112,0.17604983,-0.07340086,-0.24239677,-0.1534529,0.31302482,-0.5005939,0.17651777,-0.19217767,0.89571697,-0.6094921,-0.06314586,0.14207514,0.18893754,0.36674273,-0.4265265,-0.44267032,-0.19731937,0.43615448,-0.3692871,-0.13904902,0.5007664,-0.626424,0.20407504,0.15738197,0.27136594,-0.059249323,-0.03092435,0.25559524,0.8517068,0.10004584,0.20168285,0.3752149,0.2782441,0.19767527,0.22773634,0.7043795,0.18096757,0.27254933,-0.39860266,0.111411415,-0.14310662
-0.20718408,-0.23480439,0.017817622,-0.5707941,-0.8330861,-0.45314944,0.034221824,0.6275413,-0.16739213,-0.7803086,-0.2557177,-0.3676281,0.00718008,0.12373691,-0.2096098,-0.707993,0.06312076,-1.0290682,-0.58776087,-0.42827702,-0.07704264,-0.035064712,0.16711876,0.42851248,0.011713231,-0.6570568,0.07652727,-0.567543,-0.15713823,0.27758908,0.799831,-0.27292725,0.008266617,-0.137236,-0.060816605,0.7401612,0.04549209,-1.1851257,-0.27613026,-0.5519552,-0.95824826,-0.17884804,-0.19887032,-0.015824672,0.49042,0.18610567,-0.56900334,0.23533323,0.060729742,0.07753414,0.47444153,0.4594277,-0.66366047,-0.67985636,-0.28951228,0.32477748,-0.25101998,-0.2936455,-0.07720791,0.52440214,-0.38167354,-0.5325337,-0.60983545,-0.08408913,-1.2369088,0.25091654,0.15372902,0.27068818,-0.76658136,0.37941843,-0.037782338,0.50920415,-0.55946285,-0.52082896,-0.076773524,0.04246297,0.05168893,-0.1372481,-0.5485152,0.9264341,-0.7830903,0.030404188,0.46444124,0.8556144,-0.09262207,0.43725458,-0.52368665,0.31005898,0.5404126,-0.08064253,0.32234007,0.0017584579,0.014315324,-0.3848225,0.28525984,0.01926888,0.034662664,-0.98548615,0.08603415,-0.50437284
-0.6806965,0.29214615,0.5425293,-0.100743786,0.5528263,-0.6398924,0.5309158,0.77913725,-0.012338286,0.043637615,0.12558338,-0.5655731,-0.08625167,-0.28261104,0.1257328,-0.087298945,-0.8321047,-0.17521724,-0.1886876,-0.38795763,0.20756397,0.81002045,-0.060333066,-0.87058914,-0.496348,0.47780532,0.26935506,-0.56228745,-1.024335,-0.2985129,-0.039483428,0.6858684,0.1671277,-0.3856266,-0.86484146,0.6871798,-0.44041896,-0.061550807,-0.574309,-0.24217458,0.7154641,-0.03295488,0.2464395,-0.20453505,0.34289047,-0.58622813,-0.5087985,0.2619484,0.84659606,0.4907375,0.24047485,-0.8380748,0.45514265,0.3942347,0.050845493,0.12193873,0.48083624,0.12558243,-0.4809192,-0.10925792,-0.17783312,0.11467682,0.26092786,-0.6718532,-0.8001488,0.45272788,0.8282157,0.9489347,-0.13670796,0.21378985,-0.41895086,-0.023278087,0.347182,-0.023375144,0.6211153,0.36970118,0.09216917,-0.29073784,-0.94106734,0.8795296,0.24220876,0.90151465,0.088901885,-0.13620307,-0.35306215,-0.05657814,0.014564696,0.7275623,0.6976514,-0.5909882,0.47869796,0.82824075,0.32885948,0.24100208,0.047340304,0.5009134,-0.12433708,-0.43259174,0.7988361,-0.20617136
0.4118497,0.0062113632,0.30366233,-0.2535035,-0.2462657,-0.33161142,0.01238458,0.77128327,-0.098037936,-0.5284572,-0.47183824,-0.6606172,-0.27783084,0.630592,-0.2982613,-0.21477765,-0.34652796,-0.48596403,-0.21934502,-0.32688582,-0.07336483,0.055226702,0.0771964,0.17067525,0.55615354,-0.852837,0.07174153,-0.21865499,-0.10339504,0.17846017,-0.0383084,0.032379508,-0.14136453,-0.38160712,0.113933824,0.95746773,0.59538287,-0.5662509,-0.3769514,-0.3617467,-0.9208613,0.049381718,0.31742728,0.17251061,0.4349565,0.07421312,-0.29302803,0.49685267,0.19199617,0.34650347,0.90834135,0.269837,-0.31798542,-0.3120119,-0.28838277,0.33531243,-0.13641809,-0.41304842,0.412586,0.17447074,-0.06024281,-0.22776689,-0.13593106,0.3098074,-0.47035795,0.16923249,-0.17597313,0.8794144,-0.5962877,-0.057088304,0.13178322,0.1722178,0.35424814,-0.41460428,-0.41952893,-0.19097024,0.42560077,-0.34915766,-0.12011715,0.48582986,-0.61277884,0.19411865,0.13837898,0.26700178,-0.05083177,-0.03831787,0.25934795,0.82516944,0.10053816,0.2040453,0.36322033,0.2568489,0.19614434,0.22186261,0.693228,0.16874005,0.27431747,-0.39058563,0.11005673,-0.13465363
-0.20086251,0.0036489533,0.42114517,-0.30540627,-0.8143239,-0.40685448,0.076985516,0.83190155,-0.3603363,-0.7253888,-0.83682454,-0.48284277,-0.16237068,0.33924282,-0.07911188,-0.52664703,-0.3577472,-0.9736321,-0.8698914,-0.0339403,-0.33438691,0.2126649,-0.026918462,0.38309333,0.34695992,-0.764936,0.0020589894,-0.5349333,-0.169429,0.34542167,0.392645,-0.0906659,-0.0011249515,-0.30800858,-0.15035896,0.94178456,0.25902584,-0.963907,-0.324472,-0.39171576,-1.1605133,0.18499804,0.04530354,0.34433755,0.5396085,0.15969771,-0.6805144,0.551306,0.04319265,0.117384404,0.6460942,0.3864264,-0.37159163,-0.54985833,-0.02947563,0.28524464,-0.1329097,-0.762277,0.2664756,0.3503282,-0.3269832,-0.5968513,-0.48590314,-0.13504256,-1.358101,0.271829,-0.08986231,0.7763587,-0.7319785,0.16065289,0.2034633,0.5985105,-0.16668433,-0.34952438,-0.3153923,-0.11830893,0.29898098,-0.38458186,-0.5134563,0.65590495,-0.66357553,0.30035898,0.6803203,0.5615021,0.020011514,0.43203646,-0.26656342,0.6220616,0.56953835,-0.0621332,0.41070157,0.2228019,0.28914174,-0.19476146,0.56476665,0.27151486,0.04905011,-0.756156,0.3422264,-0.5553721
-0.90701634,-0.19913542,0.42924368,-0.022510074,0.16112106,-0.37624174,0.3245442,0.4548651,-0.3728165,-0.0471913,-0.11120745,-0.33410734,-0.23890877,-0.6894946,0.45719293,-0.04618979,-0.37333456,-0.96331805,-0.581005,-0.3399697,-0.0841512,0.21485871,0.00041124853,-0.4441469,-0.080748685,0.37416178,0.09712531,-0.73339117,-0.4311489,-0.1523667,-0.076913334,0.14750613,0.3376681,-0.63862914,-0.562372,0.40145236,-0.25988945,-0.16546828,-0.37013644,-0.2153184,0.07982577,-0.32878357,-0.22532232,0.4040997,0.07572055,-0.36024746,-0.59580857,0.05461556,0.09672812,0.43170923,-0.7323922,-0.30910137,0.17644298,-0.045556657,0.29302892,-0.13963549,-0.07919638,0.07958308,-0.38803405,0.5284867,0.09616904,-0.55508894,-0.11625073,-0.8897933,-0.8571362,0.34344962,0.81070143,0.5810609,-0.65237695,0.58300453,-0.34332314,0.67036957,0.027684921,-0.45294547,0.8186257,0.05177431,0.19513504,-0.00024637423,-0.67124826,0.6192054,0.12825026,0.56684464,-0.34544984,0.42258042,-0.09598519,0.09126098,-0.084803276,0.804698,0.52494925,-0.24228033,0.444038,0.510907,0.3292797,0.4220297,0.1688004,0.4121489,-0.16135076,-0.3834663,0.8574656,-0.6908818
0.7083235,-0.25558653,-0.061680924,-0.46457076,-0.36653763,-0.67819256,-0.19080229,1.1798469,0.45922795,-0.263181,-0.27567473,-0.6611747,-0.12919673,0.6905469,-0.5730399,-0.60575616,0.32962972,-0.5636757,-0.15259206,-1.0213656,0.3152743,0.13318454,0.05890299,-0.021108929,0.6509601,-0.88916224,-0.24623244,0.2258449,-0.057026353,0.33288044,0.28251904,0.37597513,-0.56578505,-0.35003376,0.3044236,0.7722945,0.4390184,-0.612382,-0.2256858,-0.26227388,-0.9684804,-0.59385103,0.6110578,0.058430046,0.9985617,-0.1674798,0.09794923,0.18289542,0.37281084,0.31791642,0.9679249,0.30245996,-0.26162374,-0.3279045,-0.21421847,0.22389613,-0.2679848,-0.19926906,0.71556985,0.13950513,0.058288388,0.049500994,0.049349923,0.33578318,-0.015453873,0.4619713,-0.07208361,1.1209191,-0.5871525,-0.21559289,-0.10609537,-0.35500568,0.20141204,-0.5661658,-0.44203538,-0.09474928,0.46944466,-0.26977775,-0.059074312,0.5770587,-0.43450275,0.26478875,-0.07891239,0.727468,0.15447584,-0.08734787,0.28730184,0.65960246,-0.095538266,0.06294476,0.2587695,-0.31370634,0.2641661,0.01579144,1.1312554,-0.22378029,0.5935475,-0.69623226,0.1461176,-0.26377508
-0.30910406,-0.042683065,0.19870648,-0.24002773,-0.40453976,-0.18726678,0.5097825,0.866301,-0.097887956,-0.82368875,-0.37978166,-0.042465847,-0.19612747,0.17260405,-0.116991654,-0.21324927,-0.2612425,-0.7382293,-0.72411084,-0.06964414,-0.21114725,0.33028352,0.18329683,0.19116282,0.16719872,-0.65996385,0.1357429,-0.22925398,-0.19736098,0.50673014,0.2815933,-0.15090907,0.0028321734,-0.5705373,-0.17267747,1.036015,0.18724105,-1.0879925,0.024926277,-0.6564494,-0.72449803,0.34282696,0.024103694,-0.33006355,0.85279286,-0.01067598,-0.120142855,0.46159193,-0.10488668,0.31469652,0.654536,-0.15620549,-0.27666652,-0.60156417,-0.040936403,0.21605831,-0.046822734,-0.5609737,0.10459685,0.233125,-0.29735646,-0.18132122,-0.660347,-0.01706954,-1.2649195,0.12278105,0.16716072,0.46224892,-0.4236597,0.019784875,-0.038616445,0.00017927091,-0.34299415,-0.02479218,-0.41183034,-0.25897834,-0.14091803,-0.07408451,-0.22401674,0.60609174,-0.23885822,0.11642126,0.4136526,0.7659212,0.19437286,1.0092983,0.14525002,0.44317615,0.55992967,-0.06699789,0.07928337,-0.040591437,-0.004176226,-0.43635964,0.60356396,0.14148092,-0.39237428,-0.9473907,0.19940104,-0.7807699
-0.32597327,0.47284824,0.365256,-0.03920255,0.21562995,-0.410127,0.30636257,0.8185847,0.01771592,-0.1892139,0.40349424,-0.8845103,-0.13208249,-0.34322202,0.2831864,0.06738736,-0.7282177,-0.34887078,-0.2701795,-0.11119814,-0.048023548,0.25113934,0.19109905,-0.53398144,-0.4055908,-0.03578141,0.04909401,-0.47166806,-0.38999242,-0.23239508,-0.22283071,0.3802752,0.38037932,-0.0334326,-0.7986502,0.6951126,0.21742642,-0.35537046,-0.60037285,-0.20697746,0.4425266,-0.077267565,0.22587675,-0.22926432,0.12854856,-0.28237554,-0.3054788,0.49831405,0.39546075,0.59361446,0.2546872,-0.40467402,-0.02640535,0.5935296,-0.2557563,0.075011835,0.7549428,-0.41453096,-0.21306533,-0.1053036,-0.25672832,0.03568868,-0.2944469,-0.61465687,-0.8158485,0.649486,0.24799089,0.58698004,-0.43105263,0.21713772,-0.31941378,0.18827032,0.28609225,-0.09830852,0.24167582,0.061690047,0.045706972,-0.17980702,-0.6731637,0.8482525,0.14336276,0.43193626,0.22079775,0.1376142,-0.4370298,0.047350995,-0.4211828,0.7122145,0.22811773,-0.20721188,0.20212255,0.52984464,-0.21172018,-0.05947725,0.24411584,0.5200453,-0.30539855,-0.4838801,0.4405622,-0.311689
0.67151296,-0.24570774,-0.087121524,-0.4935826,-0.47624314,-0.65782535,-0.2042287,1.1865551,0.3345808,-0.38558674,-0.29648563,-0.7225875,-0.12440686,0.7672542,-0.60220927,-0.57737005,0.27152452,-0.63288105,-0.24743685,-0.9519584,0.29449135,0.055838823,0.123449646,0.11514575,0.583305,-1.0820428,-0.22926712,0.1679034,-0.05951287,0.33826914,0.31999272,0.3614362,-0.56215626,-0.30358902,0.32977024,0.80286366,0.64061064,-0.8609825,-0.2612198,-0.29615387,-1.1761895,-0.41230595,0.5406883,0.05324116,0.9375566,-0.031109005,-0.03119222,0.2823933,0.42396355,0.20788492,1.123157,0.43362647,-0.36151943,-0.41076136,-0.2662742,0.2793927,-0.3004712,-0.36902812,0.6989793,0.23830648,-0.0859854,-0.063824385,-0.09690594,0.39856726,-0.18760462,0.4201489,-0.083646104,1.0864775,-0.5819259,-0.30832782,-0.1204001,-0.3361107,0.035438027,-0.5563338,-0.6012992,-0.18788832,0.50735945,-0.32244143,-0.120448485,0.6119148,-0.55199105,0.3238791,0.18229698,0.74948686,0.11825919,-0.039695505,0.21694537,0.64623433,-0.08921363,0.08028288,0.310346,-0.30295056,0.30521584,-0.08755012,1.094626,-0.17201109,0.56197757,-0.7509892,0.10636754,-0.25323823
-0.11709005,-0.113264605,0.0666337,-0.38588426,-0.22011305,-0.15535963,0.63155824,0.9461264,0.105732225,-0.75933343,-0.15914825,-0.19888096,-0.1792365,0.21632037,-0.11687388,-0.23928387,-0.22324224,-0.64013493,-0.60983557,-0.19946796,-0.1235026,0.26471245,0.21816586,0.023715857,0.1132423,-0.58780754,0.1658989,-0.24131781,-0.26326612,0.31922394,0.43329668,-0.031517666,-0.1267646,-0.614924,-0.28400925,1.0488101,0.07250619,-1.2121961,-0.11300966,-0.5301062,-0.40341055,0.10738514,0.10574929,-0.59777987,0.8656526,-0.10604763,-0.0009291973,0.4032983,-0.04035268,0.39588457,0.5925518,-0.26709554,-0.3597281,-0.39273518,-0.17338532,0.21447176,0.102472514,-0.38630888,0.074060865,0.25761676,-0.17691071,-0.19813332,-0.59679353,-0.04973795,-1.2357395,0.21667899,0.25729215,0.26125762,-0.34967688,0.16796024,-0.15375945,0.019144157,-0.4319529,-0.12903617,-0.3178592,-0.1987853,-0.07360408,0.056549277,-0.3175821,0.8165201,-0.1693258,0.076806396,0.45503336,0.7426823,0.0413272,1.0190495,0.094690695,0.29418066,0.5720414,-0.16146219,-0.04255556,-0.11556278,-0.031224605,-0.4753733,0.446317,0.0070928545,-0.5161731,-0.96220857,0.08890709,-0.5493176
-0.64895105,0.28792554,0.5073826,-0.12843409,0.5299539,-0.6066649,0.5156342,0.77769697,-0.04446756,0.022347627,0.11177832,-0.58494955,-0.07578378,-0.23373222,0.092820816,-0.12638018,-0.81646484,-0.18121797,-0.18109372,-0.38447016,0.20288415,0.7603751,-0.046056584,-0.8362238,-0.5049839,0.4386006,0.27116477,-0.5636981,-0.98535454,-0.28253627,0.021159643,0.6669659,0.1579645,-0.3610952,-0.82037145,0.658889,-0.42925513,-0.08598121,-0.55458695,-0.26235646,0.69216037,-0.033786982,0.22581586,-0.20900004,0.3440055,-0.5470939,-0.48023525,0.25415468,0.82864773,0.44233146,0.25286815,-0.7819688,0.43994018,0.37970605,0.040876813,0.12195476,0.46600378,0.13542414,-0.47784242,-0.0858062,-0.14406472,0.11469397,0.24803972,-0.6344022,-0.7729881,0.4196337,0.8151492,0.91583925,-0.16108817,0.24987893,-0.39133564,-0.047883198,0.33179387,-0.012234506,0.59753865,0.33517277,0.091048315,-0.27519536,-0.889305,0.83116734,0.18814318,0.837441,0.062198054,-0.10151898,-0.34283194,-0.066499814,0.026614053,0.6854583,0.71133685,-0.55133927,0.4995021,0.794667,0.31423727,0.23795244,0.049222417,0.4803648,-0.11226669,-0.45805645,0.76287186,-0.18368128
0.3941913,-0.34830898,-0.032919172,-0.3960961,-0.27678162,-0.68948656,-0.12668784,1.0213403,0.415139,-0.11207632,-0.02621679,-0.6449997,-0.14817894,0.7089362,-0.41227937,-0.5635768,0.029049726,-0.6449099,-0.36696142,-1.0530267,0.23175147,0.0018866676,0.17638314,0.0584866,0.6669199,-0.8696678,-0.1760299,0.117859066,-0.036672607,0.3002286,0.24628817,0.20718277,-0.21728688,-0.63729864,0.30339777,0.77879286,0.60607356,-0.58589685,-0.025842877,-0.40246058,-1.1136818,-0.6116903,0.21798027,0.17266333,0.91724926,-0.13364626,0.235906,0.28282407,0.49744898,0.43448392,0.8360378,0.263427,-0.34631148,-0.29256082,-0.2401357,0.34123766,-0.29308984,-0.22448869,0.6410809,0.40652227,-0.1434059,-0.000374503,0.0021236495,0.30131868,-0.22776988,0.29883885,0.03762195,1.2618345,-0.5803331,-0.23465559,-0.33962312,-0.21591294,0.03600634,-0.5755115,-0.226106,-0.09725462,0.4799748,-0.15885025,0.0074683535,0.83889335,-0.40176848,0.3516874,0.13576949,0.37436107,0.17516074,-0.120064676,0.108543985,0.78928995,-0.09553892,0.17568935,0.11998844,-0.27082816,0.33808085,-0.03513342,0.94946796,-0.053270265,0.5659004,-0.5182689,0.2609698,-0.238388
-0.10719633,-0.07772416,0.06834666,-0.37779585,-0.17821018,-0.14306946,0.6121541,0.92337614,0.06365082,-0.75480527,-0.1769755,-0.23659381,-0.16502658,0.24221061,-0.13043502,-0.2600583,-0.2411855,-0.6180256,-0.5802429,-0.19645427,-0.10868753,0.2326351,0.21351056,0.009173299,0.10628276,-0.55689275,0.1668143,-0.25216264,-0.25438732,0.30746874,0.44066617,-0.027488187,-0.11519467,-0.61259747,-0.27392036,1.0264202,0.044441592,-1.1612968,-0.111463755,-0.5346506,-0.34762326,0.11229858,0.09833498,-0.5854867,0.8291431,-0.10274751,0.0056814956,0.37509096,-0.02621929,0.3813336,0.57627404,-0.2542841,-0.3291272,-0.36322606,-0.1683931,0.20055401,0.115141794,-0.3389385,0.0503022,0.24761517,-0.13983175,-0.179567,-0.5623365,-0.02796909,-1.176399,0.19149101,0.28285602,0.2712786,-0.35682195,0.20523703,-0.12779021,0.016384862,-0.40195003,-0.10507721,-0.28269336,-0.20013224,-0.07567566,0.071589276,-0.2825213,0.77188075,-0.21062161,0.061301526,0.3971941,0.71299887,0.02164509,0.96911,0.14168833,0.284946,0.59426594,-0.12819532,-0.0140333725,-0.109549,-0.04858441,-0.4474578,0.42588863,0.032470673,-0.5015316,-0.9448175,0.08779834,-0.50810045
-0.33585978,0.24977937,0.5145587,-0.22456896,0.19783999,-0.2572363,0.33813363,0.84869146,-0.23415528,-0.33407116,-0.16355874,-0.8147988,-0.072549574,-0.31338483,0.2528383,-0.21015203,-0.7945421,-0.7058826,-0.44158173,-0.15250221,-0.02465274,0.35128394,0.040282253,-0.46964845,-0.016360084,0.0009032961,0.1685501,-0.6621341,-0.48006955,-0.23816018,-0.2844077,0.22844382,0.24130291,-0.40833017,-0.67379266,0.8244527,-0.2837328,-0.30496186,-0.62274134,-0.120914266,0.25429693,-0.1880244,0.07866378,0.111566365,0.057879977,-0.29515338,-0.41044584,0.39116475,0.2357056,0.5967408,-0.07418511,-0.35949686,0.035677806,0.24028006,0.09571595,-0.17349371,0.3973654,-0.17725138,-0.2511057,0.099035345,0.029526597,-0.27717295,-0.16862689,-0.6133219,-0.8817713,0.5481517,0.60139036,0.6202773,-0.6120904,0.34956932,-0.1682565,0.536337,0.21903898,-0.36625692,0.4146641,0.0017612564,0.031039743,-0.08947375,-0.58115155,0.7901166,-0.0677045,0.4759654,-0.081307754,0.29907817,-0.27912894,0.2021773,0.029676903,0.79939276,0.5828725,-0.34702134,0.37376353,0.5818267,0.11564559,0.3462813,0.050890658,0.2918252,-0.36253163,-0.60202914,0.7249252,-0.59684545
0.6188002,-0.20759173,-0.10176448,-0.50898427,-0.44227836,-0.6151153,-0.17509398,1.1617154,0.2825481,-0.38487962,-0.2702567,-0.7283076,-0.10558852,0.749007,-0.60265213,-0.598446,0.24068986,-0.59787124,-0.22837439,-0.9298217,0.2866522,0.053560104,0.13395126,0.095397994,0.47998536,-1.0433341,-0.20213977,0.11893036,-0.08134962,0.32510695,0.37333423,0.3738884,-0.51973844,-0.27203453,0.30193645,0.74611324,0.58738494,-0.8587492,-0.24959186,-0.32818973,-1.0831034,-0.36439884,0.4904508,-0.0027615777,0.9099814,-0.0070147095,-0.027947273,0.27744326,0.42494217,0.16608755,1.0896317,0.4075719,-0.34530157,-0.38096228,-0.26323357,0.28000525,-0.26634836,-0.31887722,0.6126998,0.24924572,-0.060324613,-0.044127643,-0.116025284,0.3893618,-0.20089677,0.38074848,-0.040450238,1.0261565,-0.57775134,-0.2255888,-0.11848856,-0.37391236,0.0164169,-0.50993216,-0.5659222,-0.20354311,0.46034554,-0.30267763,-0.117543094,0.5729754,-0.55552876,0.27044132,0.14345264,0.761391,0.10396148,-0.03477507,0.2071138,0.5794075,-0.0262311,0.08362077,0.34829998,-0.28587675,0.27055058,-0.09040583,1.0243391,-0.17592946,0.5281431,-0.7851296,0.095044404,-0.23727952
-0.23368466,-0.23722513,-0.15970099,-0.76430565,-0.6193656,-0.50851256,-0.12200797,0.83834976,0.14831948,-0.6031033,0.4825346,-0.47150508,0.16712822,-0.27172202,0.030006472,-0.3042968,-0.1356566,-0.7771731,-0.021843394,-0.74392843,0.10738785,0.13669617,0.3074567,0.20576803,-0.66152984,-0.6340665,-0.053703196,-0.46811968,-0.08858483,-0.012490278,0.6386901,-0.06709411,0.16633956,0.35840908,-0.24527377,0.580667,0.065854445,-0.9578088,-0.42471996,-0.5830172,-0.47127783,-0.4543433,-0.22490565,-0.04311214,0.35976556,0.20846345,-0.42709073,0.42430088,0.25190327,0.19558828,0.6176265,0.43129534,-0.47645023,-0.22418216,-0.3567353,0.18727979,0.043705933,-0.3004663,-0.35874122,0.31459898,-0.62686235,-0.04012525,-0.5355514,-0.41517925,-0.9086883,0.41636413,0.110328525,0.056014787,-0.57241017,0.16465846,-0.26812106,0.12444646,-0.244179,-0.4014426,-0.12108947,0.28938594,-0.118586384,-0.388151,-0.85388374,0.84649676,-0.3121839,0.21109168,0.42101187,0.76462144,-0.18800081,0.16154839,-0.99414414,0.2123882,0.08218044,-0.42924696,0.304994,0.24437371,0.06466302,-0.11281,0.05518417,0.078688666,0.11401159,-1.0950544,0.05090913,-0.27048838
-0.0883019,0.42120928,0.47368357,-0.227645,0.19902423,-0.2750572,0.332388,1.0032746,-0.09323127,-0.3475191,-0.08959171,-0.9936797,0.0031157269,-0.08952538,0.18715164,-0.13103145,-0.87011224,-0.4773816,-0.35610685,-0.08400634,-0.010223546,0.3961491,0.09223938,-0.48711866,-0.05583336,-0.1385122,0.10190792,-0.5877187,-0.5584289,-0.27999318,-0.25887012,0.35218772,0.1362744,-0.16902882,-0.73104775,0.9419688,-0.17768842,-0.45919064,-0.763459,-0.042637486,0.30245507,-0.099373,0.271233,-0.057148185,0.021422429,-0.23317663,-0.42513406,0.50134325,0.35213807,0.57753307,0.26694745,-0.30432427,-0.044791665,0.41356978,-0.06776826,-0.11482024,0.6142979,-0.38982618,-0.1583366,-0.069983006,-0.09474882,-0.19297288,-0.18385628,-0.5053947,-0.93574524,0.679405,0.46676582,0.5688521,-0.4707455,0.14773928,-0.17833179,0.44818142,0.24533823,-0.2933979,0.16455089,0.013598623,0.09144655,-0.1854627,-0.6653215,0.88050187,-0.09548088,0.56987476,0.28636205,0.17670965,-0.4321507,0.25752872,-0.062477555,0.76842153,0.58952206,-0.4009948,0.34198353,0.60491693,0.031120062,0.226916,0.04131972,0.3256992,-0.44010633,-0.58870864,0.5991676,-0.34254292
0.6147559,-0.19495764,-0.07712349,-0.45331827,-0.3248184,-0.6672559,-0.2150674,1.2253292,0.27333063,-0.31833878,-0.25261256,-0.8220329,-0.02146379,0.7466266,-0.57615685,-0.6416192,0.25097436,-0.6250065,-0.2602562,-0.98944026,0.28819743,0.026071943,0.13434494,0.09631253,0.5548292,-1.0083683,-0.36477414,0.21925998,0.0010740943,0.2824877,0.36176178,0.37482098,-0.5399113,-0.2743094,0.17710789,0.7033471,0.6605747,-0.7833724,-0.19578403,-0.29127622,-1.0962762,-0.5361576,0.394313,0.048450723,0.92079914,-0.10672506,0.051860552,0.3026464,0.4498104,0.20014414,1.0579791,0.3759682,-0.33380702,-0.29529366,-0.2919986,0.27006894,-0.20612001,-0.3825248,0.6297299,0.33863488,-0.026611447,-0.10239579,-0.04999864,0.31710365,-0.19057879,0.3374313,-0.15812431,0.96695113,-0.636119,-0.27373484,-0.26547787,-0.29185602,0.022653054,-0.6004263,-0.5214882,-0.17262357,0.44420132,-0.20213364,-0.15357935,0.49035856,-0.4132858,0.28258952,0.16145161,0.72679895,0.11847359,-0.113443516,0.21556988,0.64237773,-0.070636675,0.15230212,0.33377138,-0.29129958,0.32272947,-0.11489163,1.0906738,-0.16098055,0.5392355,-0.7042239,0.13997404,-0.25429216
-0.010303834,-0.08764728,0.310455,-0.5850048,-0.7035684,-0.1304444,0.11961673,0.6483956,-0.44715074,-0.77166957,-0.6294633,-0.618638,-0.23380984,0.35471454,-0.1679738,-0.4011047,-0.4763518,-0.89964,-0.55307144,-0.13001853,-0.331054,0.030323584,0.16189139,0.3504503,0.18722196,-0.78289264,0.2899921,-0.73886967,-0.33726946,0.13089336,0.4047106,-0.131115,0.0035976486,-0.2632868,-0.025779255,0.92798716,0.124798775,-1.1902862,-0.5175912,-0.5237193,-1.0371144,0.27416283,-0.09900645,0.022839295,0.34719047,0.28368223,-0.7846682,0.57414484,-0.016523838,0.22367013,0.51757926,0.44315124,-0.55713034,-0.5408069,-0.21237594,0.38773397,-0.20843007,-0.33512935,0.0140431,0.5268789,-0.13339284,-0.657471,-0.5207184,0.032300472,-1.2541717,0.11799432,-0.016303003,0.3064333,-0.78065884,0.53152305,0.2363882,0.6215676,-0.24632117,-0.55045867,-0.28375491,-0.2925982,0.37237662,-0.31819323,-0.43334624,0.73683715,-0.84921235,0.018117491,0.46248245,0.6000735,-0.24781696,0.3774974,-0.22151522,0.49084288,0.5921518,-0.022395235,0.45567995,0.29272938,0.19859208,0.029646255,0.121698745,0.08782074,-0.09038982,-0.94384336,0.020688687,-0.25945127
-0.6531634,-0.0050270096,0.48594192,-0.18139249,0.25083488,-0.5379881,0.3015358,1.1103724,-0.09144187,-0.10088218,0.10739572,-0.69456345,-0.12374618,-0.20005532,0.24259593,-0.18617319,-1.1183033,-0.48143113,-0.2882016,-0.19268022,0.025762146,0.7681683,0.051366106,-0.6079983,-0.39620626,0.1042645,0.19477996,-0.6293676,-0.640922,-0.34113976,0.01683086,0.3622988,0.26228604,-0.09264562,-0.7905817,0.7419977,-0.26599014,-0.14642674,-0.6478881,-0.24682578,0.48970976,-0.35729554,0.11462455,0.26980016,0.24116336,-0.39122555,-0.39409545,0.6335662,0.60255855,0.39402512,0.2344649,-0.34565714,0.32445118,0.4659712,-0.0033253594,-0.037399866,0.5767696,-0.30453667,-0.26007354,-0.059795693,-0.19350377,0.05711303,0.04912188,-1.0051161,-0.9181057,0.58342165,0.50861114,0.7971165,-0.51282114,0.16567358,-0.30888188,0.22249264,0.33370438,-0.18337888,0.5561763,0.36222637,0.058361985,-0.3378704,-1.0158992,0.8122255,0.12309976,0.82468396,0.21034671,0.09242005,-0.32414517,0.0026967323,-0.29115322,0.8705229,0.60624355,-0.65925187,0.43467048,0.86231256,0.38928136,0.43588802,0.09218481,0.5285329,-0.17808615,-0.54995304,0.89735436,-0.35388488
0.3018974,-0.07326163,0.2170895,-0.1888206,-0.3269732,-0.55593723,-0.21307656,1.041971,-0.024066024,-0.37025958,-0.33041164,-0.860532,0.051148266,0.51069003,-0.19951124,-0.49129778,-0.1662477,-0.76955503,-0.4462568,-0.5223398,0.11810795,0.04021144,0.21487749,0.20245183,0.5501612,-0.8691535,-0.4063504,0.07800423,0.1579019,0.22748464,0.17254797,0.14469047,-0.2610286,-0.14966063,-0.0739355,0.7795454,0.6798934,-0.5978564,-0.20578158,-0.35171917,-1.037537,-0.5572632,0.14124501,0.41821292,0.6123342,-0.1283659,-0.020199321,0.50842315,0.31002823,0.2566126,0.8798954,0.38231623,-0.20404753,-0.13795912,-0.21147569,0.20950292,0.027664505,-0.8007683,0.5406097,0.20610818,-0.22919694,-0.18471432,-0.12187268,-0.061952125,-0.5826748,0.29696774,-0.3386065,0.8912194,-0.7293033,-0.30580202,-0.2190552,0.1271086,0.14560094,-0.4142891,-0.47141296,-0.044252113,0.29037642,-0.20339674,-0.2610523,0.42226225,-0.21273074,0.30017677,0.45684895,0.4109495,0.120118506,-0.08411276,-0.08938454,0.7817998,-0.0878323,0.12583414,0.2807859,0.012433337,0.3043688,-0.11291994,0.9562223,0.24601977,0.34551686,-0.45576686,0.2898257,-0.43282107
-0.29801017,-0.43471014,-0.14521055,-0.7970209,-0.62992144,-0.38162747,0.11843305,0.94696605,0.031358927,-0.73080313,0.39312878,-0.41872144,-0.019874038,-0.08259374,0.036113776,-0.22526154,-0.38010684,-0.8357382,-0.116938755,-0.6004678,-0.011217842,0.18895021,0.38173407,0.22971171,-0.5368844,-0.7573511,0.121539645,-0.52207637,-0.122464016,0.0026653951,0.7649784,-0.0538871,0.1285197,0.1538143,-0.21798067,0.7569633,0.071360506,-1.2824467,-0.45550302,-0.76210535,-0.49759418,-0.36649823,-0.17344828,-0.14458743,0.5428107,0.2564107,-0.39294276,0.5732031,0.14048123,0.20855416,0.69199604,0.39932784,-0.46310878,-0.23788422,-0.34479406,0.26859245,0.011628541,-0.36855558,-0.28206336,0.34972465,-0.54801506,-0.079457924,-0.6276102,-0.44044504,-1.1809733,0.31332082,0.13973247,0.026078304,-0.5057725,0.27112126,-0.1524766,0.13830326,-0.2872657,-0.29001522,-0.2567947,0.19428088,-0.013880881,-0.46059683,-0.8015645,0.92290705,-0.28014404,0.16082282,0.6574159,0.763957,-0.13578853,0.42983517,-0.9090999,0.19397396,0.18570587,-0.44314003,0.18531008,0.25616795,0.13297331,-0.12739974,0.058160324,0.18157534,-0.09589621,-1.1495497,-0.03464259,-0.18599229
-0.71263707,-0.039200827,0.41423205,-0.07561166,0.18449555,-0.3855651,0.32555827,0.45650524,-0.30887797,0.049339935,-0.013338121,-0.46960175,-0.12748018,-0.60244,0.43253317,0.013042422,-0.419025,-0.71890676,-0.43404758,-0.3585168,0.004925732,0.18388575,0.03878701,-0.52064735,-0.20053244,0.37099245,0.0829908,-0.65328526,-0.4612503,-0.20115714,-0.06501932,0.32706484,0.31246206,-0.47420448,-0.59174275,0.3807156,-0.24499695,-0.2049077,-0.4841163,-0.22360161,0.24013975,-0.4234763,-0.09261277,0.2814253,0.08660616,-0.38675058,-0.5773985,0.022171352,0.2664135,0.38237825,-0.5592717,-0.3639949,0.20072503,0.14980163,0.22426741,-0.03528235,0.1049163,0.0007221136,-0.4054912,0.31880596,-0.00017430674,-0.4229765,-0.0691217,-0.8532646,-0.74908763,0.42429176,0.82242346,0.5352364,-0.60368717,0.48349205,-0.38606775,0.5207154,0.12825304,-0.30271804,0.75074935,0.08253784,0.22708818,-0.072880276,-0.64319164,0.6861972,0.14879298,0.61877966,-0.19460851,0.3266815,-0.15777676,0.004919366,-0.20735842,0.7723577,0.4869735,-0.30298275,0.48056576,0.58570504,0.24156117,0.3507155,0.11904098,0.49187744,-0.13651593,-0.39665866,0.73987556,-0.5308405
0.6145446,-0.14504258,-0.04110825,-0.2788786,-0.09606617,-0.5926057,-0.14218146,1.2605859,0.2969565,-0.1855606,-0.30942327,-0.7713009,-0.03347229,0.83047974,-0.5660326,-0.594554,0.22564109,-0.32357025,-0.17653413,-1.0289143,0.30738539,0.16888286,0.042621855,-0.029187234,0.6060067,-0.9488179,-0.42169377,0.1958324,-0.1747427,0.2690512,0.21303762,0.656501,-0.5172547,-0.42971307,0.067447826,0.5630739,0.5918643,-0.7416648,-0.18597382,-0.24143188,-0.88371253,-0.41724718,0.40871227,0.0019958576,0.92709386,-0.115218855,0.12548861,0.29596844,0.44744423,0.14004979,1.0570104,0.13174748,-0.3452392,-0.13487768,-0.2100393,0.27424997,-0.20340116,-0.3476916,0.59490144,0.33893603,0.09642087,-0.028411886,-0.091259144,0.35946548,-0.13809149,0.27256462,-0.04600588,1.0124967,-0.5898992,-0.22564906,-0.3109506,-0.40534067,0.061772205,-0.67859167,-0.5243794,-0.16340648,0.39905575,-0.25292295,-0.19546154,0.4149908,-0.231164,0.26656947,0.12098236,0.61951524,0.1708512,-0.06762297,0.41057098,0.65790635,0.0022456527,0.1999332,0.38377613,-0.23531097,0.31647846,0.09679202,0.9334951,-0.33549887,0.4700571,-0.55268127,0.25721988,-0.29669917
-0.1307191,-0.11782937,0.34025294,-0.41411555,-0.8898129,-0.40651608,0.059468616,0.8535873,-0.30305132,-0.72251636,-0.73585236,-0.607089,-0.11138022,0.36825788,-0.086878285,-0.68514085,-0.32908103,-1.0273066,-0.8968484,-0.09422138,-0.2813798,0.17591828,0.025763292,0.40802124,0.2790484,-0.8287864,-0.021342319,-0.57315046,-0.15840775,0.25031886,0.6020985,-0.08365798,-0.035775114,-0.23492566,-0.21797293,0.8783221,0.23932542,-1.1344364,-0.37616092,-0.3451105,-1.1510206,-0.03023281,-0.027033297,0.30384603,0.5575477,0.15218048,-0.6253688,0.599317,0.06806113,0.071472034,0.6422828,0.45201614,-0.5160915,-0.4938768,-0.10990087,0.31682447,-0.08501276,-0.78366596,0.26437467,0.43860582,-0.32421103,-0.6584663,-0.5473331,-0.23761383,-1.4801327,0.30464938,-0.14051619,0.6107519,-0.8091977,0.29496112,0.15530181,0.6650886,-0.34108895,-0.5015477,-0.3043278,-0.04153788,0.29988462,-0.3371326,-0.6449016,0.7878801,-0.65402955,0.19849907,0.8158707,0.61812925,-0.03113468,0.40465763,-0.4804554,0.4884324,0.54413193,-0.10483567,0.34120718,0.18110177,0.33272046,-0.27168843,0.43535915,0.15712962,0.030778592,-0.8091592,0.29757363,-0.53858745
-0.49884436,0.17171007,0.62041575,-0.21850258,0.42317206,-0.525103,0.48402268,0.62181216,0.012832818,0.11262854,0.03592377,-0.45192793,-0.14436716,-0.2837318,0.08082677,-0.16177207,-0.89940876,-0.05054753,-0.05004251,-0.41415697,0.12920219,0.852772,-0.204171,-0.81617427,-0.29232773,0.4299021,0.43291,-0.5245616,-0.95895875,-0.3435219,-0.2507482,0.62867284,0.29171664,-0.5024172,-0.65510577,0.5976905,-0.6025364,0.058739126,-0.5306497,-0.27823347,0.6895058,-0.12114016,0.23895057,-0.11694038,0.40974852,-0.6091589,-0.3747048,0.24262816,0.7097819,0.5824185,0.16600303,-0.9087108,0.42958033,0.4250871,0.11761257,0.29388845,0.38210902,0.3376599,-0.38941336,-0.23010442,-0.08489464,0.17569259,0.34444615,-0.58521295,-0.5327965,0.4114397,0.67633694,0.9159434,-0.12708205,0.26711667,-0.24165803,0.075594574,0.53625256,-0.09105454,0.7320366,0.39942193,0.116576165,-0.36275977,-0.76235324,0.91990685,0.1867315,0.782526,-0.08857715,-0.25340357,-0.27664882,-0.14676471,0.0034182733,0.68411034,0.52513754,-0.5791181,0.33650777,0.75094515,0.3685185,0.37515387,-0.042400334,0.338148,-0.02081772,-0.36048195,0.7144838,-0.21029976
0.43699655,-0.14726683,0.21337385,-0.24267429,-0.38865042,-0.5392058,-0.10655311,0.7806777,0.21900222,-0.072874635,-0.27269706,-0.7458377,-0.35761923,0.557055,-0.39434582,-0.4443485,-0.20487653,-0.39457107,-0.30725378,-0.66245085,0.028836625,0.2380782,-0.029927436,0.016529016,0.50770485,-0.8040081,-0.039556235,-0.027997896,-0.27200574,0.01838142,0.04675244,0.4049925,-0.049714886,-0.48622245,0.07922155,0.63875145,0.58162904,-0.5385951,-0.2728428,-0.29281673,-0.9240282,-0.12654088,0.2988385,0.11138898,0.7605828,-0.16678454,-0.031887695,0.5681701,0.41463542,0.4342352,0.80559117,0.16043301,-0.3936607,0.027552081,-0.24466467,0.50169766,-0.07462894,-0.20274976,0.62142104,0.26014522,-0.09586633,-0.07514586,-0.045997243,0.110252395,-0.3528111,0.27188522,-0.2880848,1.107596,-0.50590116,0.034845516,0.043290757,-0.00010578247,0.20801544,-0.54506457,-0.20335805,-0.1051417,0.56726545,-0.32410067,-0.2822354,0.74366206,-0.36349034,0.26626205,0.37470582,0.14334422,-0.05398211,-0.24125312,-0.018789709,0.7251941,-0.06498118,0.18236029,0.14729127,-0.016511237,0.43894055,0.045099065,0.6995107,-0.08595017,0.50874394,-0.36045575,0.12118108,-0.11140405
-0.26681054,-0.12482169,0.13830054,-0.29517457,-0.35382533,-0.19514716,0.47006652,0.92414033,-0.04549673,-0.8108317,-0.32803655,-0.08441287,-0.12096144,0.23028056,-0.15150979,-0.27763084,-0.2459581,-0.76835513,-0.72097844,-0.14262462,-0.14766458,0.2919723,0.24386336,0.19994691,0.18878321,-0.6577125,0.093474634,-0.13233297,-0.13568373,0.5114539,0.35218158,-0.16888899,-0.08803961,-0.5925564,-0.16536686,1.0639404,0.15659225,-1.0972916,0.073596336,-0.6806368,-0.6945789,0.15856053,0.004772482,-0.3355743,0.97017634,-0.06961638,0.0126531515,0.46418494,-0.07303976,0.32587194,0.645708,-0.11767977,-0.24972712,-0.56570816,-0.06360095,0.18266897,-0.039259955,-0.541144,0.14026527,0.23451102,-0.30362484,-0.14354235,-0.5980657,-0.05743007,-1.2105901,0.10345731,0.15292868,0.41651905,-0.44280934,-0.017614909,-0.10668871,-0.031185767,-0.40478906,-0.020023044,-0.40067697,-0.22229469,-0.17803225,0.026192563,-0.18096189,0.60601187,-0.20187101,0.10454058,0.45900515,0.77440625,0.21031512,1.0159117,0.16379353,0.3989662,0.5224026,-0.07540082,0.0004548746,-0.13085938,0.01815122,-0.49985236,0.6073089,0.12947546,-0.39148277,-0.99402785,0.1466476,-0.7469785
-0.33661163,0.3507711,0.43339908,-0.14326842,0.25191325,-0.38279176,0.2971745,0.6918798,0.0058307387,-0.06330455,0.39008993,-0.78645766,-0.109514646,-0.4400214,0.29246378,-0.0153623,-0.8000007,-0.29008713,-0.18833579,-0.20775959,0.039068267,0.26375782,0.12012661,-0.587571,-0.42547953,0.07121657,0.17809922,-0.4484727,-0.33580336,-0.2674936,-0.3110609,0.38398647,0.46862364,-0.18336247,-0.71113116,0.5870605,0.04873283,-0.15371476,-0.58545375,-0.2865143,0.58538735,-0.36259454,0.1548269,-0.099229544,0.22208251,-0.41675732,-0.18681842,0.42367032,0.47055438,0.59521246,0.10264408,-0.561575,0.1014463,0.63213533,-0.12815087,0.14145318,0.71324694,-0.24455723,-0.25547844,-0.22316682,-0.23077026,0.14978458,-0.13964537,-0.7243933,-0.56204855,0.6136681,0.37625894,0.651917,-0.5604877,0.2720031,-0.3258692,0.14964348,0.4040972,-0.06635094,0.5144677,0.16906989,-0.023012945,-0.15921694,-0.5806957,0.86667264,0.17030501,0.44132233,-0.019299202,0.10604707,-0.3213031,-0.13592629,-0.42634326,0.71952957,0.14832425,-0.30165556,0.22439554,0.58568907,-0.10706109,0.07795136,0.1556168,0.48700574,-0.16370748,-0.5053105,0.49402887,-0.4372347
0.2958761,0.0073306225,0.27280354,-0.040856563,-0.069038,-0.44013453,-0.11143491,1.0612949,-0.035917923,-0.24268885,-0.39071786,-0.8433164,0.047120094,0.6143121,-0.21484686,-0.49362382,-0.25247043,-0.45214692,-0.3733348,-0.55171454,0.13464758,0.14524703,0.12501597,0.06340566,0.57190806,-0.7924254,-0.40373948,0.0036573047,-0.029451195,0.21248727,0.039597385,0.41739118,-0.19532375,-0.35060853,-0.18034898,0.65495616,0.563684,-0.5356936,-0.19384673,-0.33748606,-0.7668402,-0.41846868,0.11402753,0.34350002,0.6209597,-0.13929623,0.087051325,0.48749635,0.3273548,0.2136589,0.85444635,0.11857918,-0.21419159,0.055302158,-0.13399091,0.22151555,0.05002641,-0.70765364,0.4559544,0.21378943,-0.07182333,-0.09253217,-0.15737289,-0.0029087178,-0.5239037,0.20197053,-0.17556407,0.9443442,-0.72543997,-0.1799071,-0.24776894,0.010861017,0.18605205,-0.47021282,-0.41501027,-0.057651736,0.22925977,-0.2072834,-0.25582483,0.35515222,-0.08984911,0.23170614,0.35494545,0.2813116,0.15509848,-0.05116053,0.13526323,0.78024614,0.054129787,0.20843853,0.35761926,0.07099625,0.27211648,0.1096755,0.7437723,0.052516073,0.2520113,-0.3428067,0.39680156,-0.47191122
-0.26681054,-0.12482169,0.13830054,-0.29517457,-0.35382533,-0.19514716,0.47006652,0.92414033,-0.04549673,-0.8108317,-0.32803655,-0.08441287,-0.12096144,0.23028056,-0.15150979,-0.27763084,-0.2459581,-0.76835513,-0.72097844,-0.14262462,-0.14766458,0.2919723,0.24386336,0.19994691,0.18878321,-0.6577125,0.093474634,-0.13233297,-0.13568373,0.5114539,0.35218158,-0.16888899,-0.08803961,-0.5925564,-0.16536686,1.0639404,0.15659225,-1.0972916,0.073596336,-0.6806368,-0.6945789,0.15856053,0.004772482,-0.3355743,0.97017634,-0.06961638,0.0126531515,0.46418494,-0.07303976,0.32587194,0.645708,-0.11767977,-0.24972712,-0.56570816,-0.06360095,0.18266897,-0.039259955,-0.541144,0.14026527,0.23451102,-0.30362484,-0.14354235,-0.5980657,-0.05743007,-1.2105901,0.10345731,0.15292868,0.41651905,-0.44280934,-0.017614909,-0.10668871,-0.031185767,-0.40478906,-0.020023044,-0.40067697,-0.22229469,-0.17803225,0.026192563,-0.18096189,0.60601187,-0.20187101,0.10454058,0.45900515,0.77440625,0.21031512,1.0159117,0.16379353,0.3989662,0.5224026,-0.07540082,0.0004548746,-0.13085938,0.01815122,-0.49985236,0.6073089,0.12947546,-0.39148277,-0.99402785,0.1466476,-0.7469785
-0.6088807,0.037606284,0.71301484,-0.2400579,0.4705573,-0.5738429,0.4344366,0.87768084,0.023984598,0.11344453,-0.1837854,-0.44627374,-0.16078682,-0.06156648,-0.089401804,-0.2708374,-1.116767,-0.028531753,-0.22276437,-0.41954538,0.11051288,1.2184947,-0.31856492,-0.8370844,-0.21020469,0.27400136,0.4338351,-0.63115263,-1.3268118,-0.387944,-0.36411738,0.7471063,0.21197386,-0.6366019,-0.7067247,0.7485121,-0.6641312,0.018552413,-0.5869635,-0.15846938,0.4918747,0.16843596,0.27017093,0.048740882,0.49330938,-0.53970355,-0.5439654,0.52474535,0.8441676,0.53141826,0.37238002,-0.844761,0.3718619,0.34142622,0.18812169,0.22050707,0.2529463,0.3284854,-0.29826593,-0.057791445,-0.15572488,0.10264697,0.37867498,-0.57260615,-0.7282323,0.40781283,0.73915756,1.1520264,-0.07028788,0.028520381,-0.30117497,0.07378822,0.36079708,-0.3894209,0.7025644,0.39675102,0.17607929,-0.4618584,-1.0264468,0.9913691,0.08809663,1.1020399,0.21300356,-0.33768383,-0.3278813,-0.04617871,0.23523273,0.7963147,0.7405098,-0.7117399,0.4070224,0.84196025,0.6849847,0.5657258,-0.18753436,0.112933435,-0.021806892,-0.36376044,0.96546185,-0.23000221
0.28390455,-0.06476298,0.23195358,-0.17385893,-0.33007544,-0.57490414,-0.21952155,1.0668434,-0.023027252,-0.3731455,-0.32619354,-0.8810654,0.058439963,0.49392942,-0.17709346,-0.49165934,-0.18095092,-0.7928298,-0.47204345,-0.5260985,0.11807058,0.053187117,0.22986451,0.2099733,0.55436367,-0.8809033,-0.4397184,0.081482895,0.16647053,0.23095639,0.16090555,0.14592737,-0.2507904,-0.14396815,-0.108004786,0.79490083,0.7045231,-0.6083206,-0.20507744,-0.36137813,-1.0608244,-0.57259077,0.12565878,0.43477726,0.6161532,-0.13940246,-0.022836538,0.53896546,0.3127752,0.27468792,0.89024574,0.37767923,-0.20861836,-0.12959753,-0.21557823,0.21404725,0.04962151,-0.852133,0.5461752,0.2117301,-0.25946826,-0.1913646,-0.14215223,-0.09231896,-0.627332,0.30717185,-0.3628489,0.9044948,-0.7454479,-0.3250143,-0.24597543,0.14455734,0.14134222,-0.4239616,-0.4858174,-0.03515784,0.28077328,-0.20646937,-0.29210833,0.43575567,-0.18108635,0.317009,0.49584335,0.41054997,0.123815574,-0.07345303,-0.12224453,0.8041991,-0.09942835,0.11723518,0.27618492,0.019556444,0.30762875,-0.13155414,0.9734528,0.2662092,0.33771226,-0.45863774,0.30771595,-0.4664337
-0.15070513,-0.4419269,-0.18205802,-0.9930133,-0.82994324,-0.49759686,-0.17030507,0.95419055,0.14902863,-0.647706,0.48641902,-0.5086065,0.065567605,-0.23149529,0.03243886,-0.31960523,-0.22223097,-0.8202875,0.076699466,-0.82301384,-0.016195036,0.20719911,0.28850627,0.30064005,-0.73667574,-0.81321305,0.04535214,-0.63099456,-0.13657725,-0.12178483,0.80604005,-0.07056611,0.17316605,0.49029872,-0.20250829,0.5888314,0.042513926,-1.181738,-0.5868821,-0.63154316,-0.6185208,-0.5053406,-0.26837718,0.0048840614,0.36312523,0.34475252,-0.6148024,0.59177643,0.17991358,0.14229088,0.6819485,0.6070702,-0.63193905,-0.2421712,-0.43665233,0.29256743,-0.039938472,-0.30106106,-0.357901,0.42542863,-0.6240777,-0.15020762,-0.6047229,-0.51460546,-1.0401535,0.44933465,-0.047736175,-0.10460562,-0.63717717,0.32427073,-0.17144807,0.2926232,-0.2440148,-0.5951307,-0.1809872,0.3699269,0.028204896,-0.6200292,-1.1245364,0.9335648,-0.41055498,0.18486726,0.56034493,0.8416743,-0.2984182,0.10948557,-1.2799414,0.13555975,0.02394229,-0.5706333,0.3423683,0.34727648,0.23439716,0.038429014,-0.059743986,-0.029385073,0.16463093,-1.2240094,-0.030197194,-0.11829679
-0.6088807,0.037606284,0.71301484,-0.2400579,0.4705573,-0.5738429,0.4344366,0.87768084,0.023984598,0.11344453,-0.1837854,-0.44627374,-0.16078682,-0.06156648,-0.089401804,-0.2708374,-1.116767,-0.028531753,-0.22276437,-0.41954538,0.11051288,1.2184947,-0.31856492,-0.8370844,-0.21020469,0.27400136,0.4338351,-0.63115263,-1.3268118,-0.387944,-0.36411738,0.7471063,0.21197386,-0.6366019,-0.7067247,0.7485121,-0.6641312,0.018552413,-0.5869635,-0.15846938,0.4918747,0.16843596,0.27017093,0.048740882,0.49330938,-0.53970355,-0.5439654,0.52474535,0.8441676,0.53141826,0.37238002,-0.844761,0.3718619,0.34142622,0.18812169,0.22050707,0.2529463,0.3284854,-0.29826593,-0.057791445,-0.15572488,0.10264697,0.37867498,-0.57260615,-0.7282323,0.40781283,0.73915756,1.1520264,-0.07028788,0.028520381,-0.30117497,0.07378822,0.36079708,-0.3894209,0.7025644,0.39675102,0.17607929,-0.4618584,-1.0264468,0.9913691,0.08809663,1.1020399,0.21300356,-0.33768383,-0.3278813,-0.04617871,0.23523273,0.7963147,0.7405098,-0.7117399,0.4070224,0.84196025,0.6849847,0.5657258,-0.18753436,0.112933435,-0.021806892,-0.36376044,0.96546185,-0.23000221
0.4328809,-0.4087418,-0.024734808,-0.54628885,-0.11997158,-0.8263026,-0.056327794,1.2434063,0.6192428,-0.047772016,-0.08300066,-0.6452904,-0.13974592,0.81064886,-0.5035353,-0.72353125,-0.0133270705,-0.5895559,-0.3320631,-1.2325895,0.22457923,0.21771698,0.0007502708,-0.097642876,0.8155689,-0.7630804,-0.13620296,0.09799154,-0.23414728,0.20299469,0.2133383,0.21691494,-0.30233648,-0.84459454,0.25236782,0.9189647,0.322627,-0.37472424,-0.028707828,-0.22847685,-0.9794962,-0.73239166,0.34613585,0.20924412,1.0177141,-0.22954552,0.26237652,0.26130348,0.63495344,0.5621565,0.8304902,0.16593643,-0.31373742,-0.27045777,-0.2119887,0.24232866,-0.3176151,0.043711837,0.6952488,0.4375761,-0.03184972,0.0054094153,0.2486709,0.35332862,-0.14893019,0.39172465,0.17792925,1.491724,-0.49476668,-0.30087566,-0.40799147,-0.14829062,0.12786403,-0.75205994,0.008610123,0.043245185,0.52902454,-0.12258055,-0.06707203,0.99271363,-0.47509807,0.6003369,0.022542426,0.289841,0.11610103,-0.15323195,0.34933966,0.9110412,0.069962874,0.020585278,0.09682886,-0.21155484,0.4995311,0.15431504,0.92452747,-0.18725325,0.65615124,-0.5306871,0.44964594,-0.12289173
-0.08908999,-0.43657628,0.040425517,-0.7710234,-1.0853899,-0.3843994,0.047377247,0.6933097,-0.3164544,-0.8676524,-0.5084116,-0.4161344,-0.15698539,0.35523906,-0.31782207,-0.8839522,-0.0053144726,-1.1163162,-0.6373577,-0.39781636,-0.27083892,-0.029937817,0.10050859,0.5752443,0.117032304,-0.8477521,0.25273216,-0.79093456,-0.23994203,0.23909564,1.0796521,-0.3102755,-0.042783916,-0.14446613,0.063210465,0.76023346,-0.0064171595,-1.4786195,-0.40010616,-0.60446554,-1.2158488,-0.12956654,-0.23838139,0.028596845,0.5320567,0.3374143,-0.7870689,0.3494559,-0.060609646,-0.06863396,0.49869284,0.6618409,-0.85111195,-0.8082282,-0.34747955,0.47974816,-0.42184612,-0.2471818,7.854296e-05,0.7159106,-0.225711,-0.78794724,-0.6725534,-0.06527938,-1.4324381,0.19428262,0.017161805,0.16259421,-0.90152705,0.6808354,0.16916141,0.76387745,-0.6301985,-0.73258156,-0.11491668,0.017904548,0.2814732,-0.30029342,-0.69916826,0.9785956,-1.0715579,-0.097986035,0.5723095,0.9573541,-0.18800703,0.4260644,-0.62577105,0.22380312,0.6692685,-0.09470524,0.41362312,0.041387092,0.19084997,-0.2689979,0.22191218,-0.12188505,0.070922874,-1.0924364,0.0028538944,-0.35893446
-0.46913648,0.1903574,0.54789317,-0.17178524,0.3149473,-0.445637,0.2527459,0.9737291,0.018706381,-0.05204355,0.12369936,-0.76046014,-0.12991616,-0.18252552,0.089759104,-0.14587115,-1.0487782,-0.2513907,-0.37324297,-0.225923,0.023482203,0.7071546,-0.02680172,-0.6243884,-0.32586253,-0.081926286,0.19412203,-0.57207966,-0.7835894,-0.32161412,-0.43421987,0.53074664,0.36909306,-0.35210153,-0.76552725,0.7562512,-0.058418553,-0.18613204,-0.6451689,-0.1521732,0.37063017,-0.024747435,0.19466871,0.08490181,0.32651317,-0.35044858,-0.38704416,0.7283282,0.63482237,0.5374596,0.33702776,-0.5105215,0.0562395,0.5264527,-0.034889888,0.06840546,0.5494099,-0.22056305,-0.16148628,-0.030989833,-0.30135253,0.069669366,-0.07291365,-0.70211625,-0.7787562,0.5977187,0.46412194,0.9313054,-0.47151738,0.0050492454,-0.3874345,0.1432688,0.21577372,-0.40127242,0.4943264,0.17963484,0.051701672,-0.28194728,-0.886545,0.9496737,0.061032318,0.81849694,0.31368643,-0.009292591,-0.3759362,-0.024144204,-0.14197645,0.84285104,0.4111998,-0.4662013,0.3098009,0.69713277,0.27461177,0.30842608,-0.018239884,0.22653902,-0.15640774,-0.5004554,0.7875018,-0.44590595
0.44596854,-0.14983228,0.21274802,-0.24162394,-0.38852957,-0.54055804,-0.10375835,0.78212893,0.22190467,-0.07238176,-0.27686483,-0.75058264,-0.36030307,0.5683481,-0.3997527,-0.45387134,-0.20263416,-0.39577788,-0.31201613,-0.66570807,0.032407954,0.23502308,-0.029601729,0.017202795,0.5191946,-0.80971867,-0.038645446,-0.027798776,-0.2686265,0.020563638,0.05122391,0.40276635,-0.050506912,-0.49421883,0.083895385,0.6413913,0.5858888,-0.53769016,-0.27014002,-0.29429927,-0.9314507,-0.13047682,0.29800344,0.111417845,0.7616541,-0.16927235,-0.019399572,0.566875,0.413273,0.43606192,0.81200904,0.15905142,-0.39929435,0.025173504,-0.24659958,0.5061784,-0.07658915,-0.20205742,0.6286618,0.2616575,-0.08768435,-0.0753387,-0.045283075,0.1173593,-0.35115698,0.26950663,-0.28813195,1.1170942,-0.51219684,0.03801685,0.045558356,-0.0032583878,0.20955877,-0.54999447,-0.20542167,-0.107877515,0.5657221,-0.31867272,-0.273863,0.7461879,-0.36811236,0.25788847,0.366027,0.14387758,-0.04955457,-0.24347866,-0.011600995,0.72826236,-0.06464605,0.19182795,0.14630911,-0.020883637,0.4378018,0.04490233,0.7057515,-0.09091427,0.5124188,-0.35667914,0.12383858,-0.115901254
-0.25249082,-0.16995291,0.0900094,-0.3405647,-0.42880583,-0.15947992,0.5463652,0.89228666,-0.0077969227,-0.8331037,-0.22167917,-0.111664966,-0.14935659,0.18078941,-0.12949301,-0.33256835,-0.22051331,-0.7624783,-0.7328452,-0.13438821,-0.14273523,0.30823925,0.2622555,0.19209945,0.07681704,-0.7106928,0.12905213,-0.22926114,-0.1898312,0.43179092,0.47716528,-0.15143155,-0.03132336,-0.5302704,-0.24308127,0.9843313,0.15856752,-1.2740326,0.016912093,-0.6429359,-0.6605035,0.14732471,-0.05088312,-0.4548552,0.90988,-0.039489925,0.005049143,0.4983886,-0.09852811,0.29344818,0.65177983,-0.1584447,-0.40930063,-0.5520459,-0.12279423,0.23898982,0.011835066,-0.5571997,0.08226107,0.3067522,-0.29088092,-0.19099501,-0.7435824,-0.10489416,-1.3753036,0.13697043,0.14863472,0.25737846,-0.46233907,0.13648453,-0.11703798,-0.00803406,-0.53943753,-0.13622405,-0.41282058,-0.19979098,-0.19500172,0.012176912,-0.31928205,0.73184025,-0.17622256,-0.008430865,0.51586956,0.84810066,0.16502184,1.054077,-0.017165277,0.2871862,0.5333222,-0.110308446,-0.031638343,-0.11521573,0.0027377168,-0.5434864,0.47900605,0.010841446,-0.4658238,-1.0242982,0.13689514,-0.7921599
-0.8380886,-0.16717125,0.5277128,-0.090847835,0.25346687,-0.44485533,0.29257306,0.73486966,-0.29647073,0.05197823,-0.24779929,-0.4822259,-0.14005809,-0.38154703,0.26784295,-0.10941014,-0.6646012,-0.7039211,-0.61660874,-0.36586696,0.0065042153,0.5837238,-0.07766131,-0.570754,-0.11988325,0.24002907,0.09279198,-0.77433956,-0.8606948,-0.25610667,-0.18434936,0.46681657,0.22087672,-0.6303939,-0.67125297,0.55702686,-0.34030855,-0.23613864,-0.55574286,-0.10108468,0.0722643,-0.13581732,-0.054603238,0.45101854,0.17418748,-0.34799844,-0.74517536,0.30966786,0.4269179,0.3460002,-0.3527178,-0.33161202,0.16912572,0.081168145,0.30886906,-0.119508624,-0.008327331,-0.0060004955,-0.31995454,0.47881678,-0.06797551,-0.48817867,-0.02139008,-0.87209964,-0.9651897,0.42542922,0.9205369,0.8031719,-0.5466567,0.24854602,-0.4494427,0.5171256,-0.04035087,-0.59261966,0.7363941,0.09517944,0.2835558,-0.16776082,-0.93373585,0.7766606,0.06505595,0.967561,0.107296266,0.2261045,-0.21413411,0.11454097,0.042059526,0.90590084,0.7365885,-0.46074212,0.5617805,0.6979765,0.57655245,0.5580016,-0.032694023,0.27816504,-0.15215285,-0.40532458,1.023881,-0.5662816
0.6532633,-0.25153434,-0.1111347,-0.45960844,-0.37494817,-0.7487805,-0.2640107,1.300942,0.33454672,-0.31396875,-0.24988957,-0.8267446,-0.02066213,0.7765364,-0.58050483,-0.63714445,0.3209222,-0.68961996,-0.28576314,-1.0581328,0.31065717,0.044600245,0.14547125,0.120534696,0.62543124,-1.068781,-0.4422751,0.2956201,0.03541507,0.30441672,0.3706563,0.37135834,-0.609634,-0.25515732,0.20525442,0.7319451,0.7437526,-0.8134669,-0.1844356,-0.26679862,-1.2247922,-0.62768114,0.44424677,0.111048006,0.9731598,-0.11799554,0.055689037,0.32288662,0.46629286,0.19541155,1.1207131,0.4364455,-0.3451711,-0.34616938,-0.29966432,0.2636582,-0.24686931,-0.45905533,0.73323715,0.3516285,-0.06945526,-0.11980877,-0.037072282,0.31022722,-0.18535368,0.38489527,-0.21071978,1.0284374,-0.6329944,-0.38612133,-0.3086418,-0.30153757,0.015543639,-0.6497065,-0.5868977,-0.15352878,0.4893817,-0.23790614,-0.17908083,0.51481557,-0.3883696,0.358745,0.22718734,0.7686194,0.1520959,-0.12228895,0.19639511,0.6998852,-0.15369056,0.12778455,0.300863,-0.32510254,0.37794623,-0.13817684,1.2122935,-0.14509596,0.60960937,-0.6958483,0.16708623,-0.26418513
-0.1307191,-0.11782937,0.34025294,-0.41411555,-0.8898129,-0.40651608,0.059468616,0.8535873,-0.30305132,-0.72251636,-0.73585236,-0.607089,-0.11138022,0.36825788,-0.086878285,-0.68514085,-0.32908103,-1.0273066,-0.8968484,-0.09422138,-0.2813798,0.17591828,0.025763292,0.40802124,0.2790484,-0.8287864,-0.021342319,-0.57315046,-0.15840775,0.25031886,0.6020985,-0.08365798,-0.035775114,-0.23492566,-0.21797293,0.8783221,0.23932542,-1.1344364,-0.37616092,-0.3451105,-1.1510206,-0.03023281,-0.027033297,0.30384603,0.5575477,0.15218048,-0.6253688,0.599317,0.06806113,0.071472034,0.6422828,0.45201614,-0.5160915,-0.4938768,-0.10990087,0.31682447,-0.08501276,-0.78366596,0.26437467,0.43860582,-0.32421103,-0.6584663,-0.5473331,-0.23761383,-1.4801327,0.30464938,-0.14051619,0.6107519,-0.8091977,0.29496112,0.15530181,0.6650886,-0.34108895,-0.5015477,-0.3043278,-0.04153788,0.29988462,-0.3371326,-0.6449016,0.7878801,-0.65402955,0.19849907,0.8158707,0.61812925,-0.03113468,0.40465763,-0.4804554,0.4884324,0.54413193,-0.10483567,0.34120718,0.18110177,0.33272046,-0.27168843,0.43535915,0.15712962,0.030778592,-0.8091592,0.29757363,-0.53858745
-0.79128903,-0.13253473,0.5049782,-0.099139065,0.26603365,-0.41862226,0.2930528,0.72563285,-0.3129539,0.013329121,-0.2590842,-0.5010561,-0.12940595,-0.32691538,0.23546109,-0.13483328,-0.6574263,-0.6807819,-0.5897746,-0.35441267,0.012917334,0.538233,-0.06625676,-0.5524779,-0.1138404,0.2241193,0.09745874,-0.755989,-0.821307,-0.2363439,-0.14524795,0.44419378,0.21293186,-0.6274981,-0.64184487,0.5628772,-0.34369192,-0.24196859,-0.53105795,-0.12773086,0.09714375,-0.11862096,-0.052797474,0.40681776,0.17791398,-0.33231142,-0.7000897,0.28935763,0.41497037,0.33560637,-0.31753117,-0.31675357,0.16867106,0.08262875,0.28795397,-0.114383444,0.0088399295,0.016367305,-0.32047462,0.45822585,-0.040533066,-0.4563011,-0.02084456,-0.8093401,-0.92633516,0.39190575,0.90850216,0.78361624,-0.54268235,0.27765757,-0.41064477,0.4884472,-0.03411683,-0.5467836,0.71237123,0.07850253,0.2629044,-0.14249817,-0.8699366,0.738818,0.015771233,0.90680647,0.07384731,0.22673401,-0.21829906,0.1174639,0.08688011,0.86544245,0.7478133,-0.41522542,0.5554932,0.66053945,0.5290317,0.52859044,-0.025760928,0.28660455,-0.15821153,-0.41907382,0.9736798,-0.5285103
0.65376574,-0.2369463,-0.05937869,-0.33339697,-0.28094816,-0.75760067,-0.18479964,1.3020937,0.39375782,-0.12731424,-0.27496693,-0.7366466,-0.14178827,0.7502593,-0.6263403,-0.55667675,0.3319897,-0.48789302,-0.21202241,-1.1012003,0.25469944,0.15691905,0.021529986,-0.03465197,0.68863976,-0.9640116,-0.4134356,0.31883368,-0.13162372,0.23935731,0.24521253,0.5476254,-0.55933523,-0.35488135,0.18827178,0.61118186,0.68997705,-0.7125506,-0.14293495,-0.23951064,-1.1127183,-0.54101783,0.5135058,0.048042852,1.0445936,-0.21352996,0.05534826,0.27185753,0.44531402,0.24770418,1.0375445,0.26780477,-0.32725853,-0.23105478,-0.25722834,0.33267528,-0.28311,-0.33302957,0.7643842,0.33135405,0.06110856,-0.10579047,0.035937417,0.31072888,-0.09791829,0.38508224,-0.19185685,1.0820485,-0.535653,-0.32718262,-0.2859299,-0.33462137,0.1293958,-0.69610703,-0.50150853,-0.16917917,0.55986464,-0.29916772,-0.22556339,0.51023674,-0.247215,0.36482316,0.14044546,0.6796661,0.13424826,-0.1715199,0.317813,0.75521123,-0.1245243,0.14786029,0.27331963,-0.28992936,0.44890064,-0.024056485,1.2522061,-0.24448097,0.60818475,-0.55996716,0.21044408,-0.23640265
-0.25249082,-0.16995291,0.0900094,-0.3405647,-0.42880583,-0.15947992,0.5463652,0.89228666,-0.0077969227,-0.8331037,-0.22167917,-0.111664966,-0.14935659,0.18078941,-0.12949301,-0.33256835,-0.22051331,-0.7624783,-0.7328452,-0.13438821,-0.14273523,0.30823925,0.2622555,0.19209945,0.07681704,-0.7106928,0.12905213,-0.22926114,-0.1898312,0.43179092,0.47716528,-0.15143155,-0.03132336,-0.5302704,-0.24308127,0.9843313,0.15856752,-1.2740326,0.016912093,-0.6429359,-0.6605035,0.14732471,-0.05088312,-0.4548552,0.90988,-0.039489925,0.005049143,0.4983886,-0.09852811,0.29344818,0.65177983,-0.1584447,-0.40930063,-0.5520459,-0.12279423,0.23898982,0.011835066,-0.5571997,0.08226107,0.3067522,-0.29088092,-0.19099501,-0.7435824,-0.10489416,-1.3753036,0.13697043,0.14863472,0.25737846,-0.46233907,0.13648453,-0.11703798,-0.00803406,-0.53943753,-0.13622405,-0.41282058,-0.19979098,-0.19500172,0.012176912,-0.31928205,0.73184025,-0.17622256,-0.008430865,0.51586956,0.84810066,0.16502184,1.054077,-0.017165277,0.2871862,0.5333222,-0.110308446,-0.031638343,-0.11521573,0.0027377168,-0.5434864,0.47900605,0.010841446,-0.4658238,-1.0242982,0.13689514,-0.7921599
-0.62537557,0.0040399847,0.45631176,-0.20316839,0.24308148,-0.5120806,0.2975561,1.0946556,-0.11733802,-0.1140374,0.095581874,-0.7066468,-0.112558365,-0.15901622,0.20746486,-0.21755718,-1.09158,-0.47359645,-0.2769414,-0.19798635,0.029393708,0.72465956,0.05954467,-0.5880382,-0.40844515,0.08470975,0.1996747,-0.627739,-0.6220013,-0.32469904,0.069752194,0.35910818,0.24978234,-0.08298566,-0.7532073,0.7137835,-0.26338091,-0.16504252,-0.6266819,-0.2650505,0.47824776,-0.34395352,0.10152535,0.24510017,0.24660435,-0.3639727,-0.37300313,0.6102929,0.59678125,0.35403314,0.24604182,-0.31583938,0.31625292,0.449587,-0.010071924,-0.030457456,0.5590559,-0.27684993,-0.26686633,-0.040533777,-0.16199045,0.059631463,0.04656341,-0.956432,-0.8881783,0.5475229,0.5105767,0.77349985,-0.5187286,0.20071648,-0.2884536,0.18934143,0.32024032,-0.16625032,0.53747326,0.33102542,0.058808472,-0.3216302,-0.96538436,0.77099484,0.078914136,0.7695225,0.18068476,0.11414791,-0.3160618,-0.008939385,-0.26685953,0.82586443,0.62271327,-0.62008274,0.4555798,0.8301769,0.3733036,0.42463025,0.09195354,0.5085703,-0.16472842,-0.5681008,0.8602341,-0.32692814
0.30735624,-0.050622143,0.20442551,-0.20372789,-0.2935611,-0.53647274,-0.19161151,1.0399976,-0.046362247,-0.39382082,-0.350352,-0.88426375,0.04517269,0.54015887,-0.21365285,-0.51019907,-0.19321787,-0.7654673,-0.44441086,-0.51283693,0.1281944,0.01626031,0.2118937,0.17852192,0.53901803,-0.8371842,-0.37709516,0.053181358,0.14490265,0.2219041,0.20250101,0.14106943,-0.2599879,-0.18673952,-0.06529022,0.79800355,0.6247562,-0.5930257,-0.21023168,-0.35932556,-0.96688104,-0.53391415,0.14933936,0.39199144,0.6039631,-0.13274594,-0.007897776,0.47971007,0.3197478,0.25645587,0.86299014,0.3784969,-0.18205751,-0.12472299,-0.20391794,0.1893593,0.043956764,-0.7408147,0.5203119,0.20208254,-0.19188082,-0.1696722,-0.10787476,-0.044312194,-0.5623776,0.28537852,-0.27473935,0.90002453,-0.7254915,-0.2517951,-0.18283267,0.12419841,0.13893722,-0.38244474,-0.43132922,-0.053871058,0.29288903,-0.17642877,-0.23295191,0.42361557,-0.2738668,0.2949304,0.41721675,0.39893174,0.09068209,-0.07379645,-0.028233647,0.76133066,-0.023217551,0.13266037,0.28743517,-0.00042514064,0.2867986,-0.10610646,0.92535263,0.260849,0.32255024,-0.47792962,0.28436998,-0.3933099
-0.12002367,-0.08202044,0.32587063,-0.4043665,-0.80851597,-0.379452,0.073716834,0.8362805,-0.32108662,-0.7201539,-0.7197558,-0.6207897,-0.101161845,0.38521066,-0.10220383,-0.6796885,-0.34079847,-0.9824224,-0.85037273,-0.09739869,-0.25727782,0.14906414,0.032425772,0.37087247,0.26233557,-0.78369635,-0.009412748,-0.5644757,-0.15569709,0.2426169,0.59953845,-0.07656142,-0.02955749,-0.25495198,-0.21176854,0.86596096,0.20144792,-1.088111,-0.35913557,-0.36053708,-1.0512563,-0.017224206,-0.026636858,0.26310238,0.539162,0.14029072,-0.5820263,0.55957913,0.075817235,0.07600414,0.62307966,0.4225269,-0.47629273,-0.45841816,-0.108643025,0.29688594,-0.061314926,-0.7129216,0.22942105,0.41795784,-0.2784674,-0.6128215,-0.51578563,-0.20479345,-1.4064163,0.27428666,-0.09155185,0.60021454,-0.7893122,0.32476726,0.16309093,0.62433255,-0.31643105,-0.4556763,-0.26995787,-0.05213461,0.2758431,-0.29893482,-0.5905867,0.7449255,-0.6668134,0.1758358,0.73680574,0.5957725,-0.04655432,0.39085874,-0.3996256,0.46777114,0.5679984,-0.07489976,0.3471551,0.1696647,0.2939521,-0.25575435,0.41557536,0.17368175,0.013246461,-0.80077106,0.2841904,-0.49800143
-0.4570309,0.18962227,0.59981614,-0.22532761,0.421938,-0.4873974,0.4715095,0.6353217,-0.0147179365,0.08470864,0.012838132,-0.48841342,-0.12698026,-0.21609963,0.03755618,-0.2057284,-0.88371396,-0.040796667,-0.05183725,-0.40554246,0.13275214,0.7939302,-0.1863855,-0.7799618,-0.2850791,0.38037702,0.423109,-0.52161324,-0.9256482,-0.31509423,-0.2049644,0.6227879,0.27425337,-0.49712718,-0.6285266,0.5905962,-0.5802841,0.027587561,-0.51591414,-0.2924301,0.6699553,-0.103780024,0.22375746,-0.13896368,0.4119212,-0.5744265,-0.34098953,0.23654667,0.6995312,0.5472444,0.19655101,-0.86522603,0.3994888,0.42110604,0.098742574,0.28498334,0.37962106,0.3286089,-0.38602498,-0.20952658,-0.056111623,0.17574522,0.3210508,-0.531692,-0.51951784,0.37838045,0.6675121,0.89273596,-0.1624592,0.2943226,-0.22425082,0.05297977,0.5105498,-0.08589109,0.69179827,0.35828105,0.10769061,-0.33240655,-0.71116114,0.87254304,0.13170445,0.7118511,-0.10168175,-0.22209135,-0.27275088,-0.14085384,0.037672933,0.6482603,0.553891,-0.51888067,0.36075044,0.71429527,0.33708677,0.3618245,-0.04328237,0.30790693,-0.029920403,-0.38443667,0.67659587,-0.1967919
0.59397054,-0.20331277,-0.07093828,-0.35833475,-0.24907443,-0.7002047,-0.15518655,1.2603501,0.3216901,-0.1333712,-0.2496242,-0.74081224,-0.11079403,0.74587756,-0.626084,-0.5876381,0.28204766,-0.4583889,-0.20089217,-1.0564798,0.24468996,0.13553964,0.03866863,-0.04320931,0.5779665,-0.91874087,-0.36658108,0.25818712,-0.13788249,0.23057419,0.31459835,0.5309435,-0.5103583,-0.31980082,0.17574786,0.56120175,0.6274413,-0.6937457,-0.12829623,-0.27411717,-1.0142682,-0.5103245,0.45118088,0.0130927125,1.0054473,-0.17766526,0.07188641,0.2600567,0.4504566,0.18699953,0.99536383,0.26135334,-0.30225167,-0.20602016,-0.25108087,0.32097548,-0.2542175,-0.28093806,0.673133,0.33549508,0.08850073,-0.08089637,0.02688287,0.30123773,-0.10545217,0.33484071,-0.13693203,1.0195409,-0.54288644,-0.23932913,-0.27622956,-0.36803406,0.1143861,-0.63379437,-0.4548749,-0.18132973,0.5074351,-0.26849973,-0.19233122,0.46046776,-0.27827942,0.2975322,0.08964976,0.6804686,0.12773795,-0.17764886,0.30908805,0.6834944,-0.05404607,0.1614836,0.31361544,-0.26382998,0.40927118,-0.017153136,1.1670853,-0.23630713,0.57866365,-0.5912648,0.20249724,-0.21067286
-0.08408679,-0.39390364,0.024693664,-0.76510453,-1.0081966,-0.35491377,0.058218956,0.69701505,-0.34116095,-0.8367056,-0.48547235,-0.4532241,-0.13761477,0.38114604,-0.33432856,-0.8855557,-0.03853814,-1.0619773,-0.596815,-0.39227667,-0.24549712,-0.04344405,0.1097729,0.52696687,0.06405008,-0.81426823,0.25637397,-0.7776663,-0.23766227,0.22562239,1.0899433,-0.27032948,-0.04161829,-0.12619947,0.06359832,0.71575606,-0.019721178,-1.4183508,-0.3841088,-0.6085675,-1.1197199,-0.1242907,-0.23493308,0.006803734,0.5210067,0.33062604,-0.72852904,0.33271086,-0.02525697,-0.09911099,0.49882895,0.64039487,-0.78531176,-0.74840415,-0.3348807,0.4559166,-0.38243267,-0.2085525,-0.027680516,0.69373184,-0.17524341,-0.7277483,-0.6283647,-0.05328628,-1.3522606,0.16518047,0.05293903,0.16868347,-0.8846714,0.7002238,0.16861524,0.6769533,-0.5865832,-0.6697042,-0.09885516,-0.0069821416,0.26728377,-0.2778969,-0.64282763,0.9042839,-1.0596653,-0.121055685,0.50269693,0.93300796,-0.18468839,0.3799979,-0.5662128,0.19844148,0.69032025,-0.07228226,0.44708723,0.046840724,0.1795795,-0.23926744,0.212909,-0.10913318,0.074804105,-1.0840973,0.0055694208,-0.31726417
-0.64494294,0.16126065,0.29756695,-0.12737355,0.30987087,-0.5763853,0.31454617,1.0922487,-0.1545354,-0.15560474,0.32092845,-0.84733725,-0.03735311,-0.22863662,0.37000504,-0.0922828,-0.8944251,-0.60535526,-0.24651334,-0.2765967,0.11339963,0.4078357,0.23272167,-0.5946504,-0.50701606,0.20047805,0.020301685,-0.59919006,-0.41417626,-0.2863883,0.29104507,0.3402524,0.21630451,0.03745394,-0.8310366,0.7111407,-0.13577431,-0.2613685,-0.6269774,-0.34509435,0.5815901,-0.5165644,0.07278226,0.110102974,0.14047466,-0.37210467,-0.34834504,0.42908737,0.6062932,0.3659015,0.15745361,-0.24958475,0.32548565,0.5267013,-0.11468261,-0.110709794,0.69046855,-0.39362043,-0.38013527,-0.008351079,-0.17598487,0.035595663,-0.024853295,-0.9956825,-0.9344161,0.5946218,0.6357495,0.64073586,-0.5608808,0.29785553,-0.38608545,0.17852552,0.28628966,0.026867682,0.4973517,0.28680632,0.071187645,-0.20602737,-0.89390993,0.76993406,0.15323773,0.67349327,0.15111707,0.21721038,-0.33439738,0.018863883,-0.383216,0.83943546,0.6440204,-0.49778533,0.49784064,0.79133385,0.14851224,0.25607583,0.21640855,0.7569258,-0.23484239,-0.6001827,0.7607236,-0.21808511
0.73494273,-0.205659,-0.12937048,-0.5232113,-0.29154676,-0.63530725,-0.15402777,1.336087,0.36675766,-0.3132749,-0.21710655,-0.8930554,-0.05140357,0.95994025,-0.6957573,-0.7352308,0.25793296,-0.46675578,-0.2634366,-1.0107795,0.3827862,0.05092163,0.1167463,0.015803996,0.5503506,-1.1327182,-0.29542333,0.12891877,-0.13089111,0.26561183,0.36350098,0.51284707,-0.5766441,-0.34352008,0.251629,0.72000456,0.6458073,-0.8296446,-0.30354828,-0.19655636,-1.0245243,-0.52170336,0.5533305,-0.027936634,0.8850155,-0.03002448,0.103911914,0.32322213,0.54536736,0.09946852,1.2327539,0.3246627,-0.45708874,-0.27128133,-0.29807422,0.2229377,-0.20721345,-0.36678347,0.7138446,0.26120916,0.016015768,-0.015638527,-0.12093825,0.45755863,-0.1472718,0.47978303,0.06621202,1.130367,-0.66271544,-0.30679935,-0.2604003,-0.48433647,-0.016023321,-0.696208,-0.5975608,-0.18809871,0.45379838,-0.26875535,-0.12572584,0.6343274,-0.56873244,0.26909143,0.12659982,0.7798818,0.13620459,-0.1021126,0.30349845,0.61085355,-0.0067862207,0.14336832,0.37328634,-0.28755006,0.27782744,-0.011888095,1.0154599,-0.39060777,0.5435726,-0.70962614,0.22771415,-0.22017643
-0.13642296,-0.30694538,-0.019510973,-0.69979584,-0.7726512,-0.37784633,0.007371194,0.7199772,-0.2933843,-0.7703365,-0.28178287,-0.5506927,-0.015826864,0.3538768,-0.31481886,-0.80196726,-0.06376109,-0.9783872,-0.4839513,-0.45639685,-0.07685958,-0.11107996,0.19007498,0.43920106,-0.032230496,-0.7142851,0.1780966,-0.6530129,-0.16352677,0.21074308,0.99824077,-0.17420892,-0.07051389,-0.11072836,-0.0012828883,0.6968063,-0.0016929209,-1.2621069,-0.37032792,-0.6211468,-0.8810009,-0.20307213,-0.19885913,-0.03378873,0.49984202,0.26843157,-0.56147444,0.28404453,0.12339705,-0.0574371,0.5162588,0.60011774,-0.64037514,-0.5365961,-0.32208797,0.32483855,-0.25076535,-0.19596195,-0.077572756,0.55335873,-0.24895567,-0.53024817,-0.5174676,-0.046642333,-1.1677366,0.17697361,0.19334097,0.25249013,-0.7951611,0.55876124,0.066128634,0.47165444,-0.5288114,-0.4831236,-0.09596973,0.006201618,0.15597226,-0.18910642,-0.5329684,0.85087746,-0.9111015,-0.06616052,0.510945,0.8174988,-0.1482993,0.32429147,-0.4944842,0.18430541,0.62014335,-0.04519796,0.4200738,0.016507117,0.09791285,-0.26415104,0.19112441,-0.011840441,0.07656946,-1.0336841,-0.018635921,-0.22883101
-0.4484039,0.1168168,0.30791306,-0.094038814,0.027148971,-0.54864967,0.28052944,0.9506567,0.045619864,-0.19553311,0.31585327,-0.6441668,-0.19245538,-0.24522308,0.31172225,-0.012542747,-0.76678383,-0.43921012,-0.14085151,-0.16303104,-0.067356646,0.4437391,0.14387615,-0.43752733,-0.39991483,0.017914798,0.088370375,-0.48932368,-0.3285871,-0.20760745,0.18550357,0.23407929,0.26268697,0.17843045,-0.6758239,0.6666014,0.021507377,-0.32251152,-0.6158231,-0.3047634,0.40101397,-0.33220106,0.20175388,0.008749105,0.15565994,-0.2838984,-0.34609365,0.45766327,0.41198936,0.42405838,0.32684368,-0.21533854,0.17897822,0.4559209,-0.23025994,0.11651307,0.64914685,-0.44710794,-0.1893923,-0.15478767,-0.23058335,0.075612165,-0.109282866,-0.81381935,-0.86898804,0.63369954,0.19093727,0.5710967,-0.4175178,0.24825369,-0.19010037,0.22494829,0.39882624,0.0189763,0.29874116,0.30602142,0.11432306,-0.35975876,-0.8711621,0.7723996,0.11385976,0.56215274,0.22401251,0.18804857,-0.36703,0.024432346,-0.5850573,0.7213521,0.36451313,-0.46453813,0.3029385,0.6375534,0.051953156,0.11373685,0.34922716,0.66044784,-0.17674668,-0.5129265,0.529759,-0.16430299
0.4778108,-0.4036013,-0.06948854,-0.41682673,-0.1989327,-0.7147584,-0.110001646,1.1117836,0.53176695,0.011248657,0.07912415,-0.7294605,-0.12152473,0.83552545,-0.4640827,-0.642925,0.06894788,-0.5301791,-0.3761505,-1.1357855,0.28187844,-0.00022396725,0.14737055,-0.012575787,0.7184294,-0.92660797,-0.22938326,0.11672754,-0.08312766,0.22059357,0.22727989,0.31394953,-0.23641957,-0.6729252,0.29271913,0.7038465,0.6592134,-0.54399335,-0.07426332,-0.2708476,-1.0900401,-0.78803164,0.26077452,0.17334715,0.88435084,-0.1500015,0.33740893,0.3075465,0.5866149,0.38270053,0.908316,0.20179024,-0.4588416,-0.19086556,-0.26902813,0.32371166,-0.28003266,-0.24466267,0.73704445,0.42316592,-0.086242884,0.009642594,0.020769399,0.3402754,-0.16840324,0.40427864,0.10503773,1.3318627,-0.62319326,-0.3038381,-0.4646125,-0.29048306,0.025563015,-0.75141114,-0.22030632,-0.06967464,0.5093957,-0.1570488,-0.001946114,0.93199354,-0.37692842,0.3564111,0.12939405,0.3618717,0.21680522,-0.21868676,0.10291937,0.8146294,-0.13223924,0.20638303,0.11037023,-0.2621714,0.3783368,0.050760463,0.92859685,-0.2601195,0.6114371,-0.40923834,0.36227438,-0.19744705
-0.19668028,0.021620113,0.28699023,-0.56673527,-0.825638,-0.21505408,0.21526735,0.5693979,-0.4558761,-0.74715203,-0.43438277,-0.5616823,-0.19785193,-0.033675063,-0.016147148,-0.33431253,-0.31701872,-0.99188346,-0.55003273,-0.12401799,-0.4203915,0.051241655,0.12865517,0.2514114,-0.079104915,-0.6379668,0.2215034,-0.8506721,-0.4035438,0.031215345,0.4986589,-0.12022345,0.14970927,-0.00020242036,-0.23406723,0.7094306,0.0834929,-1.2950337,-0.56433904,-0.42861456,-0.9417036,0.20531876,-0.16802694,-0.08037759,0.18305375,0.28004763,-0.98434335,0.45800892,-0.06953557,0.18273725,0.3529016,0.36331874,-0.6312607,-0.5439249,-0.2173433,0.41624293,-0.16068727,-0.38452074,-0.19604135,0.59151715,-0.15184367,-0.80353147,-0.6734921,-0.14524388,-1.4848201,0.23193924,0.0008668847,0.04561365,-0.71952283,0.686326,0.14565834,0.74227184,-0.2879683,-0.61149764,-0.1945159,-0.22718251,0.33547992,-0.39394897,-0.6741661,0.8078743,-0.66182774,-0.003923615,0.43098584,0.771253,-0.2931872,0.35305417,-0.5598501,0.4374222,0.57687664,-0.110293545,0.48343453,0.40972528,0.13100779,-0.064796925,0.10959896,0.14806023,-0.16001867,-0.96267337,0.11600622,-0.36614448
-0.61244315,0.25202245,0.5157834,-0.17008866,0.57926476,-0.6345546,0.47590324,0.8654237,-0.045835346,0.06038305,0.04724227,-0.6397427,-0.052177068,-0.09007358,0.05432074,-0.17401023,-0.86999923,-0.16241695,-0.17783593,-0.53862894,0.24521631,0.8359898,-0.11847337,-0.8649855,-0.3377067,0.4292422,0.24176343,-0.60929364,-1.1205105,-0.3342098,-0.05410239,0.76508045,0.13967444,-0.5311874,-0.7812978,0.73776686,-0.56239647,-0.10424722,-0.5737624,-0.27174783,0.63700736,0.0005875896,0.23482174,-0.15739356,0.38801828,-0.5573268,-0.49469495,0.27144834,0.8906484,0.5202415,0.28554845,-0.7888661,0.40358415,0.42503095,0.076745845,0.13363597,0.39120507,0.25827342,-0.45476505,-0.007150152,-0.12865439,0.087050036,0.32097647,-0.56880254,-0.75909346,0.416363,0.9471413,1.0134535,-0.10337406,0.1876011,-0.4001757,0.008840244,0.3110743,-0.13286205,0.6545158,0.3218291,0.19563328,-0.30182073,-0.90438104,0.96978366,0.13904107,0.96257895,0.1403369,-0.22608668,-0.34619185,-0.019515457,0.17111099,0.77614146,0.8313301,-0.541985,0.49475932,0.7755904,0.42457318,0.36893964,-0.05752494,0.38279745,-0.09823403,-0.42056063,0.8356592,-0.07162682
0.31631675,-0.013496387,0.21923013,-0.24668798,-0.45578226,-0.5460526,-0.24717566,0.9941093,-0.012826697,-0.45552647,-0.39224628,-0.8704018,0.023908554,0.47359684,-0.20447227,-0.5513232,-0.20452407,-0.81964844,-0.47721013,-0.47439587,0.1517362,0.08579429,0.22315606,0.20617218,0.4785754,-0.85156167,-0.30304414,-0.018055625,0.08151339,0.2811369,0.17805287,0.11324162,-0.23438004,-0.1643441,-0.023735832,0.8763372,0.5296834,-0.60552716,-0.2706994,-0.37203795,-1.0067585,-0.4652496,0.22797276,0.4528703,0.60931647,-0.1002544,-0.071369104,0.49869984,0.34753948,0.26329046,0.89339066,0.42467788,-0.20441858,-0.17424096,-0.14666796,0.13421288,0.039360628,-0.7447333,0.54017884,0.093269594,-0.30827662,-0.0786674,-0.1731396,-0.07362162,-0.60855633,0.3835832,-0.21865721,1.0501678,-0.761911,-0.23757981,-0.059913263,0.101439856,0.14746669,-0.32746363,-0.4616375,-0.0010060052,0.25296053,-0.24551855,-0.25121891,0.52968985,-0.38582626,0.30995598,0.44801605,0.4262071,0.097209886,-0.037498157,-0.10767109,0.7674433,-0.00792283,0.05112093,0.29670566,0.025057087,0.25876454,-0.08289531,0.8613331,0.24152507,0.38125923,-0.5887471,0.29393637,-0.48516935
-0.17570838,-0.08446337,0.2465051,-0.42481914,-0.7249968,-0.432175,0.013090302,0.85050595,-0.25552824,-0.66705346,-0.49673393,-0.68405324,-0.006427571,0.32785276,-0.09566549,-0.63102394,-0.31011555,-0.9724724,-0.75044215,-0.20030257,-0.13273849,0.07601877,0.107165255,0.33045873,0.1379502,-0.7319837,-0.04304062,-0.50417113,-0.103545174,0.21588673,0.6017988,-0.016074412,-0.05557365,-0.18246824,-0.22608018,0.83005923,0.21377102,-1.0371125,-0.3842268,-0.3896815,-0.9265619,-0.13773581,-0.0077422177,0.23147917,0.5361972,0.122178674,-0.49931172,0.5133517,0.20078608,0.082822904,0.6300936,0.46358463,-0.41695204,-0.31624788,-0.12701184,0.22397494,-0.006666839,-0.6871582,0.18596673,0.33414552,-0.37081188,-0.48922274,-0.4431746,-0.21729013,-1.2942528,0.32364008,0.02055782,0.63803315,-0.7320293,0.2337887,0.078743376,0.4771501,-0.30544508,-0.34056723,-0.26108605,-0.027450418,0.21838719,-0.26419833,-0.5415684,0.7812091,-0.5819077,0.2179346,0.7877274,0.55848104,-0.020079367,0.32694757,-0.46463048,0.4363593,0.4922781,-0.08967288,0.3310148,0.13884266,0.2511264,-0.29016763,0.39193636,0.21616682,0.05653562,-0.81228966,0.2301574,-0.4020217
-0.65435696,-0.018049782,0.28968513,-0.08340926,0.1776579,-0.4703408,0.30609977,0.6581685,-0.16983563,0.02942241,0.18744296,-0.63381517,-0.0706669,-0.38815677,0.32631359,0.018427,-0.31630093,-0.6186732,-0.42243013,-0.40569156,0.014516999,0.1128743,0.14775538,-0.5183191,-0.33304447,0.21698073,-0.024432093,-0.68777245,-0.5563494,-0.21351697,0.13998738,0.42819566,0.19321853,-0.27577102,-0.6226599,0.4269579,-0.09523885,-0.4582581,-0.61909544,-0.14039497,0.19794868,-0.3787172,-0.007694302,0.09429998,0.024819288,-0.25738814,-0.6572595,0.084676474,0.37979698,0.28744158,-0.28507864,-0.22923899,0.018828455,0.23106535,0.004939557,-0.017200658,0.16335058,-0.14219554,-0.3611453,0.38187322,-0.0920009,-0.4385335,-0.18062837,-0.76853645,-0.89762473,0.54807466,0.7882801,0.49357727,-0.5372145,0.39435136,-0.51935565,0.45062384,-0.018380143,-0.38265413,0.54285073,0.1058469,0.3339678,-0.11932116,-0.82083297,0.7978337,0.058902547,0.6851813,0.13160522,0.3527702,-0.3168523,0.035214942,-0.3753225,0.6802334,0.52552545,-0.2608838,0.5044425,0.524462,0.15397763,0.22391444,0.12618947,0.41106132,-0.20319213,-0.41661656,0.659516,-0.24047497
0.48560748,-0.122726135,0.15331742,-0.4242003,-0.5872645,-0.54072475,-0.20540269,0.7696166,0.19672218,-0.31236652,-0.30826595,-0.84273285,-0.29000342,0.58285296,-0.39634395,-0.5826891,-0.21771325,-0.61381567,-0.38167617,-0.62742186,0.11965925,0.17814165,0.08204934,0.14713423,0.40963584,-0.9077857,0.029759368,-0.11906767,-0.20117286,0.13070498,0.18155877,0.2441164,-0.09991363,-0.4247426,0.16729116,0.83776665,0.5112729,-0.65515345,-0.3663811,-0.3422214,-1.0199332,-0.13338384,0.3431201,0.17658539,0.7328027,-0.060563955,-0.06684178,0.5920209,0.47801998,0.392088,0.9262151,0.35129294,-0.42006984,-0.12300736,-0.23709959,0.38897553,-0.056467686,-0.24108732,0.61574477,0.18867959,-0.25440165,0.010596029,-0.14240815,0.13493676,-0.4216809,0.35253578,-0.19410309,1.2273448,-0.6281945,0.046368927,0.16309018,-0.027894363,0.12103445,-0.44824678,-0.2848138,-0.06513576,0.49550843,-0.31666127,-0.2214236,0.8485927,-0.65962315,0.26256305,0.41199818,0.26551425,-0.051970873,-0.17068844,-0.10802611,0.67687446,-0.02422784,0.114408426,0.19952977,-0.052563515,0.34570682,-0.017012494,0.62330234,-0.026507294,0.57014704,-0.61291546,0.079403736,-0.17009053
-0.17570838,-0.08446337,0.2465051,-0.42481914,-0.7249968,-0.432175,0.013090302,0.85050595,-0.25552824,-0.66705346,-0.49673393,-0.68405324,-0.006427571,0.32785276,-0.09566549,-0.63102394,-0.31011555,-0.9724724,-0.75044215,-0.20030257,-0.13273849,0.07601877,0.107165255,0.33045873,0.1379502,-0.7319837,-0.04304062,-0.50417113,-0.103545174,0.21588673,0.6017988,-0.016074412,-0.05557365,-0.18246824,-0.22608018,0.83005923,0.21377102,-1.0371125,-0.3842268,-0.3896815,-0.9265619,-0.13773581,-0.0077422177,0.23147917,0.5361972,0.122178674,-0.49931172,0.5133517,0.20078608,0.082822904,0.6300936,0.46358463,-0.41695204,-0.31624788,-0.12701184,0.22397494,-0.006666839,-0.6871582,0.18596673,0.33414552,-0.37081188,-0.48922274,-0.4431746,-0.21729013,-1.2942528,0.32364008,0.02055782,0.63803315,-0.7320293,0.2337887,0.078743376,0.4771501,-0.30544508,-0.34056723,-0.26108605,-0.027450418,0.21838719,-0.26419833,-0.5415684,0.7812091,-0.5819077,0.2179346,0.7877274,0.55848104,-0.020079367,0.32694757,-0.46463048,0.4363593,0.4922781,-0.08967288,0.3310148,0.13884266,0.2511264,-0.29016763,0.39193636,0.21616682,0.05653562,-0.81228966,0.2301574,-0.4020217
-0.50283754,0.116981484,0.29119202,-0.17530635,0.18880938,-0.55883986,0.31260312,1.0476171,0.012168681,-0.11933696,0.46350306,-0.81859094,-0.066971585,-0.20546328,0.29043552,-0.081579104,-0.83333015,-0.4116829,-0.12932818,-0.22526407,0.032318056,0.38292778,0.23579794,-0.5650969,-0.5706109,0.08540675,0.098869376,-0.5585399,-0.391912,-0.30629358,0.2821973,0.3306999,0.23965664,0.19750045,-0.7508238,0.6355776,-0.06547857,-0.32816082,-0.69972205,-0.27898875,0.59254247,-0.5560319,0.15300457,-0.022060454,0.11895306,-0.31708986,-0.32216436,0.44948235,0.56400514,0.34611353,0.289806,-0.26189733,0.20148072,0.5886144,-0.251995,0.046306655,0.7172333,-0.41596898,-0.29377505,-0.13911317,-0.2131609,0.09773176,-0.081164025,-0.92038256,-0.8628252,0.68376786,0.4004009,0.54381186,-0.5050957,0.28496888,-0.36608344,0.1680821,0.3516804,-0.011588842,0.3978226,0.3709543,0.099608175,-0.29823795,-0.9235241,0.8295489,0.11806514,0.5936461,0.2302359,0.19605559,-0.40818736,-0.06220636,-0.6326476,0.68588585,0.4335557,-0.49573147,0.38775766,0.720346,0.043538287,0.16254398,0.22218047,0.6372663,-0.21984555,-0.55919194,0.5992375,-0.08731577
0.31631675,-0.013496387,0.21923013,-0.24668798,-0.45578226,-0.5460526,-0.24717566,0.9941093,-0.012826697,-0.45552647,-0.39224628,-0.8704018,0.023908554,0.47359684,-0.20447227,-0.5513232,-0.20452407,-0.81964844,-0.47721013,-0.47439587,0.1517362,0.08579429,0.22315606,0.20617218,0.4785754,-0.85156167,-0.30304414,-0.018055625,0.08151339,0.2811369,0.17805287,0.11324162,-0.23438004,-0.1643441,-0.023735832,0.8763372,0.5296834,-0.60552716,-0.2706994,-0.37203795,-1.0067585,-0.4652496,0.22797276,0.4528703,0.60931647,-0.1002544,-0.071369104,0.49869984,0.34753948,0.26329046,0.89339066,0.42467788,-0.20441858,-0.17424096,-0.14666796,0.13421288,0.039360628,-0.7447333,0.54017884,0.093269594,-0.30827662,-0.0786674,-0.1731396,-0.07362162,-0.60855633,0.3835832,-0.21865721,1.0501678,-0.761911,-0.23757981,-0.059913263,0.101439856,0.14746669,-0.32746363,-0.4616375,-0.0010060052,0.25296053,-0.24551855,-0.25121891,0.52968985,-0.38582626,0.30995598,0.44801605,0.4262071,0.097209886,-0.037498157,-0.10767109,0.7674433,-0.00792283,0.05112093,0.29670566,0.025057087,0.25876454,-0.08289531,0.8613331,0.24152507,0.38125923,-0.5887471,0.29393637,-0.48516935
-0.14490658,-0.3591962,-0.027562391,-0.7384515,-0.8755246,-0.4160303,-0.0032869354,0.70987785,-0.26131555,-0.78711474,-0.26783347,-0.5265885,-0.03321302,0.3114106,-0.29883972,-0.7982192,-0.024449145,-1.0435017,-0.50508714,-0.47920832,-0.10493506,-0.116592765,0.18274264,0.4670836,-0.021451175,-0.7364784,0.19406225,-0.6861098,-0.1680298,0.20176241,1.0196207,-0.2059168,-0.06418117,-0.0967589,0.018941872,0.7206988,-0.004448021,-1.3261073,-0.4061871,-0.62218845,-0.9552292,-0.2380907,-0.19026041,-0.01840975,0.5112238,0.28050807,-0.62504226,0.2839776,0.10478977,-0.038350962,0.5029288,0.64862734,-0.6977026,-0.5691017,-0.33703208,0.35492697,-0.29160273,-0.20567113,-0.055093333,0.56372964,-0.2904494,-0.58136314,-0.5397225,-0.06395705,-1.2292849,0.22944294,0.17866032,0.24930528,-0.80317146,0.5637821,0.08130081,0.5400981,-0.5539604,-0.5225993,-0.08994611,0.026322648,0.19208997,-0.22284727,-0.5761351,0.9472513,-0.9382298,-0.039060395,0.57109344,0.84784687,-0.15596077,0.33596477,-0.5898035,0.1982996,0.5952908,-0.07891341,0.3931047,0.0113099255,0.11679053,-0.29012334,0.1997424,-0.020591334,0.09488147,-1.0605485,-0.0361494,-0.22775465
-0.25234383,0.4752221,0.4253603,-0.23543441,0.33203095,-0.36174464,0.3301229,1.0867828,-0.21807106,-0.32409176,-0.066490114,-1.1220466,0.105079874,-0.11883656,0.25620487,-0.13852306,-0.83614933,-0.6429266,-0.44842228,-0.24764073,0.1383455,0.32171562,0.15720604,-0.5810127,-0.13880756,-0.01702404,-0.020199304,-0.67505634,-0.63068163,-0.29491606,-0.16378951,0.47560778,0.09611207,-0.26890436,-0.84017944,0.97542036,-0.22666216,-0.49274653,-0.7978072,-0.08891739,0.33773145,-0.18592189,0.20819695,-0.0040796236,0.01106337,-0.2732895,-0.5222038,0.42392063,0.5114383,0.54259163,0.16310799,-0.29594207,0.017593335,0.4156479,0.0049650595,-0.2557618,0.5985157,-0.37143916,-0.30490783,0.09172629,-0.11361208,-0.2650587,-0.17786054,-0.6063294,-1.025624,0.68040717,0.83254707,0.65636015,-0.56099594,0.16314766,-0.34191003,0.40576372,0.12041271,-0.29467982,0.27397388,-0.039688356,0.118678965,-0.10901438,-0.70263165,0.9333666,-0.07271868,0.70769304,0.27540985,0.25531495,-0.40696126,0.26745638,0.03772404,0.8938335,0.79031175,-0.40934318,0.51833373,0.69154495,0.078236505,0.28280467,-0.0024772107,0.4196135,-0.441567,-0.677295,0.75250393,-0.38172153
0.51210487,-0.42216724,-0.032928154,-0.42028192,-0.18112239,-0.71099013,-0.10977064,1.0530654,0.5231264,-0.035688523,-0.06990472,-0.6318313,-0.14880572,0.7884559,-0.432522,-0.64742196,0.05591063,-0.5979486,-0.3428579,-1.1047205,0.23201008,0.038881976,0.082264125,0.01737827,0.84412,-0.83934176,-0.20234993,0.15957595,-0.018015612,0.23647839,0.22406396,0.15093325,-0.268021,-0.7288375,0.33446085,0.77168274,0.5359068,-0.38483405,0.013572156,-0.28219885,-1.0772219,-0.81259584,0.23779507,0.26402283,0.9200034,-0.22232473,0.37756553,0.26090458,0.49971154,0.46748766,0.809049,0.21124502,-0.35441425,-0.2720251,-0.23144148,0.29239276,-0.31490827,-0.14420551,0.747408,0.38690197,-0.012044099,0.0014843345,0.15462509,0.32708457,-0.08793605,0.32838428,0.022642743,1.3164283,-0.60331255,-0.26921174,-0.36119702,-0.16249682,0.13970256,-0.69824743,-0.1367471,-0.009803765,0.47950166,-0.10477646,0.042510767,0.83315814,-0.4019606,0.3510324,-0.020962326,0.30658603,0.23737605,-0.21515597,0.23841578,0.8485697,-0.111354254,0.18190253,0.060897987,-0.25455573,0.43598512,0.10420684,0.9809925,-0.1770636,0.6599151,-0.38465783,0.350047,-0.20849882
-0.19668028,0.021620113,0.28699023,-0.56673527,-0.825638,-0.21505408,0.21526735,0.5693979,-0.4558761,-0.74715203,-0.43438277,-0.5616823,-0.19785193,-0.033675063,-0.016147148,-0.33431253,-0.31701872,-0.99188346,-0.55003273,-0.12401799,-0.4203915,0.051241655,0.12865517,0.2514114,-0.079104915,-0.6379668,0.2215034,-0.8506721,-0.4035438,0.031215345,0.4986589,-0.12022345,0.14970927,-0.00020242036,-0.23406723,0.7094306,0.0834929,-1.2950337,-0.56433904,-0.42861456,-0.9417036,0.20531876,-0.16802694,-0.08037759,0.18305375,0.28004763,-0.98434335,0.45800892,-0.06953557,0.18273725,0.3529016,0.36331874,-0.6312607,-0.5439249,-0.2173433,0.41624293,-0.16068727,-0.38452074,-0.19604135,0.59151715,-0.15184367,-0.80353147,-0.6734921,-0.14524388,-1.4848201,0.23193924,0.0008668847,0.04561365,-0.71952283,0.686326,0.14565834,0.74227184,-0.2879683,-0.61149764,-0.1945159,-0.22718251,0.33547992,-0.39394897,-0.6741661,0.8078743,-0.66182774,-0.003923615,0.43098584,0.771253,-0.2931872,0.35305417,-0.5598501,0.4374222,0.57687664,-0.110293545,0.48343453,0.40972528,0.13100779,-0.064796925,0.10959896,0.14806023,-0.16001867,-0.96267337,0.11600622,-0.36614448
-0.61244315,0.25202245,0.5157834,-0.17008866,0.57926476,-0.6345546,0.47590324,0.8654237,-0.045835346,0.06038305,0.04724227,-0.6397427,-0.052177068,-0.09007358,0.05432074,-0.17401023,-0.86999923,-0.16241695,-0.17783593,-0.53862894,0.24521631,0.8359898,-0.11847337,-0.8649855,-0.3377067,0.4292422,0.24176343,-0.60929364,-1.1205105,-0.3342098,-0.05410239,0.76508045,0.13967444,-0.5311874,-0.7812978,0.73776686,-0.56239647,-0.10424722,-0.5737624,-0.27174783,0.63700736,0.0005875896,0.23482174,-0.15739356,0.38801828,-0.5573268,-0.49469495,0.27144834,0.8906484,0.5202415,0.28554845,-0.7888661,0.40358415,0.42503095,0.076745845,0.13363597,0.39120507,0.25827342,-0.45476505,-0.007150152,-0.12865439,0.087050036,0.32097647,-0.56880254,-0.75909346,0.416363,0.9471413,1.0134535,-0.10337406,0.1876011,-0.4001757,0.008840244,0.3110743,-0.13286205,0.6545158,0.3218291,0.19563328,-0.30182073,-0.90438104,0.96978366,0.13904107,0.96257895,0.1403369,-0.22608668,-0.34619185,-0.019515457,0.17111099,0.77614146,0.8313301,-0.541985,0.49475932,0.7755904,0.42457318,0.36893964,-0.05752494,0.38279745,-0.09823403,-0.42056063,0.8356592,-0.07162682
0.50196266,-0.40142056,-0.073224835,-0.43000323,-0.21447061,-0.71413296,-0.12368055,1.1066282,0.53012896,-0.0031474864,0.056298587,-0.7347299,-0.11539247,0.8434572,-0.4726218,-0.65222025,0.07775012,-0.54357064,-0.37686825,-1.131617,0.28577647,-0.008073107,0.13975485,-0.003438985,0.728004,-0.9306904,-0.2257593,0.11842032,-0.07730975,0.22277083,0.23303115,0.30316067,-0.25398415,-0.66634923,0.30715886,0.7188571,0.65185434,-0.5378027,-0.08403572,-0.26131818,-1.1039547,-0.78812146,0.2774783,0.18636283,0.8808358,-0.14546585,0.3303988,0.29808068,0.58630687,0.37845555,0.9135266,0.22762623,-0.45428318,-0.20210585,-0.26783383,0.31671548,-0.29090008,-0.23532178,0.74627817,0.4178519,-0.08290806,0.0019311765,0.031276718,0.34634683,-0.15534945,0.40544033,0.10136912,1.3350089,-0.62265587,-0.30923548,-0.4435618,-0.28144214,0.03219261,-0.7483825,-0.22479056,-0.07225769,0.51834166,-0.15498182,0.008887803,0.9271935,-0.40384936,0.36103868,0.12558243,0.36573,0.20932938,-0.22542731,0.11419355,0.81184417,-0.13145374,0.20292675,0.11303827,-0.27005666,0.379796,0.05097761,0.9343179,-0.2581363,0.62609774,-0.4168052,0.3522091,-0.18768136
-0.1861964,-0.0877718,0.26715037,-0.31656417,-0.71160173,-0.3905136,0.12704878,0.78531975,-0.20208748,-0.64330846,-0.54984987,-0.49567127,-0.06590708,0.30883804,-0.081479564,-0.564128,-0.2812016,-0.9397609,-0.8378672,-0.12692499,-0.18664052,0.08412902,0.09421811,0.30033123,0.26812753,-0.6953711,-0.03268613,-0.40607208,-0.09107027,0.2982662,0.51202667,-0.06779394,-0.026500862,-0.3463723,-0.17164728,0.8823958,0.223199,-1.0090852,-0.25112125,-0.4085486,-0.9383636,-0.084479526,0.011712029,0.17766675,0.65144616,0.049593184,-0.3952341,0.45606658,0.09543081,0.17413488,0.5731726,0.32607973,-0.38626507,-0.39490148,-0.09096762,0.28038314,-0.041912388,-0.67425734,0.23838708,0.32609466,-0.34669474,-0.47794494,-0.4561384,-0.19125752,-1.2876343,0.27197903,-0.012278023,0.6298759,-0.6672155,0.17841762,0.060254224,0.46972466,-0.3136417,-0.28489488,-0.23953474,-0.084913276,0.2117353,-0.17367652,-0.40829283,0.7805144,-0.51675427,0.20215155,0.72578454,0.5429418,0.046738423,0.4672606,-0.33316997,0.48573744,0.5002284,-0.037827738,0.20189528,0.04003043,0.20107518,-0.38983142,0.49455005,0.24382198,-0.035820566,-0.7542112,0.22743492,-0.5160906
-0.64494294,0.16126065,0.29756695,-0.12737355,0.30987087,-0.5763853,0.31454617,1.0922487,-0.1545354,-0.15560474,0.32092845,-0.84733725,-0.03735311,-0.22863662,0.37000504,-0.0922828,-0.8944251,-0.60535526,-0.24651334,-0.2765967,0.11339963,0.4078357,0.23272167,-0.5946504,-0.50701606,0.20047805,0.020301685,-0.59919006,-0.41417626,-0.2863883,0.29104507,0.3402524,0.21630451,0.03745394,-0.8310366,0.7111407,-0.13577431,-0.2613685,-0.6269774,-0.34509435,0.5815901,-0.5165644,0.07278226,0.110102974,0.14047466,-0.37210467,-0.34834504,0.42908737,0.6062932,0.3659015,0.15745361,-0.24958475,0.32548565,0.5267013,-0.11468261,-0.110709794,0.69046855,-0.39362043,-0.38013527,-0.008351079,-0.17598487,0.035595663,-0.024853295,-0.9956825,-0.9344161,0.5946218,0.6357495,0.64073586,-0.5608808,0.29785553,-0.38608545,0.17852552,0.28628966,0.026867682,0.4973517,0.28680632,0.071187645,-0.20602737,-0.89390993,0.76993406,0.15323773,0.67349327,0.15111707,0.21721038,-0.33439738,0.018863883,-0.383216,0.83943546,0.6440204,-0.49778533,0.49784064,0.79133385,0.14851224,0.25607583,0.21640855,0.7569258,-0.23484239,-0.6001827,0.7607236,-0.21808511
0.81297237,-0.2239988,-0.11108899,-0.51990414,-0.3445751,-0.69447684,-0.17364828,1.2584233,0.48370636,-0.3541242,-0.31649005,-0.7858534,-0.1474231,0.7794375,-0.5819403,-0.6229499,0.31778947,-0.5866,-0.17755815,-1.0689514,0.31017935,0.13588487,0.049303945,0.042843364,0.7221647,-1.0251123,-0.3091241,0.1757244,-0.10390961,0.24631022,0.27007934,0.3453285,-0.5889702,-0.40810063,0.24456547,0.8185615,0.53106564,-0.72110647,-0.26486352,-0.16568825,-1.085399,-0.5183417,0.58194125,0.047698006,0.8796199,-0.10328892,0.031465784,0.2689679,0.42083314,0.31949472,1.0902346,0.34129062,-0.41186607,-0.36414713,-0.27130014,0.19879675,-0.24876224,-0.25204244,0.7357995,0.2703907,0.023729397,-0.0758576,-0.013593484,0.44628996,-0.10945347,0.47065023,-0.062481035,1.1391671,-0.570534,-0.2879055,-0.14847359,-0.25506383,0.13587977,-0.7076556,-0.5385972,-0.114194356,0.4939489,-0.27659598,-0.1733813,0.6459541,-0.52689135,0.3564408,0.04777648,0.69885486,0.1097143,-0.06339182,0.35782877,0.7130104,-0.059035398,0.040165816,0.28057712,-0.26138756,0.35065416,0.06830619,1.0675464,-0.3014229,0.60439545,-0.6732148,0.17966376,-0.20441292
-0.1861964,-0.0877718,0.26715037,-0.31656417,-0.71160173,-0.3905136,0.12704878,0.78531975,-0.20208748,-0.64330846,-0.54984987,-0.49567127,-0.06590708,0.30883804,-0.081479564,-0.564128,-0.2812016,-0.9397609,-0.8378672,-0.12692499,-0.18664052,0.08412902,0.09421811,0.30033123,0.26812753,-0.6953711,-0.03268613,-0.40607208,-0.09107027,0.2982662,0.51202667,-0.06779394,-0.026500862,-0.3463723,-0.17164728,0.8823958,0.223199,-1.0090852,-0.25112125,-0.4085486,-0.9383636,-0.084479526,0.011712029,0.17766675,0.65144616,0.049593184,-0.3952341,0.45606658,0.09543081,0.17413488,0.5731726,0.32607973,-0.38626507,-0.39490148,-0.09096762,0.28038314,-0.041912388,-0.67425734,0.23838708,0.32609466,-0.34669474,-0.47794494,-0.4561384,-0.19125752,-1.2876343,0.27197903,-0.012278023,0.6298759,-0.6672155,0.17841762,0.060254224,0.46972466,-0.3136417,-0.28489488,-0.23953474,-0.084913276,0.2117353,-0.17367652,-0.40829283,0.7805144,-0.51675427,0.20215155,0.72578454,0.5429418,0.046738423,0.4672606,-0.33316997,0.48573744,0.5002284,-0.037827738,0.20189528,0.04003043,0.20107518,-0.38983142,0.49455005,0.24382198,-0.035820566,-0.7542112,0.22743492,-0.5160906
-0.44056427,0.19286114,0.4958688,-0.22630018,0.41633442,-0.60987866,0.4645641,0.8234753,0.15187517,0.09271101,0.23670489,-0.6161413,-0.08755387,-0.06944853,-0.0253929,-0.15638757,-0.7966847,0.049686007,-0.038425043,-0.46133173,0.1387935,0.78176045,-0.09520261,-0.8138461,-0.42483974,0.2758904,0.32548714,-0.5590488,-1.0540577,-0.35588175,-0.045741476,0.72980374,0.17247316,-0.3039838,-0.6860231,0.64393276,-0.45277822,-0.19461127,-0.66562897,-0.19502684,0.6473148,-0.07638107,0.32386902,-0.3040657,0.3479617,-0.47979635,-0.45456585,0.30513322,0.8231654,0.48748174,0.4401961,-0.77395475,0.2476837,0.5063508,-0.101715274,0.31197014,0.44054335,0.19474223,-0.34506744,-0.16703719,-0.17672125,0.16013557,0.23293948,-0.50048476,-0.6813337,0.5352226,0.6421935,0.8742843,-0.060609333,0.17797598,-0.37494597,0.0055030384,0.3896194,-0.17099059,0.5241379,0.42273095,0.22345585,-0.40920064,-0.9399945,1.0315433,0.09684107,0.84892774,0.23763657,-0.22731492,-0.4357244,-0.11646913,-0.1645458,0.59198606,0.56368953,-0.53701913,0.36038458,0.68970203,0.28093493,0.2483528,-0.03525184,0.25733182,-0.08749391,-0.38043988,0.63412416,0.08006578
0.78272367,-0.25330946,-0.13764045,-0.5403513,-0.37141737,-0.6841721,-0.17183267,1.3421191,0.44113448,-0.30621544,-0.19975622,-0.8704454,-0.081444934,0.9315331,-0.6938873,-0.6998486,0.33182684,-0.49370316,-0.24756667,-1.0562518,0.37155122,0.057951868,0.097137846,0.017163066,0.6028899,-1.1766145,-0.30385572,0.14196815,-0.13619067,0.25232986,0.32751527,0.52247006,-0.5991183,-0.33170816,0.28698224,0.73630595,0.6841417,-0.87324685,-0.3457832,-0.16777144,-1.1081986,-0.5599722,0.616818,-0.02266114,0.9043351,-0.03319385,0.0545609,0.31899247,0.52968556,0.13746306,1.2575567,0.34798005,-0.50748885,-0.29345372,-0.3145431,0.25796998,-0.25164044,-0.3853766,0.7764432,0.2468599,-0.0063967565,-0.04712479,-0.120669656,0.47723767,-0.1451553,0.5534094,0.028098773,1.1555305,-0.6478615,-0.35409448,-0.25204566,-0.45898765,0.0052046734,-0.751708,-0.628888,-0.17965485,0.5098761,-0.32164225,-0.15254162,0.71417606,-0.56034636,0.3130606,0.15862325,0.8090992,0.141907,-0.114597134,0.24942197,0.6506798,-0.08624253,0.120348565,0.343135,-0.3008385,0.30223325,-0.017237823,1.0724823,-0.42038596,0.58214307,-0.70022,0.21167262,-0.2159489
-0.3276022,-0.20459063,-0.09824333,-0.864156,-0.8180385,-0.54087096,-0.059808858,0.8638916,0.03084517,-0.6116334,0.4490226,-0.44524905,0.09842234,-0.48866692,0.10848707,-0.2476003,-0.117997825,-0.8816962,0.0012282031,-0.72159797,-0.13048851,0.18250938,0.21370202,0.17578958,-0.8029016,-0.59677064,-0.004741617,-0.6584671,-0.18811561,-0.1039781,0.7387515,-0.050867595,0.2561685,0.5610079,-0.33173504,0.4708674,-0.012105789,-1.1075764,-0.54768676,-0.5585929,-0.52546215,-0.43882546,-0.25849494,-0.05317744,0.27889767,0.2788107,-0.75815076,0.41039833,0.14209712,0.1390748,0.48979846,0.47659177,-0.53439105,-0.25967702,-0.34974763,0.27495387,-0.025237504,-0.3080051,-0.48638988,0.4149969,-0.549391,-0.27483913,-0.6171384,-0.5535281,-1.12275,0.477366,0.02413316,-0.15633199,-0.57281286,0.39499027,-0.2018244,0.36700338,-0.16789697,-0.5004082,-0.0732535,0.30563325,0.015325588,-0.59322786,-1.1016793,0.84742975,-0.29424247,0.20092404,0.40842065,0.9200978,-0.2804736,0.10078752,-1.2553929,0.19945382,0.11461332,-0.5237201,0.41821924,0.41279197,0.13726684,-0.044998046,0.06718557,0.12177306,0.097250074,-1.191507,0.083701916,-0.23111846
-0.16498113,0.39772123,0.3030153,-0.04994423,0.05100574,-0.42651397,0.23250489,0.76097536,0.16729432,-0.22090787,0.3643211,-0.7436041,-0.20221573,-0.19726762,0.16104001,0.04937621,-0.57802826,-0.20424098,-0.18898006,-0.17433614,-0.07496241,0.22221419,0.11602034,-0.39616725,-0.31517065,-0.19985871,0.048630524,-0.38812065,-0.34220165,-0.12526786,-0.19006509,0.3525868,0.35409376,-0.033458717,-0.6075803,0.68183964,0.31018513,-0.432491,-0.588876,-0.24725947,0.28356826,0.02822145,0.30351248,-0.29222894,0.2086274,-0.21096423,-0.28096822,0.47186926,0.37583452,0.57836163,0.46134967,-0.33557895,-0.13528395,0.51941603,-0.33615017,0.24966371,0.6646606,-0.3940247,-0.070840724,-0.15862003,-0.3152801,0.10448614,-0.29761267,-0.41166526,-0.69749963,0.63125384,0.081143886,0.63384956,-0.36863786,0.15582475,-0.20397773,0.13318698,0.28391474,-0.09804632,0.14317088,0.073028415,0.10351315,-0.25405478,-0.63669354,0.8690117,0.0018199384,0.42591268,0.29211867,0.12751327,-0.4390616,0.026387244,-0.45744705,0.62814575,0.13334593,-0.15711509,0.14334212,0.36227068,-0.21766554,-0.13896877,0.322711,0.41409144,-0.18511483,-0.47375023,0.27936003,-0.19670106
0.59305537,-0.20522816,0.18659188,-0.42015937,-0.44643688,-0.499108,-0.097670965,0.77852756,0.26760495,-0.26460475,-0.36237824,-0.78991216,-0.35680747,0.6865305,-0.4104032,-0.5752423,-0.24668632,-0.5126921,-0.32505772,-0.61771,0.08246406,0.1786561,-0.021938555,0.08802177,0.6138628,-0.898172,0.07888979,-0.12664737,-0.19722445,0.04587005,0.11871203,0.20740023,-0.12139834,-0.5667213,0.2203903,0.85374147,0.46860898,-0.5115899,-0.35186416,-0.25354365,-0.9386709,-0.2148811,0.3632491,0.1827494,0.69767237,-0.11683238,0.034036513,0.56283337,0.4155606,0.46280938,0.89584404,0.25291657,-0.42833364,-0.10482517,-0.25728616,0.41073436,-0.08471203,-0.15344,0.67921925,0.17128116,-0.074778594,-0.036374625,-0.016217414,0.2232895,-0.31253022,0.3445742,-0.18467382,1.2146667,-0.6000806,0.046693772,0.17558919,0.052150216,0.23350048,-0.5483007,-0.20713758,-0.04533953,0.5354382,-0.28516924,-0.16992159,0.85504234,-0.6665747,0.2433019,0.24742816,0.1616109,-0.030336836,-0.20628303,0.065409325,0.7187311,-0.009111148,0.13814345,0.14341137,-0.026036683,0.4056538,0.11800784,0.6347944,-0.11868219,0.55240285,-0.43968222,0.124791384,-0.09522459
-0.31077185,0.06833361,0.3415975,-0.37666312,-0.8684552,-0.46417132,0.13368475,0.779173,-0.34985375,-0.6746316,-0.58025855,-0.52818185,-0.05058637,0.016388427,0.0080094775,-0.5554198,-0.20797682,-1.056028,-0.81860155,-0.107878044,-0.353802,0.15616763,-0.007555218,0.26621586,0.052444965,-0.60988504,-0.060905293,-0.6097563,-0.20649919,0.20937239,0.5670112,-0.06189232,0.0802181,-0.049707342,-0.34475794,0.71464914,0.1536302,-1.0677433,-0.37023732,-0.3173865,-0.9738831,-0.038734682,-0.055257987,0.19858003,0.44262183,0.11664475,-0.7670488,0.41674832,0.04790559,0.07943788,0.45639586,0.34601992,-0.4368352,-0.47163963,-0.07458848,0.29538083,-0.0631948,-0.71440923,0.03763175,0.4260935,-0.29687172,-0.70284647,-0.56881016,-0.32027197,-1.493259,0.3555257,-0.053997386,0.44607434,-0.7176723,0.3703085,0.073333375,0.6806585,-0.24964362,-0.42160136,-0.17711926,-0.040863413,0.24410856,-0.35499924,-0.69777644,0.7247479,-0.49927375,0.21240342,0.6236002,0.73184943,-0.055392716,0.34935346,-0.58214134,0.49660975,0.5526678,-0.13146946,0.41724142,0.27285534,0.2200654,-0.3061496,0.4841145,0.27883807,-0.015467671,-0.8421594,0.35971949,-0.5850475
-0.48158553,0.12074375,0.27002925,-0.19734691,0.18375276,-0.53202575,0.30814224,1.0346289,-0.018232265,-0.13168979,0.43620625,-0.8252819,-0.05825222,-0.16418906,0.25322446,-0.11751069,-0.8189971,-0.4068807,-0.1249755,-0.22915347,0.035664573,0.35616866,0.23595774,-0.54700214,-0.575267,0.06667192,0.107934125,-0.5599908,-0.38381785,-0.29136792,0.32358098,0.32888314,0.2281368,0.19454537,-0.71517813,0.6119904,-0.07158721,-0.33887514,-0.6762622,-0.29581508,0.57660955,-0.5340491,0.13823667,-0.03407086,0.12970755,-0.29306027,-0.30419943,0.43421268,0.55990404,0.3082047,0.2989768,-0.23572132,0.198629,0.5668978,-0.24792986,0.049609646,0.69341254,-0.38343737,-0.29910254,-0.116402656,-0.18079291,0.098484166,-0.07805788,-0.87538254,-0.8353012,0.6435062,0.40707135,0.53120846,-0.51133907,0.31482503,-0.3431681,0.13729657,0.3374348,-0.0019294062,0.38600445,0.3393739,0.09826135,-0.28372088,-0.8770256,0.78756505,0.07409845,0.54852974,0.19970916,0.21327761,-0.39644995,-0.07102058,-0.5935063,0.64925516,0.45753345,-0.46367186,0.4107066,0.6943827,0.042592835,0.16317073,0.21629716,0.6125761,-0.20467223,-0.5769379,0.5750788,-0.07194895
0.49935386,-0.30806914,-0.04344241,-0.38836315,-0.16511841,-0.6626982,-0.08784959,1.01752,0.48083216,-0.09450367,-0.07822218,-0.6647401,-0.16483463,0.6962555,-0.38524768,-0.5703563,0.057456404,-0.56519794,-0.28615564,-1.0487467,0.2255825,0.060309045,0.09548336,-0.0021004684,0.74222034,-0.7772351,-0.21435931,0.11194888,-0.06791101,0.20500426,0.20455202,0.18450098,-0.24142471,-0.66704863,0.22624171,0.74042434,0.47801676,-0.445169,-0.043464277,-0.26655954,-0.96650356,-0.6445183,0.25387818,0.16674845,0.80747014,-0.17902513,0.26204926,0.25079083,0.455203,0.47092128,0.76848394,0.18810745,-0.35622752,-0.23909333,-0.22307073,0.25074145,-0.23358642,-0.12392328,0.64067537,0.39200127,-0.019565195,-0.01730668,0.075759225,0.32361516,-0.14643538,0.31793565,0.04671748,1.217774,-0.5417383,-0.19004242,-0.3027811,-0.13453038,0.12692092,-0.64972353,-0.17261796,-0.04237063,0.4511255,-0.12054322,-0.02834844,0.78572786,-0.3818105,0.34200707,0.013491201,0.31836852,0.15511118,-0.13791369,0.23804143,0.78889424,-0.047062736,0.14096524,0.106195726,-0.21059576,0.36327133,0.1042384,0.8748844,-0.14938362,0.56133944,-0.42153746,0.30099905,-0.17756714
-0.26631555,-0.098073386,0.02783941,-0.35359538,-0.27271548,-0.19857883,0.43829784,0.86777204,-0.025531001,-0.7609851,-0.061929062,-0.27506176,-0.034788698,0.18727934,-0.14480144,-0.33209062,-0.23017234,-0.7121856,-0.57845634,-0.23138689,-0.0022434748,0.16867743,0.30799344,0.119473755,-0.03987727,-0.59728765,0.095423125,-0.21044903,-0.13046916,0.36362633,0.49431705,-0.070354365,-0.045219652,-0.45185873,-0.24124604,0.9108102,0.11321897,-1.1183406,-0.03756017,-0.6519386,-0.4360457,0.029083645,-0.028486894,-0.44007322,0.81757146,-0.048287142,0.063712075,0.39732894,0.060454544,0.2732078,0.6215508,-0.077481724,-0.2966314,-0.34285513,-0.1358434,0.14547706,0.09196909,-0.43823162,0.0054604067,0.21013427,-0.29936317,-0.063630246,-0.5856924,-0.07723029,-1.1498016,0.15427057,0.29938594,0.32959136,-0.4262071,0.13022298,-0.13959666,-0.11626443,-0.45228902,-0.00035609462,-0.3239723,-0.17093892,-0.21558066,0.060295355,-0.22420356,0.6959356,-0.19477794,0.022377217,0.46583372,0.7352772,0.1307267,0.8655708,-0.0030029793,0.2511432,0.5072584,-0.06829482,0.022897873,-0.11869689,-0.057146814,-0.5038207,0.4132758,0.10467937,-0.37869823,-0.9857895,0.08642291,-0.5864303
-0.22625072,0.47697538,0.416011,-0.24080315,0.33525446,-0.33540902,0.32613003,1.0768641,-0.23200253,-0.3285564,-0.08250026,-1.1231468,0.10893241,-0.065497704,0.208704,-0.17940012,-0.82496154,-0.6058959,-0.4310756,-0.24777596,0.14112194,0.29376623,0.15608929,-0.55944717,-0.13955978,-0.040550232,-0.0074902433,-0.66522235,-0.61617595,-0.27151036,-0.12650697,0.4775721,0.08962647,-0.27523777,-0.80731857,0.95101464,-0.22442791,-0.4946701,-0.7717532,-0.110777006,0.33679408,-0.16713026,0.19591525,-0.029379781,0.03201413,-0.25785875,-0.48467582,0.40978542,0.5116088,0.51266396,0.19088446,-0.28577814,0.009986129,0.41249543,-0.006743617,-0.23764499,0.58595955,-0.3458615,-0.30586624,0.09501905,-0.08620279,-0.24402292,-0.17415603,-0.55690014,-0.9901419,0.63768834,0.8171241,0.64772403,-0.57234126,0.19271351,-0.32138675,0.3695804,0.11695973,-0.2803117,0.25938025,-0.05600101,0.11053947,-0.093635045,-0.6591589,0.88987267,-0.110150255,0.6473126,0.24622059,0.25942037,-0.39722914,0.25307953,0.067082755,0.8514109,0.8036995,-0.3629272,0.5316091,0.6612142,0.06362122,0.27514237,-0.0051762885,0.3883732,-0.42976707,-0.68388206,0.7164138,-0.36133718
0.36144844,-0.047948048,0.19288196,-0.2847989,-0.30775806,-0.4643975,-0.11158779,1.0737367,0.003808403,-0.36034667,-0.2783182,-0.94379085,0.02377732,0.66457075,-0.29131496,-0.59841067,-0.24557243,-0.6031817,-0.4499453,-0.47919273,0.16548727,0.030668665,0.19245094,0.101034895,0.44833717,-0.9281314,-0.24847612,-0.11780528,0.005196186,0.17056502,0.20286287,0.26233062,-0.20473804,-0.20503691,-0.015210239,0.7697145,0.5746675,-0.62266165,-0.33980832,-0.29367402,-0.85973513,-0.5062617,0.23713726,0.31996405,0.5303244,-0.040527504,0.01476851,0.51485586,0.39852583,0.15817118,0.9652104,0.32196084,-0.31374404,-0.04490917,-0.209213,0.18141653,0.06527405,-0.7182012,0.53355104,0.11575733,-0.15948722,-0.09624668,-0.19322586,0.04111605,-0.5761952,0.42003202,-0.07139316,1.0072246,-0.7748315,-0.20489076,-0.1583767,-0.022058686,0.1238023,-0.44606963,-0.4523067,-0.07068524,0.2863814,-0.24635974,-0.21315746,0.58379805,-0.41048187,0.22946125,0.38769633,0.41950673,0.101506636,-0.09472208,-0.060950518,0.70521086,0.05204385,0.11996672,0.3455545,0.05725587,0.23205976,0.0020870965,0.77241015,0.03025333,0.30655274,-0.49205753,0.3517065,-0.37078252
-0.3119242,-0.1841854,-0.10310875,-0.8550602,-0.7735113,-0.5109332,-0.04631827,0.8581414,-0.005049719,-0.6012243,0.41835532,-0.47161055,0.100179926,-0.42704138,0.07479176,-0.28062057,-0.13728143,-0.85267293,-0.00029404537,-0.70125407,-0.118499674,0.16175736,0.21499057,0.15955426,-0.79664165,-0.5842068,0.010863425,-0.6551392,-0.18899712,-0.09692936,0.76351494,-0.033878468,0.24209511,0.5394342,-0.3116969,0.45197767,-0.021799373,-1.080927,-0.5283097,-0.563963,-0.48788482,-0.4194056,-0.25490302,-0.06543356,0.2832681,0.27664965,-0.7156918,0.3947924,0.15847631,0.10583158,0.49034518,0.46976972,-0.50087696,-0.2422365,-0.34018508,0.26731998,-0.015507882,-0.27599195,-0.48288575,0.41340846,-0.49535626,-0.2553453,-0.58676755,-0.5201208,-1.0781013,0.4413852,0.050617523,-0.13581876,-0.57660687,0.42382374,-0.18368474,0.32165393,-0.15830058,-0.46485883,-0.06329052,0.27258182,0.01799088,-0.5617838,-1.0392983,0.7982544,-0.32418877,0.16867629,0.36440563,0.9037011,-0.27336127,0.08250148,-1.1792432,0.18165006,0.15813491,-0.4854521,0.4430875,0.3983119,0.13149315,-0.033900175,0.06816954,0.119154036,0.09884464,-1.1802992,0.08169616,-0.20625651
-0.74987483,0.041746628,0.33111417,-0.14444634,0.18302421,-0.47912142,0.30372798,0.72397244,-0.26944724,-0.057637535,0.10116059,-0.6666802,0.013800287,-0.5526339,0.43688357,0.070598766,-0.420384,-0.7865586,-0.4837552,-0.3979865,0.033831965,0.12879266,0.18714504,-0.5317569,-0.4344729,0.29229873,-0.03927903,-0.76725864,-0.5833449,-0.22502474,0.1069033,0.4062288,0.20043457,-0.26802945,-0.72548324,0.565083,-0.21884093,-0.47538668,-0.6725358,-0.20154656,0.23408332,-0.38823873,-0.05745246,0.21210846,0.023030713,-0.26753142,-0.8022387,0.09343095,0.37835997,0.32898602,-0.416964,-0.1726482,0.10236168,0.19162302,0.101638176,-0.17698878,0.16913505,-0.20108351,-0.49118367,0.41060245,-0.15060389,-0.5029956,-0.20464863,-0.95986295,-1.0383713,0.5638072,0.9442834,0.45323512,-0.62905866,0.3895395,-0.53150827,0.5571949,-0.06289917,-0.35029346,0.60690933,0.10864476,0.28536025,-0.10752693,-0.92813283,0.80515164,0.075652815,0.820617,0.16549967,0.42040956,-0.37003422,0.11116143,-0.3525904,0.78509915,0.65130883,-0.41767436,0.60229486,0.65942454,0.19099,0.27052093,0.067987196,0.5350695,-0.28622705,-0.5966501,0.7264353,-0.3733974
0.50681204,-0.28230613,-0.028938336,-0.5058424,-0.14009798,-0.73765993,-0.11798337,1.1369305,0.4974404,-0.13271788,-0.08193263,-0.7856438,-0.04392994,0.7683654,-0.43592858,-0.6869725,0.010265537,-0.642819,-0.36898082,-1.1576592,0.32601944,0.03806427,0.10940321,-0.035469104,0.7327322,-0.8047114,-0.22767568,0.098614,-0.1104437,0.22570731,0.2185163,0.26595855,-0.32206368,-0.73592675,0.22054349,0.88579255,0.46194983,-0.4686763,-0.104505904,-0.29416424,-0.99685615,-0.74256027,0.2882676,0.17905588,0.91224587,-0.22476965,0.2700859,0.2525634,0.62783206,0.50143117,0.8713294,0.19442989,-0.3321684,-0.23221004,-0.22474489,0.24369507,-0.2342352,-0.13117038,0.64370954,0.38751233,-0.09888929,-0.009318155,0.1276069,0.3170696,-0.17437589,0.37724423,0.17775355,1.3540248,-0.616714,-0.28493655,-0.39526114,-0.17926753,0.062510714,-0.66897655,-0.14787671,-0.030252548,0.4681025,-0.0888903,-0.03458312,0.94227374,-0.4593646,0.47282162,0.08780848,0.33064574,0.13543227,-0.15473098,0.25817603,0.84620905,0.011010614,0.09658273,0.15458043,-0.25178567,0.3818366,0.036601406,0.8910994,-0.16329291,0.59550023,-0.55242115,0.35172775,-0.20230752
-0.122412615,0.14354259,0.25292876,-0.47599143,-0.6281428,-0.2333788,0.2410296,0.57942724,-0.33906168,-0.7738191,-0.3588973,-0.6128951,-0.12455962,0.117972896,-0.09639493,-0.42581552,-0.26451936,-0.7523407,-0.51120174,-0.10937146,-0.1975614,0.15193692,0.09170664,0.21150137,-0.078830354,-0.7138704,0.15314329,-0.80203027,-0.44948265,0.05176968,0.43137193,-0.044825982,0.120707124,-0.007059994,-0.3415596,0.7049652,0.1542967,-1.2029028,-0.58359456,-0.28878218,-0.807613,0.3274528,-0.050452776,-0.19400036,0.04054907,0.3121085,-0.84424156,0.4797567,0.06796956,0.1271389,0.64515835,0.19292289,-0.7264753,-0.5241053,-0.26297015,0.33971173,-0.011385123,-0.42499167,-0.1937515,0.46685633,-0.20368303,-0.6215156,-0.71850306,0.081402525,-1.4287428,0.29040748,0.12307327,0.21540196,-0.67693204,0.51262915,0.06533412,0.48365283,-0.29988536,-0.6424886,-0.31431922,-0.21064974,0.12364756,-0.36476272,-0.6235907,0.8264443,-0.6624471,-0.027825285,0.37508225,0.7375978,-0.2244428,0.37264007,-0.39991373,0.4188411,0.6025107,-0.057341013,0.50559247,0.4602038,0.00039990034,-0.06298709,0.031921487,-0.0023468747,-0.16068548,-0.83187485,0.23087797,-0.4437859
-0.22313124,0.45308062,0.47082102,-0.32614586,0.17761527,-0.29115728,0.3268722,0.908786,-0.31702268,-0.18958178,-0.3304468,-0.9746515,0.070497386,-0.2552918,0.2928152,-0.24028316,-0.8116785,-0.7045675,-0.5111174,-0.21430863,0.086192414,0.4075528,0.06041827,-0.58444947,-0.09407597,0.06546699,0.026414923,-0.6149626,-0.54071516,-0.2709796,-0.12587823,0.46801174,0.16642414,-0.26195347,-0.72363925,0.78828865,-0.33094525,-0.28624186,-0.6651607,-0.14781477,0.20535508,-0.27846313,0.07774607,0.124681376,0.09554122,-0.34863546,-0.4398061,0.40213144,0.3806753,0.4615197,-0.036858294,-0.34213617,0.16090639,0.2689636,0.19221364,-0.15551072,0.50789726,-0.26899746,-0.30017203,0.14457434,0.059766486,-0.2949519,-0.06309397,-0.675874,-0.82774824,0.54843754,0.72701627,0.6035706,-0.62592274,0.33427033,-0.2058372,0.3615679,0.24766374,-0.23912796,0.33738235,-0.10358923,0.08710997,-0.121966355,-0.53675914,0.7206609,-0.02054162,0.5756667,-0.02245304,0.33720767,-0.21833459,0.1510651,0.08128853,0.8504833,0.74686354,-0.46889293,0.6083147,0.6381564,0.2435967,0.34759846,0.06316882,0.34338316,-0.27987683,-0.7270375,0.7953942,-0.6189303
0.33961934,-0.07962902,0.2571177,-0.20522705,-0.23199147,-0.5367847,-0.11744335,1.0690361,-0.013634823,-0.30006355,-0.45545766,-0.83841974,0.017891081,0.5587311,-0.17461632,-0.53702736,-0.26210928,-0.7574095,-0.5090987,-0.48947975,0.057984225,0.04982442,0.09521137,0.116049595,0.68800205,-0.7876408,-0.32910547,0.015641946,0.13034311,0.15507106,0.1366652,0.06709292,-0.2369947,-0.30126646,-0.06429642,0.8297822,0.5526225,-0.4080291,-0.17319985,-0.25686368,-0.9759695,-0.6265142,0.11512947,0.5222718,0.5766004,-0.19974142,0.026379012,0.47309354,0.3015773,0.31385314,0.75741315,0.31687847,-0.17146413,-0.15218039,-0.16453995,0.1502137,0.0075913146,-0.719685,0.565753,0.23657927,-0.059783336,-0.26973537,0.0075286515,-0.058230918,-0.5370228,0.29366127,-0.22553492,0.96859586,-0.75858235,-0.25930744,-0.19215004,0.23778719,0.21997371,-0.4851826,-0.29902342,-0.032955073,0.32677722,-0.14217567,-0.21989815,0.44003078,-0.27267948,0.3340881,0.26998305,0.31962794,0.13015947,-0.13431987,0.09070234,0.879334,0.058923036,0.08825809,0.28402683,0.10479164,0.43369108,0.048907917,0.9435189,0.18745503,0.33993292,-0.3802559,0.4429845,-0.4502187
-0.23832309,-0.04490955,0.05520142,-0.575812,-0.8476725,-0.4932724,0.1618284,0.62791854,-0.23824103,-0.8470766,-0.29573703,-0.3939178,-0.0025354642,0.080893256,-0.22093543,-0.7801774,0.15241192,-0.91954803,-0.5864824,-0.32706237,-0.11424596,0.12376513,0.0028436834,0.36408782,-0.11281134,-0.7002178,0.070319206,-0.7612103,-0.33199117,0.20669545,0.87289757,-0.20278203,0.060443908,0.070665665,-0.27479696,0.60977006,0.048521157,-1.2641106,-0.4289464,-0.34317482,-0.9206229,0.025852542,-0.112991124,-0.14264247,0.20667088,0.31957564,-0.8242828,0.23846394,0.068175495,-0.09539106,0.6405152,0.3293654,-0.8449597,-0.77096903,-0.3198146,0.34090734,-0.18207376,-0.34805143,-0.2086958,0.5428343,-0.30404535,-0.66772896,-0.7640681,0.047010582,-1.4635904,0.35771036,0.20868936,0.2254217,-0.7373445,0.4841107,-0.0294818,0.5168917,-0.51892275,-0.68620545,-0.15591429,0.031515345,-0.026711727,-0.31135258,-0.74337816,0.92650867,-0.8137305,-0.031603545,0.35907322,1.0207435,-0.10645273,0.40330288,-0.58295655,0.28149706,0.6656721,-0.10307351,0.5096831,0.26200867,-0.04415827,-0.31572628,0.2291838,-0.09676176,0.015065467,-0.9331958,0.28287986,-0.5782397
-0.2288499,0.44589284,0.4427892,-0.324259,0.20757972,-0.36647508,0.3243315,1.0797478,-0.13231473,-0.33928478,0.030720217,-1.0870045,0.13394763,-0.25494438,0.28048715,-0.07352603,-0.8439638,-0.5914359,-0.3738405,-0.19815402,0.06718255,0.30497715,0.19730364,-0.56083494,-0.31556538,-0.046524886,0.04719459,-0.70018286,-0.6185118,-0.32067227,-0.16672756,0.43877628,0.13557343,-0.08855875,-0.8384657,0.98220426,-0.25300857,-0.56224686,-0.9008167,-0.08960882,0.38462165,-0.25740507,0.22947787,-0.024837423,-0.005495302,-0.2308036,-0.6194686,0.436691,0.46623704,0.5390539,0.16093029,-0.25424168,-0.020218031,0.4401549,-0.05427451,-0.21930723,0.6146756,-0.4352336,-0.33682907,-0.005584675,-0.2032526,-0.25281346,-0.24808694,-0.721337,-1.0656232,0.77322584,0.72097135,0.51648575,-0.5834446,0.1627377,-0.34247708,0.47906905,0.14858632,-0.29457155,0.25214347,0.06833189,0.11274738,-0.19591717,-0.8389812,0.9857119,-0.077171594,0.74223536,0.37161484,0.2952737,-0.5192868,0.23012023,-0.22998379,0.818668,0.66979295,-0.5399714,0.49119654,0.73405683,0.0118649155,0.22563218,-0.031173022,0.42199555,-0.47805032,-0.7764337,0.6449587,-0.35189053
0.44113666,-0.3773385,-0.015815878,-0.37519476,-0.16334665,-0.7262851,-0.11004231,1.0966394,0.41545576,-0.0010430448,-0.12687571,-0.67922145,-0.10786452,0.7320557,-0.36425057,-0.6091167,0.009626404,-0.67764825,-0.41825113,-1.0442101,0.17790475,0.0039048493,0.06884796,0.0046251863,0.82085145,-0.7820507,-0.26582003,0.17543423,0.025057985,0.19110912,0.24753673,0.14087534,-0.27590284,-0.6548742,0.23273322,0.7373803,0.5770756,-0.3785013,0.021910356,-0.24597116,-1.1069202,-0.8355339,0.16220735,0.3427686,0.8719101,-0.2538232,0.29587308,0.27182934,0.49263227,0.4323302,0.7226666,0.24975996,-0.28740576,-0.2650718,-0.2150208,0.259262,-0.2807848,-0.24856472,0.70897037,0.48536485,0.023800997,-0.1410955,0.18183082,0.21392995,-0.16293952,0.28734288,-0.012707938,1.2276635,-0.61819184,-0.27694294,-0.40880957,-0.06229664,0.11250388,-0.69887435,-0.09746951,-0.05035317,0.5258657,-0.076952025,-0.021087192,0.73339826,-0.32261395,0.40866503,0.032208726,0.30915496,0.20449865,-0.24812405,0.22088666,0.89554906,-0.047035724,0.15232703,0.12117758,-0.18564995,0.5311416,0.08841999,1.0290782,-0.080354504,0.60695076,-0.3707397,0.41505355,-0.23438886
-0.27450082,-0.09064338,-0.1337085,-0.78329945,-0.6575825,-0.57713634,-0.033530515,0.854491,0.14551172,-0.6640244,0.5196283,-0.47412756,0.16861969,-0.38432035,0.063822605,-0.31586155,-0.046857372,-0.69097316,0.0094736405,-0.6925711,0.083707534,0.30728012,0.17143802,0.15506908,-0.8075293,-0.68666214,-0.08511528,-0.62965286,-0.23525777,-0.09379333,0.6642511,-0.012236599,0.23143041,0.58255905,-0.46298042,0.4812697,0.08394329,-1.036685,-0.58319557,-0.39348125,-0.4486862,-0.30694866,-0.15144973,-0.14458594,0.09866394,0.32763296,-0.6752991,0.45420662,0.25716504,0.08504639,0.77990705,0.3182402,-0.66104054,-0.2982115,-0.39781958,0.19789627,0.11429348,-0.38280556,-0.488176,0.3164364,-0.63126636,-0.1433396,-0.6973145,-0.34318927,-1.1299663,0.55528814,0.13387766,-0.006202127,-0.5320166,0.20455353,-0.295401,0.14604445,-0.20542863,-0.57533914,-0.2072371,0.3265225,-0.20754977,-0.57943964,-1.0969292,0.89407086,-0.28423607,0.19960105,0.37144372,0.9166563,-0.20801517,0.13910614,-1.1383438,0.2011138,0.122618176,-0.5029741,0.43956742,0.4963764,0.01725072,-0.05192167,-0.008765749,-0.021511625,0.09985723,-1.0607564,0.22557093,-0.35251257
-0.22313124,0.45308062,0.47082102,-0.32614586,0.17761527,-0.29115728,0.3268722,0.908786,-0.31702268,-0.18958178,-0.3304468,-0.9746515,0.070497386,-0.2552918,0.2928152,-0.24028316,-0.8116785,-0.7045675,-0.5111174,-0.21430863,0.086192414,0.4075528,0.06041827,-0.58444947,-0.09407597,0.06546699,0.026414923,-0.6149626,-0.54071516,-0.2709796,-0.12587823,0.46801174,0.16642414,-0.26195347,-0.72363925,0.78828865,-0.33094525,-0.28624186,-0.6651607,-0.14781477,0.20535508,-0.27846313,0.07774607,0.124681376,0.09554122,-0.34863546,-0.4398061,0.40213144,0.3806753,0.4615197,-0.036858294,-0.34213617,0.16090639,0.2689636,0.19221364,-0.15551072,0.50789726,-0.26899746,-0.30017203,0.14457434,0.059766486,-0.2949519,-0.06309397,-0.675874,-0.82774824,0.54843754,0.72701627,0.6035706,-0.62592274,0.33427033,-0.2058372,0.3615679,0.24766374,-0.23912796,0.33738235,-0.10358923,0.08710997,-0.121966355,-0.53675914,0.7206609,-0.02054162,0.5756667,-0.02245304,0.33720767,-0.21833459,0.1510651,0.08128853,0.8504833,0.74686354,-0.46889293,0.6083147,0.6381564,0.2435967,0.34759846,0.06316882,0.34338316,-0.27987683,-0.7270375,0.7953942,-0.6189303
0.3496808,-0.08386777,0.25297314,-0.21813893,-0.26156333,-0.5488331,-0.12658714,1.0807666,-0.010089733,-0.31335598,-0.46551418,-0.8569239,0.007940175,0.5583441,-0.17058913,-0.5376091,-0.26509312,-0.78281456,-0.52010936,-0.47743872,0.06094222,0.05091435,0.095417246,0.11970113,0.6861679,-0.79685706,-0.32928297,0.011236713,0.1296339,0.14666213,0.14866263,0.06914311,-0.25436172,-0.2843455,-0.060936354,0.8453248,0.5546911,-0.42566714,-0.20062624,-0.24065833,-0.98796946,-0.62816054,0.14093003,0.5338819,0.57038957,-0.1997183,0.004259778,0.48242667,0.3098368,0.30909705,0.7684961,0.34312892,-0.1694576,-0.154778,-0.16308095,0.13943987,0.015303515,-0.7347455,0.5864924,0.22717449,-0.07025109,-0.2773981,0.0059978105,-0.07256441,-0.5503998,0.32078013,-0.22807261,0.98104554,-0.75759625,-0.26506776,-0.17201671,0.25003603,0.21589002,-0.48299047,-0.31121892,-0.028786177,0.34909734,-0.15745509,-0.23862399,0.45963052,-0.29325297,0.35626566,0.3019337,0.32515982,0.11593136,-0.13307303,0.07106696,0.8811959,0.061756432,0.06486346,0.28466782,0.103463024,0.44445357,0.041997906,0.9504864,0.19856219,0.34426528,-0.39210767,0.44095078,-0.4385433
-0.07712661,-0.37758186,-0.0056251697,-0.76694024,-0.948256,-0.4634629,0.03855679,0.75098425,-0.25123233,-0.7342875,-0.22925825,-0.53620946,-0.09739609,0.29514664,-0.28265762,-0.7259274,0.04797374,-1.0610931,-0.44603392,-0.5623618,-0.2686477,-0.20189366,0.16335651,0.4358632,0.02090895,-0.7120623,0.19638953,-0.71095294,-0.17911823,0.18650737,1.1593996,-0.17959414,-0.09736579,-0.018418372,0.041151844,0.7624212,0.012468096,-1.4745141,-0.50103927,-0.6729579,-0.9825821,-0.37117618,-0.15488349,-0.10936592,0.5947838,0.2500101,-0.7672982,0.18167427,0.028885022,0.026467454,0.436862,0.6693684,-0.74037015,-0.52736646,-0.47298574,0.56478363,-0.34434873,-0.15456638,-0.060758524,0.6218349,-0.22918123,-0.7406107,-0.48464304,-0.11839445,-1.2950711,0.26474738,-0.006709203,0.09548017,-0.78374463,0.7194707,0.049663775,0.77422446,-0.4479544,-0.5680514,-0.03925592,0.050247025,0.41897836,-0.29519552,-0.65341765,1.0156709,-0.93563676,-0.074256316,0.5906938,0.89414227,-0.29783404,0.2920243,-0.79468197,0.20368263,0.5619697,-0.04173585,0.3585906,-0.01208361,0.09724946,-0.3651556,0.35111332,0.09618394,0.07752165,-1.0587561,-0.1593177,-0.023512399
-0.5407128,0.24987964,0.55890393,-0.28200144,0.37444302,-0.52410513,0.456794,0.68262315,-0.17854096,0.1756604,-0.2703636,-0.5198434,-0.07566658,-0.25110206,0.11796262,-0.2881022,-0.83810145,-0.28437057,-0.27891308,-0.4694035,0.17357902,0.8812461,-0.20152456,-0.839073,-0.26497546,0.4777827,0.26816273,-0.5466338,-0.9647776,-0.30235776,-0.021751132,0.72581434,0.21650292,-0.49553022,-0.65255463,0.54610425,-0.6478049,0.09396881,-0.4437554,-0.32069945,0.4522267,-0.12619801,0.080970675,0.007836445,0.4461553,-0.61467075,-0.4021827,0.26226842,0.69932175,0.42872137,0.041120082,-0.79046726,0.5288949,0.2541983,0.2860041,0.20872693,0.30810067,0.3106046,-0.43350706,0.06445038,0.073683135,0.015372788,0.40135488,-0.653278,-0.5580299,0.29135028,0.8128851,0.9147399,-0.22672309,0.38316905,-0.23648442,-0.00055247074,0.4383479,-0.08557225,0.6878791,0.20978415,0.15097927,-0.29652232,-0.69108135,0.7196596,0.17716613,0.7828762,-0.19033873,-0.08058963,-0.13417894,-0.124076754,0.20751336,0.7383351,0.77670395,-0.59697497,0.6014294,0.7049252,0.5795864,0.4348972,0.02428075,0.29840615,0.0528459,-0.5051818,0.87656844,-0.3789312
0.34882694,-0.13723984,0.27910516,-0.22777402,-0.21106818,-0.39452535,-0.022480685,0.8540347,-0.1247264,-0.37855738,-0.42878097,-0.666481,-0.18599282,0.6641177,-0.29703945,-0.30643246,-0.32738587,-0.5702982,-0.29962045,-0.40888172,-0.11152853,-0.0009771965,0.083988145,0.19014594,0.6352066,-0.8490728,-0.05738025,-0.09358372,0.020466518,0.15206316,0.07470492,-0.04949537,-0.16122533,-0.3433919,0.104690775,0.82176006,0.6732134,-0.5027354,-0.20860222,-0.3627106,-1.0518739,-0.289195,0.120180964,0.33814433,0.536878,-0.017568016,-0.1564661,0.5017255,0.19739914,0.2858368,0.8272559,0.32520416,-0.2898255,-0.31770995,-0.3126781,0.355495,-0.19423357,-0.51362836,0.45411047,0.34234947,0.02097839,-0.3297808,-0.023103185,0.20013359,-0.4500962,0.076445244,-0.3025896,0.77404964,-0.6799879,-0.11032675,-0.058829594,0.22992139,0.3070995,-0.547427,-0.3318524,-0.16107912,0.429878,-0.2656461,-0.11074398,0.3597411,-0.45719165,0.15189777,0.10989799,0.2796941,0.057857603,-0.16969906,0.21071866,0.8669249,0.040517204,0.26270494,0.32269952,0.2490041,0.3851593,0.2125582,0.81857777,0.17425856,0.33056453,-0.3060891,0.2158602,-0.19087611
-0.25767046,0.18228085,0.30613226,-0.29580665,-0.70799905,-0.5004367,0.1599631,0.7697724,-0.2351872,-0.72702265,-0.5096528,-0.55706024,0.019610971,0.12073499,-0.03665496,-0.623681,-0.13683635,-0.86530495,-0.8103562,-0.078851186,-0.13960598,0.2809384,-0.049819246,0.24549535,0.047817342,-0.6997766,-0.14127897,-0.58094203,-0.25364134,0.2195571,0.49251086,-0.023261327,0.055479955,-0.02815628,-0.47600326,0.7250514,0.24967927,-0.996852,-0.40574622,-0.15227485,-0.8971072,0.09314209,0.051787235,0.10717151,0.2623881,0.16546698,-0.68419707,0.46055663,0.16297351,0.025409456,0.74650437,0.18766837,-0.5634847,-0.5101741,-0.12266047,0.21832328,0.07633618,-0.7892097,0.035845596,0.327533,-0.37874708,-0.5713469,-0.64898634,-0.10993315,-1.500475,0.4334479,0.055747107,0.5962043,-0.67687595,0.17987177,-0.020243263,0.45969957,-0.28717527,-0.49653238,-0.31110287,-0.019974157,0.021233223,-0.34121093,-0.69302624,0.771389,-0.48926735,0.21108045,0.5866234,0.72840774,0.017065648,0.38767207,-0.4650923,0.49826974,0.5606726,-0.11072351,0.43858954,0.3564398,0.10004928,-0.31307325,0.40816322,0.13555339,-0.01286051,-0.7114088,0.5015885,-0.7064416
-0.5883314,0.16050762,0.32535052,-0.22173283,0.19275755,-0.56224567,0.3103611,1.0850441,-0.07803242,-0.18478824,0.38022366,-0.83770674,0.0026450052,-0.3492789,0.38333595,-0.034132622,-0.89683235,-0.5593704,-0.19273159,-0.22674365,0.047499925,0.38433626,0.2645093,-0.5741639,-0.6440706,0.15334661,0.08124358,-0.6298212,-0.42136216,-0.31176624,0.24868394,0.3167923,0.24359863,0.18331861,-0.8301924,0.74061054,-0.1688785,-0.34796694,-0.74036294,-0.32347947,0.60523653,-0.55618817,0.10491311,0.08031875,0.11338277,-0.32287335,-0.45649907,0.4408532,0.554809,0.37788197,0.15586229,-0.21372849,0.26254496,0.540486,-0.1609424,-0.08845343,0.69793,-0.45271245,-0.4041271,-0.09272875,-0.25630426,0.021164624,-0.10533137,-1.0718329,-0.98060715,0.6908646,0.5461376,0.5083017,-0.5823635,0.28574967,-0.3827865,0.2684035,0.29881424,-0.0009893891,0.45704627,0.36173916,0.069643654,-0.28071588,-1.0076982,0.83421534,0.12933001,0.7095076,0.25394735,0.25874522,-0.44814914,0.004767761,-0.6026808,0.7722683,0.5414624,-0.61504334,0.47366545,0.8233202,0.07891544,0.20371331,0.16992679,0.72987276,-0.28771552,-0.7017165,0.6571395,-0.20378037
0.5836278,-0.111071154,0.20495258,-0.3680467,-0.54822856,-0.5566258,-0.10405426,0.68053454,0.33606395,-0.16492975,-0.24659555,-0.81020755,-0.36695737,0.65484166,-0.4299955,-0.61572784,-0.14191648,-0.3851302,-0.4168441,-0.60373354,0.11328016,0.2831113,-6.1178034e-05,0.1039353,0.43695152,-1.0136952,0.04412281,-0.13817395,-0.23922811,0.06759271,0.13677019,0.34162185,-0.014690735,-0.4378314,0.10888445,0.75278383,0.6767211,-0.55683124,-0.387864,-0.24733555,-1.0990362,-0.048672512,0.3963365,0.04911131,0.69675344,-0.029341007,0.031693097,0.7106113,0.4427338,0.41178823,1.0421689,0.19271247,-0.6120915,-0.08249365,-0.33279145,0.5620731,-0.036082365,-0.25070903,0.70055664,0.18831904,-0.18230568,-0.0017827749,-0.24374314,0.23000348,-0.47392464,0.3645122,-0.3405607,1.2671496,-0.60108936,0.05555504,0.10759553,-0.15705755,0.1882642,-0.6018481,-0.36920667,-0.10376286,0.47840214,-0.33849037,-0.20497233,0.92654234,-0.53371745,0.13682854,0.35944882,0.2184576,0.012385641,-0.23115666,-0.16921063,0.6700469,-0.14377292,0.21252629,0.14429308,-0.033844862,0.25522432,-0.03665614,0.643988,-0.2435379,0.62353086,-0.44132856,0.09018461,-0.20475663
-0.18561065,-0.31775105,-0.12051757,-0.8330916,-0.77322215,-0.5434289,-0.17938061,0.91754764,0.108868375,-0.57665235,0.4500753,-0.50513583,0.11244183,-0.31024465,0.099013366,-0.20986718,-0.14492261,-0.88136625,0.06655227,-0.79600126,-0.05208476,0.08096131,0.32722035,0.23224115,-0.6112571,-0.605531,-0.059049312,-0.512048,-0.048441816,-0.05351251,0.7603627,-0.065644145,0.11732758,0.48118225,-0.20853376,0.65515053,0.0029470136,-1.04534,-0.5308405,-0.6769482,-0.5408495,-0.61654496,-0.20857643,0.01591488,0.41793764,0.20969361,-0.60333353,0.41391376,0.13650803,0.2541848,0.508666,0.59844506,-0.45374057,-0.1453746,-0.40200862,0.2877159,-0.015830016,-0.3109406,-0.34101245,0.30299398,-0.61322343,-0.17173132,-0.46122256,-0.5605016,-0.98181784,0.4643201,-0.0920712,-0.072220124,-0.5677698,0.28574887,-0.19764787,0.39742318,-0.093492046,-0.3740027,-0.13606851,0.34761506,0.08584754,-0.52104294,-0.95090514,0.86803776,-0.2929777,0.21007751,0.53666186,0.78295785,-0.28748378,0.12298574,-1.2325779,0.22934477,0.031714704,-0.47281903,0.28459918,0.28325814,0.14008397,-0.085006505,0.15265265,0.22789137,0.12748082,-1.1331381,-0.09660965,-0.060560025
-0.2288499,0.44589284,0.4427892,-0.324259,0.20757972,-0.36647508,0.3243315,1.0797478,-0.13231473,-0.33928478,0.030720217,-1.0870045,0.13394763,-0.25494438,0.28048715,-0.07352603,-0.8439638,-0.5914359,-0.3738405,-0.19815402,0.06718255,0.30497715,0.19730364,-0.56083494,-0.31556538,-0.046524886,0.04719459,-0.70018286,-0.6185118,-0.32067227,-0.16672756,0.43877628,0.13557343,-0.08855875,-0.8384657,0.98220426,-0.25300857,-0.56224686,-0.9008167,-0.08960882,0.38462165,-0.25740507,0.22947787,-0.024837423,-0.005495302,-0.2308036,-0.6194686,0.436691,0.46623704,0.5390539,0.16093029,-0.25424168,-0.020218031,0.4401549,-0.05427451,-0.21930723,0.6146756,-0.4352336,-0.33682907,-0.005584675,-0.2032526,-0.25281346,-0.24808694,-0.721337,-1.0656232,0.77322584,0.72097135,0.51648575,-0.5834446,0.1627377,-0.34247708,0.47906905,0.14858632,-0.29457155,0.25214347,0.06833189,0.11274738,-0.19591717,-0.8389812,0.9857119,-0.077171594,0.74223536,0.37161484,0.2952737,-0.5192868,0.23012023,-0.22998379,0.818668,0.66979295,-0.5399714,0.49119654,0.73405683,0.0118649155,0.22563218,-0.031173022,0.42199555,-0.47805032,-0.7764337,0.6449587,-0.35189053
0.41536528,-0.01552989,0.2480402,-0.21162006,-0.3986867,-0.5690151,-0.131709,0.90316427,0.1580675,-0.26612008,-0.2814152,-0.81522846,-0.04726071,0.56643414,-0.26413012,-0.60341895,-0.09866582,-0.546973,-0.5055869,-0.4909027,0.15410356,0.19285274,0.13737054,0.14929774,0.48225042,-0.96154284,-0.2805145,-0.027990233,0.0399433,0.22021173,0.15731582,0.2220972,-0.14136188,-0.18312058,-0.06466498,0.76341677,0.70387566,-0.48318422,-0.26410303,-0.27646717,-1.0798264,-0.40488833,0.27569512,0.29069486,0.5987417,-0.05907372,0.07556138,0.6073321,0.33269358,0.26464787,1.0137086,0.24929066,-0.41680613,-0.13329475,-0.25622183,0.32309648,0.042434774,-0.713875,0.62720513,0.102070205,-0.22097278,-0.06777804,-0.26972178,0.050510276,-0.6272777,0.3875597,-0.35283875,1.0956261,-0.728556,-0.22518164,-0.15864964,-0.090220645,0.2114746,-0.494464,-0.53619653,-0.044408537,0.22992142,-0.2548775,-0.20176609,0.61263573,-0.25062868,0.15638873,0.35441694,0.39122656,0.18678552,-0.119397886,-0.16643097,0.7445568,-0.14412414,0.17040157,0.23251757,0.025925847,0.15567446,-0.10340761,0.89003474,-0.021217912,0.46519223,-0.41541588,0.30430812,-0.505636
-0.16878028,-0.0448268,0.31932324,-0.34559897,-0.82363874,-0.46672925,0.014113009,0.83282906,-0.27183056,-0.6396505,-0.5792059,-0.58806854,-0.036566902,0.19481069,-0.0014642351,-0.5176867,-0.2349016,-1.055698,-0.7532776,-0.18228127,-0.27539822,0.054619543,0.1059631,0.3226674,0.2440895,-0.6186454,-0.115213014,-0.46333718,-0.066825375,0.25983796,0.58862245,-0.07666887,-0.058622874,-0.12953308,-0.22155663,0.8989322,0.168683,-1.0055069,-0.35339105,-0.43574178,-0.9892704,-0.21645421,-0.0053394735,0.26767236,0.58166176,0.0475277,-0.6122315,0.4202637,0.042316493,0.19454785,0.4752634,0.46787328,-0.35618472,-0.35733718,-0.1268495,0.3081429,-0.053787276,-0.71734476,0.18300916,0.3140905,-0.36070412,-0.5997386,-0.41289437,-0.32724547,-1.3523266,0.34247985,-0.17020175,0.5301863,-0.71262926,0.26106715,0.0775099,0.71107835,-0.17523868,-0.29519597,-0.23993427,0.0011184106,0.31463042,-0.28281417,-0.54700214,0.7453559,-0.49800897,0.22155695,0.75184137,0.5947094,-0.062402934,0.3715517,-0.5593265,0.5265007,0.46976924,-0.080568425,0.28362137,0.14332154,0.22288252,-0.34615803,0.56958157,0.38495636,0.014763087,-0.7837905,0.1794079,-0.41448903
-0.5407128,0.24987964,0.55890393,-0.28200144,0.37444302,-0.52410513,0.456794,0.68262315,-0.17854096,0.1756604,-0.2703636,-0.5198434,-0.07566658,-0.25110206,0.11796262,-0.2881022,-0.83810145,-0.28437057,-0.27891308,-0.4694035,0.17357902,0.8812461,-0.20152456,-0.839073,-0.26497546,0.4777827,0.26816273,-0.5466338,-0.9647776,-0.30235776,-0.021751132,0.72581434,0.21650292,-0.49553022,-0.65255463,0.54610425,-0.6478049,0.09396881,-0.4437554,-0.32069945,0.4522267,-0.12619801,0.080970675,0.007836445,0.4461553,-0.61467075,-0.4021827,0.26226842,0.69932175,0.42872137,0.041120082,-0.79046726,0.5288949,0.2541983,0.2860041,0.20872693,0.30810067,0.3106046,-0.43350706,0.06445038,0.073683135,0.015372788,0.40135488,-0.653278,-0.5580299,0.29135028,0.8128851,0.9147399,-0.22672309,0.38316905,-0.23648442,-0.00055247074,0.4383479,-0.08557225,0.6878791,0.20978415,0.15097927,-0.29652232,-0.69108135,0.7196596,0.17716613,0.7828762,-0.19033873,-0.08058963,-0.13417894,-0.124076754,0.20751336,0.7383351,0.77670395,-0.59697497,0.6014294,0.7049252,0.5795864,0.4348972,0.02428075,0.29840615,0.0528459,-0.5051818,0.87656844,-0.3789312
0.44505155,-0.37440422,-0.015158695,-0.3824253,-0.15866558,-0.72281563,-0.11689839,1.0864317,0.4198413,-0.0035088686,-0.12470442,-0.6771002,-0.095228486,0.73128045,-0.36665544,-0.6148537,0.015094566,-0.6744704,-0.41641724,-1.0530673,0.17920959,0.0007270433,0.06723363,0.011429692,0.8233596,-0.7803695,-0.26527122,0.17250662,0.022799639,0.19323596,0.24082331,0.13597183,-0.27300477,-0.66326594,0.23351827,0.74250823,0.571079,-0.3735852,0.02211113,-0.24387176,-1.111263,-0.83208406,0.15828206,0.3387287,0.86922276,-0.24918957,0.29394948,0.26808375,0.49242473,0.4398029,0.71844715,0.24921568,-0.29387948,-0.26624322,-0.21778628,0.2609435,-0.28789786,-0.2349947,0.699461,0.4916809,0.018467372,-0.1439083,0.18093918,0.22377898,-0.15966398,0.2814744,-0.00940032,1.2239716,-0.6159792,-0.27928343,-0.41448784,-0.055975486,0.10678718,-0.7059004,-0.09216603,-0.04948746,0.5183328,-0.06730491,-0.014172563,0.7390826,-0.32758546,0.40980163,0.028135821,0.3063321,0.19967754,-0.24629372,0.22235547,0.8893032,-0.048575394,0.15469635,0.11744644,-0.1913751,0.52082044,0.08571634,1.0157285,-0.0911004,0.60840106,-0.37409842,0.40907964,-0.23197295
-0.14623392,0.12986998,0.25329828,-0.48992163,-0.6732048,-0.24950612,0.2402318,0.56046736,-0.3469429,-0.7969235,-0.36730734,-0.5891169,-0.13116445,0.06545417,-0.05857841,-0.39916068,-0.24943523,-0.8106965,-0.5421995,-0.09644247,-0.21690527,0.16977386,0.08850435,0.231727,-0.083501145,-0.72336376,0.14514838,-0.82329863,-0.44832882,0.040890835,0.42788348,-0.08352401,0.12620804,0.020271126,-0.35875028,0.7193127,0.17473955,-1.2276869,-0.5980724,-0.27175856,-0.8687665,0.33060175,-0.06633399,-0.16721566,0.011831648,0.3264288,-0.9056342,0.49962687,0.039778955,0.13141023,0.62850475,0.21288478,-0.7515778,-0.5805327,-0.26301163,0.3430382,-0.028132832,-0.45558125,-0.1977382,0.49788475,-0.22962523,-0.67860687,-0.74965936,0.054578006,-1.4916756,0.30596536,0.10512415,0.18823704,-0.6807662,0.5054112,0.05676048,0.5323609,-0.32362336,-0.68268216,-0.32180035,-0.20733774,0.123748325,-0.38085014,-0.6696535,0.8521832,-0.65232164,-0.00518044,0.39585787,0.76798344,-0.22435169,0.3894568,-0.44865352,0.43899912,0.5844812,-0.09058489,0.50371534,0.4891305,0.016992504,-0.07137437,0.037445202,0.011939781,-0.15754189,-0.83846027,0.25078177,-0.48146892
-0.22313124,0.45308062,0.47082102,-0.32614586,0.17761527,-0.29115728,0.3268722,0.908786,-0.31702268,-0.18958178,-0.3304468,-0.9746515,0.070497386,-0.2552918,0.2928152,-0.24028316,-0.8116785,-0.7045675,-0.5111174,-0.21430863,0.086192414,0.4075528,0.06041827,-0.58444947,-0.09407597,0.06546699,0.026414923,-0.6149626,-0.54071516,-0.2709796,-0.12587823,0.46801174,0.16642414,-0.26195347,-0.72363925,0.78828865,-0.33094525,-0.28624186,-0.6651607,-0.14781477,0.20535508,-0.27846313,0.07774607,0.124681376,0.09554122,-0.34863546,-0.4398061,0.40213144,0.3806753,0.4615197,-0.036858294,-0.34213617,0.16090639,0.2689636,0.19221364,-0.15551072,0.50789726,-0.26899746,-0.30017203,0.14457434,0.059766486,-0.2949519,-0.06309397,-0.675874,-0.82774824,0.54843754,0.72701627,0.6035706,-0.62592274,0.33427033,-0.2058372,0.3615679,0.24766374,-0.23912796,0.33738235,-0.10358923,0.08710997,-0.121966355,-0.53675914,0.7206609,-0.02054162,0.5756667,-0.02245304,0.33720767,-0.21833459,0.1510651,0.08128853,0.8504833,0.74686354,-0.46889293,0.6083147,0.6381564,0.2435967,0.34759846,0.06316882,0.34338316,-0.27987683,-0.7270375,0.7953942,-0.6189303
0.41927058,0.029876968,0.25313395,-0.3736251,-0.2905263,-0.5807547,-0.17042784,1.1058439,0.066261895,-0.5100912,-0.45123178,-0.96888316,0.10052889,0.5215189,-0.1902701,-0.5877441,-0.2523555,-0.8268124,-0.49373177,-0.5601138,0.22268333,0.11478031,0.13991334,0.104449525,0.58886755,-0.8231859,-0.32195446,-0.07972239,0.0072834278,0.17259677,0.08592708,0.16241117,-0.32754835,-0.31038722,-0.10143208,1.0561589,0.43798855,-0.51528496,-0.38155428,-0.26040453,-0.9148301,-0.54556924,0.29715303,0.42518258,0.57059073,-0.16555765,-0.09771853,0.48552838,0.42627427,0.39228106,0.9226919,0.32938033,-0.20421693,-0.15775223,-0.15869255,0.09114838,0.07394235,-0.67098296,0.5254321,0.09266617,-0.26338854,-0.17857988,-0.06810021,-0.020760993,-0.6167535,0.46429083,-0.053426836,1.1043149,-0.7540902,-0.3289537,-0.14398389,0.1907557,0.16520388,-0.45420644,-0.3960984,0.023607941,0.26978484,-0.19017185,-0.3102663,0.6999751,-0.42746133,0.4855049,0.4142391,0.36864203,0.035776336,-0.014597858,0.05231122,0.84938467,0.07949472,-0.06344635,0.31498435,0.059692033,0.2872377,-0.03581379,0.82195854,0.15747869,0.34348136,-0.5952802,0.38756707,-0.44761443
-0.23832309,-0.04490955,0.05520142,-0.575812,-0.8476725,-0.4932724,0.1618284,0.62791854,-0.23824103,-0.8470766,-0.29573703,-0.3939178,-0.0025354642,0.080893256,-0.22093543,-0.7801774,0.15241192,-0.91954803,-0.5864824,-0.32706237,-0.11424596,0.12376513,0.0028436834,0.36408782,-0.11281134,-0.7002178,0.070319206,-0.7612103,-0.33199117,0.20669545,0.87289757,-0.20278203,0.060443908,0.070665665,-0.27479696,0.60977006,0.048521157,-1.2641106,-0.4289464,-0.34317482,-0.9206229,0.025852542,-0.112991124,-0.14264247,0.20667088,0.31957564,-0.8242828,0.23846394,0.068175495,-0.09539106,0.6405152,0.3293654,-0.8449597,-0.77096903,-0.3198146,0.34090734,-0.18207376,-0.34805143,-0.2086958,0.5428343,-0.30404535,-0.66772896,-0.7640681,0.047010582,-1.4635904,0.35771036,0.20868936,0.2254217,-0.7373445,0.4841107,-0.0294818,0.5168917,-0.51892275,-0.68620545,-0.15591429,0.031515345,-0.026711727,-0.31135258,-0.74337816,0.92650867,-0.8137305,-0.031603545,0.35907322,1.0207435,-0.10645273,0.40330288,-0.58295655,0.28149706,0.6656721,-0.10307351,0.5096831,0.26200867,-0.04415827,-0.31572628,0.2291838,-0.09676176,0.015065467,-0.9331958,0.28287986,-0.5782397
-0.37526882,0.42233676,0.32584065,-0.21800816,0.25996593,-0.4574572,0.27595916,0.95376843,-0.0042251977,-0.20435888,0.4411869,-0.97985625,0.048163686,-0.33555624,0.2692888,0.014909261,-0.76517415,-0.38388678,-0.24992365,-0.25449055,0.072643876,0.17092443,0.27325782,-0.575354,-0.63656354,-0.0026098853,0.043939568,-0.57889014,-0.45923486,-0.26750857,-0.067604765,0.4451082,0.3195468,-0.0036695232,-0.81241155,0.77471375,0.034838967,-0.4527974,-0.75100434,-0.2775637,0.55756885,-0.2980312,0.16846497,-0.16733688,0.14872131,-0.26886934,-0.42927805,0.4488112,0.56234336,0.50221354,0.2279283,-0.32016158,0.0064138705,0.62041634,-0.23581222,-0.027032439,0.7252708,-0.40708408,-0.35839662,-0.078896694,-0.33873498,0.031706046,-0.27163804,-0.786033,-0.8591783,0.7045699,0.5472103,0.5466388,-0.58470505,0.2140061,-0.4486458,0.19890879,0.1688896,-0.1105555,0.3627351,0.17011143,0.047623858,-0.16480045,-0.8372085,0.93726337,0.03403643,0.6293372,0.3228014,0.22457406,-0.53471035,0.001043039,-0.49414486,0.70356154,0.38513303,-0.38358545,0.37922612,0.63022625,-0.1532561,0.004079529,0.09655124,0.530174,-0.32597855,-0.7193346,0.46994612,-0.24354458
0.5251452,-0.3342528,-0.017552538,-0.38429257,-0.28406137,-0.770314,-0.12444171,0.97187614,0.58362937,0.037244152,0.025714977,-0.67148936,-0.15840107,0.76998544,-0.45738935,-0.68553144,0.15462719,-0.5053652,-0.42030564,-1.1022115,0.26521277,0.121160425,0.106450364,0.03597247,0.6923353,-0.9530895,-0.2313244,0.14869061,-0.05242855,0.2614952,0.25251406,0.27553356,-0.18970414,-0.6081696,0.24346429,0.7050973,0.72998196,-0.44129765,-0.036101222,-0.28096575,-1.2394378,-0.67110837,0.2874297,0.14908616,0.9250144,-0.14239839,0.3632028,0.3870372,0.5298582,0.42645445,0.95922065,0.179956,-0.51497346,-0.25794113,-0.30786738,0.43252537,-0.27608,-0.23106207,0.770494,0.40601128,-0.108299375,0.027204344,-0.045378443,0.3365146,-0.23238142,0.35254034,-0.12090431,1.3781041,-0.6120242,-0.2566335,-0.4093174,-0.34374645,0.11199208,-0.7440747,-0.29126918,-0.06621383,0.44924423,-0.15893412,0.013998181,0.90515167,-0.30352452,0.25948656,0.08087456,0.3638347,0.26483262,-0.2469812,0.02716372,0.815469,-0.23088402,0.2516368,0.07482137,-0.26503414,0.2996825,-0.03277935,1.009017,-0.2745067,0.73523057,-0.3972231,0.30538258,-0.29285383
-0.16878028,-0.0448268,0.31932324,-0.34559897,-0.82363874,-0.46672925,0.014113009,0.83282906,-0.27183056,-0.6396505,-0.5792059,-0.58806854,-0.036566902,0.19481069,-0.0014642351,-0.5176867,-0.2349016,-1.055698,-0.7532776,-0.18228127,-0.27539822,0.054619543,0.1059631,0.3226674,0.2440895,-0.6186454,-0.115213014,-0.46333718,-0.066825375,0.25983796,0.58862245,-0.07666887,-0.058622874,-0.12953308,-0.22155663,0.8989322,0.168683,-1.0055069,-0.35339105,-0.43574178,-0.9892704,-0.21645421,-0.0053394735,0.26767236,0.58166176,0.0475277,-0.6122315,0.4202637,0.042316493,0.19454785,0.4752634,0.46787328,-0.35618472,-0.35733718,-0.1268495,0.3081429,-0.053787276,-0.71734476,0.18300916,0.3140905,-0.36070412,-0.5997386,-0.41289437,-0.32724547,-1.3523266,0.34247985,-0.17020175,0.5301863,-0.71262926,0.26106715,0.0775099,0.71107835,-0.17523868,-0.29519597,-0.23993427,0.0011184106,0.31463042,-0.28281417,-0.54700214,0.7453559,-0.49800897,0.22155695,0.75184137,0.5947094,-0.062402934,0.3715517,-0.5593265,0.5265007,0.46976924,-0.080568425,0.28362137,0.14332154,0.22288252,-0.34615803,0.56958157,0.38495636,0.014763087,-0.7837905,0.1794079,-0.41448903
-0.56440264,0.16229953,0.3036462,-0.2409206,0.1877471,-0.5364069,0.3061795,1.0710377,-0.10340828,-0.19389923,0.35753426,-0.8433223,0.008100361,-0.3037321,0.34380445,-0.07054396,-0.88045055,-0.5486147,-0.18591847,-0.23040938,0.05007444,0.35863343,0.26346615,-0.5564453,-0.645472,0.13256158,0.09066507,-0.62824154,-0.41237816,-0.29723445,0.28973967,0.3156307,0.23239453,0.18107755,-0.79272485,0.7136298,-0.17042433,-0.3574095,-0.7161872,-0.3377509,0.5894386,-0.5351148,0.09276435,0.06454297,0.12392125,-0.29960403,-0.43368542,0.42657933,0.55126196,0.34022892,0.17023195,-0.19065021,0.25726774,0.5216796,-0.16084051,-0.07967305,0.675906,-0.42000532,-0.4046346,-0.072897196,-0.22348732,0.025075981,-0.10134768,-1.0223975,-0.94932246,0.6519849,0.54645765,0.49770293,-0.5851272,0.31432924,-0.36013004,0.23472065,0.28736493,0.007825929,0.44325292,0.33185855,0.06960145,-0.2675338,-0.95962995,0.79378635,0.0867259,0.6614435,0.22370459,0.27263758,-0.43523574,-0.006469796,-0.56641906,0.7335646,0.5599451,-0.5793482,0.49207866,0.79414815,0.07653534,0.20259856,0.1664659,0.70235276,-0.27034652,-0.7127845,0.6315748,-0.18420117
0.68989164,-0.1885459,-0.096283056,-0.475499,-0.28891423,-0.7086935,-0.093516655,1.2491568,0.33416817,-0.29603124,-0.26869696,-0.8360953,-0.06221826,0.90232134,-0.66637313,-0.7618913,0.3207175,-0.5624266,-0.3683498,-0.99677914,0.36300346,0.078258276,0.0480146,0.013027483,0.5682663,-1.1010901,-0.27458602,0.111453585,-0.10613881,0.27133325,0.4204646,0.4048156,-0.521435,-0.39485502,0.2000058,0.7369258,0.6997997,-0.7469651,-0.2342649,-0.18622546,-1.1503804,-0.47493124,0.50855464,-0.010490469,0.8883794,-0.044150688,0.09012758,0.31073433,0.4961497,0.15612538,1.1610695,0.31704515,-0.46570256,-0.38145304,-0.30243292,0.26624134,-0.2604778,-0.314743,0.6955103,0.3708432,0.06712603,-0.13598081,-0.121424384,0.45249787,-0.25268894,0.41712585,0.038378652,1.1587006,-0.6574233,-0.24678078,-0.26887465,-0.44963816,-0.0032218907,-0.7355172,-0.5178301,-0.24065149,0.41899034,-0.18152066,-0.098365255,0.63312286,-0.5278214,0.25048158,-0.00033174455,0.7992643,0.18253359,-0.11387694,0.36027557,0.67850256,0.018590227,0.20610546,0.3580378,-0.25698647,0.28328007,-0.06303742,1.1092666,-0.3379995,0.59022903,-0.6699949,0.29308224,-0.32877177
-0.0028054111,-0.10947623,0.20666465,-0.6264527,-0.68667614,-0.19831625,0.1486075,0.65549266,-0.37590647,-0.69845617,-0.3224482,-0.7252543,-0.20380954,0.26563492,-0.114279985,-0.3463743,-0.36702028,-0.89116895,-0.4058547,-0.2757407,-0.32829672,-0.11097153,0.22372372,0.25976756,0.028862178,-0.70094126,0.2515617,-0.76631624,-0.3150473,0.02037492,0.64136934,-0.052985422,0.00043429638,-0.08329801,-0.09787628,0.8443543,0.12324144,-1.3501495,-0.638636,-0.5487943,-0.84505403,0.021231791,-0.09521301,-0.1529021,0.32423797,0.2523003,-0.8132597,0.4384606,0.014933539,0.24109252,0.44934788,0.46595377,-0.6176339,-0.3416562,-0.3739837,0.5039874,-0.1329566,-0.26244122,-0.08544542,0.53832304,-0.1318601,-0.6976512,-0.48846722,-0.064079925,-1.2950282,0.20313363,-0.04303526,0.09459346,-0.7045763,0.70957696,0.13593698,0.7109943,-0.23699777,-0.53993535,-0.20667991,-0.20501228,0.476195,-0.33674535,-0.54659355,0.8800701,-0.75272787,-0.04706131,0.5367889,0.6275686,-0.38679755,0.28877264,-0.5442034,0.3695323,0.5157286,-0.016157353,0.37947327,0.25608984,0.11600952,-0.095171966,0.12848139,0.19306022,-0.121693596,-0.9255767,-0.11361736,-0.0012064502
-0.5462584,0.18174362,0.34703282,-0.22873098,0.17391378,-0.46180645,0.31001973,0.91972286,-0.265373,-0.057271376,0.016531961,-0.74752635,-0.047878634,-0.29332408,0.3477762,-0.22711039,-0.85491973,-0.63415396,-0.3140442,-0.24254115,0.071140274,0.45129898,0.13358293,-0.5772261,-0.42064416,0.22832163,0.06908919,-0.54498273,-0.34607756,-0.24503255,0.301565,0.35192752,0.26005828,-1.0939625e-05,-0.6965978,0.5512832,-0.24077314,-0.10267789,-0.5039413,-0.38618863,0.4289426,-0.54362094,-0.040617373,0.1917234,0.22006816,-0.41531798,-0.2617091,0.3960997,0.47471932,0.2874851,-0.0008375856,-0.28883055,0.4117131,0.37560067,0.06167278,-0.021092242,0.584921,-0.27456245,-0.3672293,0.055483818,0.014725179,-0.010981906,0.06446495,-0.9675119,-0.7333841,0.44699395,0.55011743,0.58674186,-0.63033855,0.46374956,-0.23787223,0.13475703,0.37918043,0.05016893,0.5147844,0.17314507,0.04106379,-0.19231647,-0.6799117,0.5573259,0.14006948,0.50391114,-0.13192786,0.30063406,-0.16204461,-0.06933383,-0.2649755,0.7693777,0.6341935,-0.5007033,0.5945009,0.7033813,0.27851954,0.31210673,0.24686164,0.61754876,-0.102142006,-0.66118264,0.76743346,-0.43814477
0.49222192,-0.30857635,-0.020025507,-0.38663265,-0.2570397,-0.71330994,-0.10172619,0.95288646,0.5013857,0.015298053,0.007037605,-0.67594373,-0.14597647,0.77311534,-0.46457466,-0.6909105,0.11173557,-0.48158374,-0.3946788,-1.0490233,0.25140008,0.100673564,0.113267995,0.028375732,0.62387055,-0.92331725,-0.19856878,0.11268051,-0.05379036,0.25473922,0.29608378,0.2725338,-0.17417066,-0.5712294,0.23660648,0.6640808,0.6877144,-0.44444385,-0.030929878,-0.3133366,-1.1614383,-0.62905484,0.25029555,0.13010785,0.8965891,-0.11993717,0.35537252,0.37448594,0.5153012,0.3702979,0.93424726,0.18151781,-0.4782102,-0.24369204,-0.29878145,0.4219775,-0.25598103,-0.2078011,0.70531267,0.4058918,-0.06592153,0.03407534,-0.044527728,0.32902098,-0.2263707,0.30138904,-0.09564781,1.3069259,-0.61935395,-0.18767574,-0.37678897,-0.35922757,0.113446526,-0.6898205,-0.27187645,-0.08781614,0.42344284,-0.14869437,0.030731663,0.8272296,-0.32731152,0.206784,0.041274257,0.3705237,0.25268552,-0.24753538,0.052484825,0.765718,-0.16900839,0.2643353,0.12400141,-0.23693246,0.28609803,-0.013341443,0.95799124,-0.2563665,0.6971824,-0.4179397,0.290296,-0.27238545
-0.2614779,-0.07593552,-0.13680069,-0.77824646,-0.6210781,-0.54538524,-0.021353846,0.8492109,0.10388349,-0.6509958,0.48543078,-0.49904513,0.1668674,-0.32791212,0.032360516,-0.34546876,-0.06969799,-0.6714861,0.0075391443,-0.6736785,0.08498657,0.28028953,0.17483976,0.1398698,-0.8010379,-0.66960377,-0.06549156,-0.6277658,-0.23378217,-0.087253824,0.6927396,0.0028209738,0.21859388,0.55990773,-0.43637997,0.4618598,0.06944726,-1.0135802,-0.5620431,-0.40710694,-0.41494766,-0.29412264,-0.1532101,-0.15227166,0.11204605,0.3230308,-0.6369826,0.43641037,0.26779082,0.054504585,0.76594836,0.31933573,-0.621194,-0.2788442,-0.3858534,0.19411525,0.11704655,-0.3470524,-0.48458257,0.31977603,-0.5731379,-0.13042077,-0.66293496,-0.32029897,-1.0849566,0.51541126,0.15487479,0.0068046153,-0.5378503,0.24290888,-0.27258253,0.11174297,-0.19395563,-0.5360433,-0.19057493,0.29242656,-0.1937407,-0.54868495,-1.0347856,0.84256333,-0.3146827,0.16741946,0.32927763,0.90043163,-0.20452578,0.11890415,-1.0680467,0.18322703,0.1657395,-0.46574345,0.46336824,0.47771716,0.017477851,-0.04047761,-0.0039842254,-0.016966399,0.10132142,-1.0560863,0.21647172,-0.32158092
-0.27021396,0.4543841,0.49920318,-0.2167818,0.21446896,-0.36708432,0.35965168,0.9774602,-0.12809983,-0.3027028,-0.06572889,-0.99230295,0.027622243,-0.34214154,0.31875584,-0.075776234,-0.8294619,-0.6200672,-0.45437628,-0.13484791,0.013541477,0.40413374,0.09450475,-0.5991674,-0.17353633,0.032622848,0.049384277,-0.6610392,-0.62156725,-0.30656677,-0.27757317,0.39810398,0.20036191,-0.17290623,-0.8669016,0.91448075,-0.22811182,-0.42087093,-0.81925136,-0.032296333,0.37437338,-0.16046068,0.23077856,-0.0029458958,-0.013756852,-0.31772122,-0.57014436,0.42059353,0.38737696,0.6070985,0.060318828,-0.3612288,0.015044865,0.39412218,0.014807501,-0.19350584,0.6131904,-0.3726933,-0.2754069,0.009347006,-0.118587404,-0.27613625,-0.20638305,-0.7023843,-1.0275446,0.75843394,0.6499924,0.58793557,-0.5396949,0.21592183,-0.26926804,0.51246953,0.20044436,-0.3132523,0.31392044,0.03745489,0.079540335,-0.16377777,-0.7933332,0.93556094,0.0020088071,0.71670276,0.22261372,0.27215853,-0.4670071,0.24240081,-0.11702765,0.86333793,0.6364373,-0.5058125,0.42316803,0.6815426,0.046199713,0.22287099,0.0640423,0.41094404,-0.44998282,-0.66564626,0.7312356,-0.49502426
0.7636939,-0.14540009,-0.11004059,-0.65733844,-0.47574237,-0.6995585,-0.2623452,1.301053,0.40509334,-0.5230925,-0.35897937,-0.87033564,0.008013268,0.7059572,-0.53933144,-0.70027435,0.31584135,-0.746743,-0.25066775,-1.0529109,0.30793852,0.048557986,0.11058767,0.12986773,0.574084,-1.0040315,-0.3338521,0.06932609,-0.07390346,0.31177157,0.39946157,0.32084402,-0.6457791,-0.2821202,0.17928141,0.9910927,0.40252945,-0.8858355,-0.41096845,-0.23778689,-1.0840508,-0.51136786,0.56633914,0.020922508,0.87753856,-0.0553865,-0.14003018,0.25507408,0.42088255,0.32173198,1.064069,0.47234276,-0.42296442,-0.38905212,-0.30287695,0.18294051,-0.20624655,-0.28167924,0.61410475,0.27576786,-0.113486946,-0.15530393,-0.1227934,0.31702298,-0.29854536,0.5158064,-0.053338114,1.00028,-0.67245483,-0.22437474,-0.1403639,-0.10846757,-0.014608114,-0.64888906,-0.5234061,-0.084036544,0.47679326,-0.2332578,-0.26851216,0.7443588,-0.66558015,0.42383456,0.20617142,0.8293269,-0.044108473,0.065408856,0.15815921,0.62974536,0.0700196,-0.05072614,0.34921542,-0.3287742,0.21593753,-0.098926105,0.9708066,-0.21972546,0.51513344,-0.9570244,0.07489365,-0.2049595
-0.1417939,-0.025420537,0.29097253,-0.2517973,-0.6661724,-0.42024487,0.04672238,0.7826084,-0.311992,-0.58509564,-0.5937683,-0.57068217,-0.028573137,0.2855921,-0.10025259,-0.58632934,-0.19612534,-0.90470153,-0.7226921,-0.20702788,-0.22455482,0.09477806,0.057715468,0.3277126,0.28331482,-0.6718173,-0.17038813,-0.37746173,-0.066183366,0.26132163,0.54933035,-0.045179494,-0.02335538,-0.16760358,-0.23431388,0.7091313,0.28350997,-0.9339727,-0.220063,-0.3980411,-0.98461926,-0.13756067,-0.10244195,0.23286042,0.5421885,0.05282755,-0.47175282,0.42371202,0.06402671,0.09909585,0.57045615,0.33681867,-0.37131408,-0.40607342,-0.14516896,0.3493947,-0.049689334,-0.6809256,0.15534231,0.4325196,-0.24075201,-0.5586265,-0.41091108,-0.18723726,-1.2056407,0.18301171,-0.21125515,0.4995624,-0.7130804,0.2453666,0.0022933036,0.5566983,-0.19391719,-0.39088005,-0.24631791,-0.057069827,0.23959503,-0.22393513,-0.48850554,0.541278,-0.45162573,0.118714675,0.5759222,0.56942546,0.0176198,0.29156062,-0.35924834,0.49292055,0.45452744,0.044286493,0.3484983,0.114132084,0.24437995,-0.2862049,0.5662092,0.26363093,0.056881793,-0.6473111,0.25818676,-0.48044795
-0.61341107,0.028063118,0.40614173,-0.0475176,0.2633593,-0.58018607,0.36523128,1.050987,0.015913058,-0.06789365,0.34640583,-0.6537154,-0.2027741,-0.26727143,0.39039376,-0.053635556,-1.017186,-0.4591739,-0.12581095,-0.16048823,-0.034190305,0.6221195,0.19212624,-0.59518003,-0.4662877,0.24079391,0.12444787,-0.48668084,-0.37485412,-0.27246794,0.2784209,0.24295446,0.27453387,0.106902085,-0.80735296,0.6983888,-0.13255621,-0.10196081,-0.5599254,-0.42120567,0.6307007,-0.57078934,0.09231847,0.10126752,0.2757819,-0.4927078,-0.1908132,0.5315124,0.50146616,0.46957707,0.21181628,-0.38317254,0.43543112,0.5808156,-0.19662055,0.10782119,0.7692422,-0.39204693,-0.26611012,-0.17837402,-0.16002986,0.19960742,0.075298466,-1.1084872,-0.882744,0.56474805,0.22038691,0.62330127,-0.49100634,0.3439872,-0.2961477,0.20173113,0.5182889,0.092936054,0.5142861,0.46334442,0.054662704,-0.29604328,-0.963613,0.71851414,0.31596497,0.583208,0.10694748,0.07882879,-0.33171478,-0.028368944,-0.56151015,0.78828377,0.44147164,-0.57225865,0.3237057,0.7729343,0.17682435,0.23279247,0.3460043,0.79744303,-0.19809021,-0.4774674,0.67331535,-0.19824825
0.2932554,-0.43534938,-0.031706486,-0.2766075,-0.11475068,-0.76400524,-0.1352391,1.0369333,0.4345054,0.106184535,0.06766076,-0.6170561,-0.153684,0.71987516,-0.33792928,-0.5219897,0.06325089,-0.642897,-0.41566476,-1.1895373,0.17179136,0.018859476,0.14679861,0.046583086,0.7710659,-0.7853041,-0.33185744,0.18757375,-0.030713636,0.25683334,0.24458215,0.22235152,-0.18590306,-0.73286843,0.21134487,0.6516344,0.73845166,-0.4839966,0.10561703,-0.3698352,-1.2158881,-0.7668322,0.06302554,0.2753732,0.9294252,-0.1978591,0.2859054,0.30342367,0.5287115,0.46428645,0.7049687,0.18533936,-0.34070837,-0.26346374,-0.25846982,0.39417863,-0.34274536,-0.22397272,0.65692693,0.6631835,-0.084191434,-0.107903115,0.08704428,0.22912744,-0.22134432,0.18478763,-0.06051713,1.2301757,-0.5885777,-0.26742148,-0.59397215,-0.13727105,0.02368925,-0.7548489,-0.101596124,-0.07085301,0.5650709,-0.100379765,-0.05019151,0.7709568,-0.16803245,0.40509635,0.12124338,0.2618922,0.2276002,-0.21266057,0.09004598,0.8931879,-0.15177621,0.2752626,0.0970708,-0.24340446,0.4723149,0.051360738,0.9985228,-0.04595223,0.6253986,-0.30489305,0.37224957,-0.19593944
-0.15894197,-0.14528053,0.40841588,-0.37695238,-0.87356454,-0.41317692,-0.003142269,0.83880794,-0.31963664,-0.7144688,-0.828793,-0.47647402,-0.1784519,0.37750033,-0.05156035,-0.52448183,-0.35443398,-1.0061698,-0.7951507,-0.110839956,-0.41637808,0.18607137,0.054714918,0.46205115,0.415345,-0.7700007,-0.022462716,-0.5609741,-0.14736466,0.3253186,0.4921052,-0.15052657,-0.050797753,-0.28065005,-0.11272172,1.0189072,0.17731497,-1.052564,-0.37211713,-0.49090093,-1.2459619,0.039386403,-0.015413215,0.3674473,0.5976904,0.17649066,-0.74682105,0.59419894,-0.04005198,0.18974598,0.5842468,0.4981474,-0.4255379,-0.54377085,-0.13390312,0.39790273,-0.19776341,-0.71462804,0.27724305,0.4272833,-0.34113795,-0.66717046,-0.47553825,-0.21513331,-1.4220443,0.22333927,-0.27920926,0.6191187,-0.7762603,0.2525755,0.18485962,0.7901043,-0.17474534,-0.45475549,-0.31478962,-0.028125355,0.39249682,-0.40609843,-0.59482974,0.7203569,-0.6642621,0.2783331,0.7882447,0.53435165,-0.076805644,0.44730327,-0.42788807,0.5922684,0.51000637,-0.09156323,0.33567306,0.17789374,0.2951753,-0.16442572,0.49700084,0.2938467,0.04866326,-0.8013089,0.18003957,-0.39741188
-0.6441553,0.15564078,0.37386218,-0.11448066,0.1986599,-0.5717259,0.3434408,0.9876469,-0.07154174,-0.14284652,0.30404514,-0.7359779,-0.10481572,-0.4368005,0.42454004,-0.03448993,-0.8853926,-0.58524275,-0.2613744,-0.1676146,-0.0045975684,0.48259294,0.16943792,-0.61135995,-0.52342945,0.23798181,0.08488146,-0.58925855,-0.41531733,-0.29789707,0.16175905,0.27242398,0.3103524,0.11516316,-0.85695976,0.6649838,-0.14128937,-0.20327707,-0.6552117,-0.27940255,0.60548204,-0.47723138,0.10049267,0.10599505,0.11090028,-0.41002515,-0.40200913,0.4256766,0.4835594,0.4355075,0.05959371,-0.314011,0.3090579,0.50110614,-0.09984901,-0.05787687,0.70029664,-0.39380932,-0.34855598,-0.08243687,-0.17789896,0.0113555305,-0.059034202,-1.0696733,-0.9403953,0.67300135,0.47043797,0.5761317,-0.54055315,0.3421078,-0.3147374,0.29071,0.35514364,-0.0054763746,0.52532893,0.34560236,0.03598673,-0.25389183,-0.97179407,0.7794576,0.21429777,0.683648,0.10637046,0.23502035,-0.39501217,0.0062468606,-0.5117999,0.81279874,0.50378966,-0.58584964,0.40793225,0.77725035,0.11473732,0.20008133,0.26995507,0.733318,-0.25227225,-0.59256846,0.7400484,-0.33367577
0.62443,-0.11021109,0.13212436,-0.5633865,-0.61346155,-0.5947559,-0.2398771,0.8783172,0.3126623,-0.42708808,-0.34960192,-0.91893,-0.24808222,0.57789797,-0.3464085,-0.5904497,-0.14207718,-0.72424775,-0.3740953,-0.76512676,0.115516126,0.14575557,0.0765066,0.17627776,0.5099262,-0.9265304,-0.047414824,-0.17294359,-0.20104153,0.1257981,0.19044584,0.2302736,-0.20675652,-0.46681175,0.12555616,1.0602041,0.4323779,-0.748667,-0.51207876,-0.31266093,-1.0798224,-0.1862955,0.41728014,0.13114655,0.72658837,-0.05260911,-0.19402051,0.5737476,0.440936,0.55474937,0.91920567,0.40218857,-0.5027266,-0.17022169,-0.31556833,0.39882687,-0.059094977,-0.19444357,0.6101314,0.2560704,-0.2897766,-0.12038918,-0.17467894,0.13795419,-0.505846,0.4373641,-0.20667385,1.1707022,-0.66406894,0.039163426,0.128652,0.16861859,0.08170624,-0.57536703,-0.28965715,-0.03206199,0.5771349,-0.29234248,-0.3259377,1.0282507,-0.74626213,0.40226012,0.47196287,0.32469434,-0.19515097,-0.048550703,-0.15531254,0.70925266,0.020813866,0.0077064205,0.19960992,-0.12484142,0.2681621,-0.044912696,0.61032444,-0.05412504,0.5322648,-0.75202686,0.00050787977,-0.09428351
-0.17577234,-0.41820478,-0.031424914,-0.8644452,-0.823148,-0.48987654,-0.19663587,0.9235266,0.0610623,-0.6514706,0.20048818,-0.39354134,-0.029443191,-0.12755501,0.048917282,-0.21666236,-0.264455,-0.8318379,0.024679147,-0.7245599,-0.19306459,0.21241316,0.27597213,0.37162486,-0.44000164,-0.75688624,0.033701006,-0.60968494,-0.12898105,0.011968136,0.6638454,-0.13950185,0.12515269,0.33006522,-0.09969885,0.7751255,0.011578986,-1.0923971,-0.54956657,-0.73210734,-0.79754096,-0.36070433,-0.21865019,0.115689866,0.4339662,0.33865657,-0.7379231,0.587849,0.05413956,0.2493829,0.6176495,0.62871915,-0.5230938,-0.33180818,-0.4090622,0.3774758,-0.15980613,-0.30822396,-0.24677853,0.4161866,-0.5936572,-0.23916322,-0.5238664,-0.44838944,-1.0515355,0.3451795,-0.2010787,0.016712377,-0.63140094,0.27725726,-0.09029819,0.47644925,-0.09299868,-0.53356224,-0.2109239,0.31837136,0.16371393,-0.6443271,-0.9987328,0.8430387,-0.45923087,0.2668537,0.57306516,0.7226001,-0.30188647,0.19873728,-1.1011394,0.29511252,0.071951844,-0.48381385,0.33665085,0.31783035,0.21237679,0.09672583,0.08007195,0.13678166,0.161381,-1.1506565,-0.095977984,-0.043482877
-0.41039672,0.26725265,0.45435286,0.028414607,0.35228488,-0.5026707,0.34647515,0.9148778,0.17750113,-0.011449466,0.46219695,-0.7505457,-0.23429845,-0.28505012,0.305077,0.034634653,-0.931908,-0.22818784,-0.17340454,-0.17251626,-0.042083915,0.50546795,0.18203685,-0.6283916,-0.42876607,0.1029985,0.09028368,-0.38191682,-0.42230046,-0.23238291,-0.109890364,0.38605225,0.38962406,-0.09747084,-0.82472664,0.7272524,0.14214787,-0.12942547,-0.54409564,-0.38627177,0.5877027,-0.31664827,0.17188996,-0.15626535,0.37437394,-0.514032,-0.08973701,0.61179763,0.51282996,0.670744,0.31001273,-0.5896317,0.20403208,0.721635,-0.30556384,0.2556147,0.8559148,-0.37114012,-0.1609793,-0.20805493,-0.26775265,0.27721223,-0.058304686,-0.8730002,-0.74812776,0.5909064,0.08165786,0.7204182,-0.46468812,0.24679558,-0.38522372,0.111413054,0.46488374,-0.019590143,0.43581444,0.312928,0.03414425,-0.20260544,-0.8271344,0.84766275,0.34297898,0.49623603,0.18291782,-0.03276455,-0.39933988,-0.057113875,-0.51455414,0.75458026,0.18665352,-0.34533653,0.15248424,0.57684386,-0.03560084,0.018498454,0.33311075,0.6042565,-0.20951891,-0.41125354,0.49429232,-0.2674294
0.77616084,-0.16638048,-0.14626282,-0.65950996,-0.499591,-0.7674324,-0.30156848,1.3155782,0.47434047,-0.48758,-0.30786934,-0.8492,0.0027004154,0.6902762,-0.5250581,-0.6826386,0.39334163,-0.7902749,-0.26718804,-1.1532866,0.32616374,0.064546615,0.13857493,0.13399783,0.60030025,-1.0150532,-0.40012538,0.13185234,-0.055440143,0.34920102,0.39524758,0.32620114,-0.6640293,-0.2980479,0.20140308,1.0027324,0.45971018,-0.88950694,-0.37434807,-0.2598758,-1.1779153,-0.5636152,0.5816136,0.03276672,0.9452434,-0.06761704,-0.11870561,0.25756687,0.43990752,0.35967767,1.0683672,0.48164573,-0.4348025,-0.42660818,-0.31566918,0.2049827,-0.23811896,-0.2875641,0.66427284,0.30269438,-0.16537714,-0.1316689,-0.1302311,0.3129707,-0.2763919,0.5361055,-0.08261902,1.0549678,-0.66585153,-0.28325823,-0.20357476,-0.150271,-0.02960936,-0.67405796,-0.5486773,-0.07187228,0.49644396,-0.23779291,-0.26458865,0.78361475,-0.6162971,0.46796763,0.22292617,0.85432565,-0.015167863,0.0689896,0.122073255,0.6645695,-0.0166711,-0.054293834,0.31144255,-0.3876238,0.20805308,-0.13671845,1.0529929,-0.20630288,0.58141744,-0.96890366,0.06842338,-0.2241431
-0.11320783,-0.48430932,0.068441264,-0.8395337,-1.0257459,-0.37673593,-0.007050802,0.7249007,-0.31797007,-0.7757831,-0.5360227,-0.3559222,-0.13749133,0.33229566,-0.28800318,-0.7773948,-0.061192553,-1.1105539,-0.61872524,-0.45385924,-0.3326821,-0.05844552,0.0999462,0.5460925,0.08155967,-0.7745243,0.265134,-0.8106571,-0.25440556,0.25676012,1.0204052,-0.2969166,-0.073463686,-0.189531,0.12752314,0.8356902,-0.08059757,-1.3848763,-0.42027098,-0.659325,-1.2307913,-0.1831625,-0.23655838,0.13483553,0.62262213,0.3357487,-0.87075484,0.34630805,-0.06180079,-0.036985513,0.35694385,0.7267483,-0.75604784,-0.8042225,-0.32042193,0.46038255,-0.5107083,-0.1776234,-0.015602212,0.75227267,-0.22586125,-0.8184747,-0.5724616,-0.15642959,-1.3368341,0.16679186,0.060118616,0.14401434,-0.932078,0.6337902,0.11004262,0.8042447,-0.5787268,-0.7380022,-0.019160066,0.017749187,0.35974985,-0.29998744,-0.6956091,0.9501352,-1.0775361,0.021192547,0.5663999,0.9195589,-0.22575927,0.39169195,-0.61537915,0.27338433,0.6701792,-0.16200642,0.46237585,0.069451116,0.23645501,-0.16521302,0.19977413,-0.09501822,0.085979894,-1.1526808,-0.038859945,-0.26826322
-0.065121524,0.6049579,0.32732472,-0.23812176,0.35386348,-0.32465452,0.2950002,1.0209303,-0.11932995,-0.30987975,-0.09501437,-1.1035414,0.051030863,-0.07832258,0.24743769,-0.1434727,-0.6916322,-0.52034837,-0.3408979,-0.22763945,0.14046986,0.342892,0.18625078,-0.5420491,-0.111453295,-0.010320728,-0.09772831,-0.53949803,-0.5318907,-0.23322551,-0.114197865,0.45929372,0.044385176,-0.19167164,-0.7993951,0.90317166,-0.19137761,-0.35755193,-0.68442965,-0.05347728,0.32946318,-0.055420887,0.24889514,-0.14162251,-0.046422757,-0.22599745,-0.4014537,0.4230043,0.41059434,0.52174777,0.20359538,-0.31650856,0.027459588,0.36447233,-0.035509057,-0.2608021,0.6755296,-0.30058378,-0.25135958,0.06635611,-0.033378005,-0.1489473,-0.21384795,-0.4530663,-0.83708847,0.62734175,0.6418232,0.6194502,-0.46315724,0.19959386,-0.26550394,0.26802275,0.2100749,-0.2133723,0.092309006,-0.061712436,0.053918328,-0.08732864,-0.5767844,0.75170714,-0.055456765,0.5456901,0.1377164,0.26049083,-0.39599273,0.29075548,0.10632113,0.7491685,0.7067418,-0.38328153,0.51131546,0.5516273,-0.07643546,0.22917497,0.061831877,0.34922606,-0.3736174,-0.66913986,0.59811366,-0.34783238
0.4583743,0.0049568615,0.19273,-0.4061139,-0.47716224,-0.60425764,-0.28295377,1.11244,0.118558384,-0.57319206,-0.4211272,-0.945202,0.08405597,0.46402702,-0.15168388,-0.567658,-0.11303463,-0.92774487,-0.46967527,-0.63817304,0.14672524,0.053674016,0.2194834,0.23826186,0.57265407,-0.86876947,-0.39170668,-0.07904532,0.08034494,0.28028336,0.19159009,0.09811857,-0.3420941,-0.20923625,-0.07560983,1.1129937,0.43746364,-0.7019017,-0.42003733,-0.3447104,-1.0654361,-0.5272288,0.29637337,0.38951227,0.6083464,-0.08531553,-0.2013456,0.47776112,0.30902904,0.4385017,0.87905335,0.47108513,-0.3039661,-0.22406182,-0.23603392,0.14770459,0.03511121,-0.6841314,0.52127856,0.17032865,-0.35232237,-0.21694511,-0.2157237,-0.06661888,-0.70268697,0.4713025,-0.22769101,0.97867316,-0.8022662,-0.24448204,-0.11903617,0.30443272,0.094909325,-0.46966615,-0.46232727,0.036741454,0.32578984,-0.20961075,-0.3612031,0.7266208,-0.47201815,0.45491192,0.5060019,0.49991402,-0.053406168,0.10102328,-0.16663985,0.79321057,0.039631296,-0.062436663,0.29427475,-0.058299907,0.15972485,-0.12101321,0.83919334,0.19747387,0.34074116,-0.7505454,0.20769808,-0.4070265
-0.13481866,-0.28803256,0.033594407,-0.5044626,-0.8463013,-0.44169194,0.010197318,0.62251544,-0.31165093,-0.6832445,-0.38578087,-0.38376683,-0.07309812,0.22383493,-0.24559419,-0.7049745,0.11587311,-1.0258224,-0.5271326,-0.48505065,-0.22514911,-0.072135456,0.13987075,0.4767966,0.17011636,-0.6605412,-0.0079446575,-0.51054,-0.10548394,0.27491438,0.9334491,-0.24786556,-0.023018405,-0.085861444,-0.008669579,0.60093355,0.124417126,-1.2103587,-0.20394208,-0.63380736,-1.0973849,-0.23933256,-0.29153043,0.033133656,0.54085666,0.18788612,-0.6145052,0.2120874,-0.05615398,0.011454546,0.42270213,0.51185215,-0.6305251,-0.6911726,-0.34325284,0.50696063,-0.33524778,-0.26549116,-0.049792256,0.68518275,-0.20322445,-0.6693807,-0.52024573,-0.07888047,-1.1711411,0.08588571,-0.13262093,0.13001706,-0.7710328,0.5318885,-0.020495446,0.65614647,-0.43500206,-0.5723398,-0.09793967,0.003693354,0.23703416,-0.19354887,-0.5385357,0.6935864,-0.7334586,-0.09712869,0.40220067,0.84196764,-0.096791856,0.31900334,-0.5240423,0.2987639,0.5000586,0.056628842,0.37875965,-0.029833471,0.117960595,-0.32458672,0.44614217,0.09773277,0.11437803,-0.8528341,0.0072362106,-0.3478768
-0.065121524,0.6049579,0.32732472,-0.23812176,0.35386348,-0.32465452,0.2950002,1.0209303,-0.11932995,-0.30987975,-0.09501437,-1.1035414,0.051030863,-0.07832258,0.24743769,-0.1434727,-0.6916322,-0.52034837,-0.3408979,-0.22763945,0.14046986,0.342892,0.18625078,-0.5420491,-0.111453295,-0.010320728,-0.09772831,-0.53949803,-0.5318907,-0.23322551,-0.114197865,0.45929372,0.044385176,-0.19167164,-0.7993951,0.90317166,-0.19137761,-0.35755193,-0.68442965,-0.05347728,0.32946318,-0.055420887,0.24889514,-0.14162251,-0.046422757,-0.22599745,-0.4014537,0.4230043,0.41059434,0.52174777,0.20359538,-0.31650856,0.027459588,0.36447233,-0.035509057,-0.2608021,0.6755296,-0.30058378,-0.25135958,0.06635611,-0.033378005,-0.1489473,-0.21384795,-0.4530663,-0.83708847,0.62734175,0.6418232,0.6194502,-0.46315724,0.19959386,-0.26550394,0.26802275,0.2100749,-0.2133723,0.092309006,-0.061712436,0.053918328,-0.08732864,-0.5767844,0.75170714,-0.055456765,0.5456901,0.1377164,0.26049083,-0.39599273,0.29075548,0.10632113,0.7491685,0.7067418,-0.38328153,0.51131546,0.5516273,-0.07643546,0.22917497,0.061831877,0.34922606,-0.3736174,-0.66913986,0.59811366,-0.34783238
0.44434005,-0.3961898,-0.029553192,-0.45430505,-0.35616633,-0.7317277,-0.22653522,0.9966506,0.52916735,-0.02763392,0.021306783,-0.63375086,-0.082108624,0.6237967,-0.37421662,-0.60768884,0.10570446,-0.68990445,-0.360582,-1.1555203,0.22734486,0.02120301,0.18691032,0.06360432,0.6913412,-0.8206556,-0.24715114,0.18130848,0.012491672,0.34136128,0.2287648,0.22193348,-0.24581271,-0.574671,0.3042363,0.78256154,0.54750276,-0.5177711,-0.037062302,-0.3959684,-1.1747785,-0.8217884,0.249506,0.24926302,1.0239837,-0.17927396,0.26697555,0.27816826,0.4749538,0.49016368,0.7637116,0.30262792,-0.3512807,-0.28581423,-0.2504207,0.3619034,-0.33454677,-0.18259083,0.6863011,0.4056178,-0.15787399,0.019984076,0.037012357,0.20309317,-0.17241389,0.31895086,-0.09147485,1.2424972,-0.6323811,-0.22550374,-0.38352254,-0.18314052,0.084667444,-0.6449816,-0.20452136,-0.027396487,0.49400488,-0.1618648,0.043002024,0.8837112,-0.30942276,0.33550677,0.12012005,0.39272225,0.18554789,-0.17948997,-0.05729963,0.786906,-0.209219,0.14384902,0.07093605,-0.32885638,0.30737054,-0.04717256,0.97566795,-0.12074672,0.65631145,-0.55573153,0.2024275,-0.26086506
-0.25577325,-0.24200709,0.10940297,-0.44929144,-0.44874272,-0.17765899,0.4425416,0.8982589,-0.043439437,-0.75528085,-0.27808154,-0.0919729,-0.13287619,0.17977858,-0.12391273,-0.2991156,-0.24627171,-0.79667145,-0.7056733,-0.21347387,-0.2119407,0.24532384,0.24378368,0.20875846,0.049754165,-0.6608302,0.15381823,-0.3092005,-0.20825557,0.4260821,0.49144438,-0.15720627,-0.059867665,-0.5274609,-0.15188205,1.026504,0.074297726,-1.213437,-0.047347534,-0.6874253,-0.7354907,0.06891819,-0.070095815,-0.30670393,0.94840217,0.0009077572,-0.15735143,0.4790424,-0.09537376,0.28134876,0.50877106,-0.00960635,-0.37388933,-0.5769499,-0.12370809,0.24852692,-0.11534034,-0.46092355,0.059191234,0.38453612,-0.28377336,-0.28445855,-0.6467198,-0.18151492,-1.2966704,0.118902236,0.17221045,0.23033145,-0.53829414,0.15514997,-0.13778812,0.1136158,-0.50376946,-0.20730445,-0.2946031,-0.17574073,-0.07248078,-0.022270054,-0.35832798,0.7339594,-0.28101826,0.087555066,0.5168876,0.8266442,0.09223887,0.9537446,-0.07555094,0.32421586,0.5492369,-0.16839804,0.061170902,-0.072869614,0.06417687,-0.4207345,0.43076175,0.019975662,-0.39280134,-1.0854198,0.0849227,-0.6634271
-0.19617471,0.6253507,0.18136472,-0.096414074,0.44072065,-0.44019356,0.23283045,0.89334637,0.058662016,-0.12745717,0.35827687,-1.0036051,-0.06691159,-0.17077905,0.26375535,-0.033408638,-0.57512045,-0.28508818,-0.20788927,-0.30335215,0.16569294,0.24052978,0.2718876,-0.5735955,-0.4281972,0.0513806,-0.15507019,-0.36998627,-0.35727152,-0.1735928,-0.03160081,0.49794078,0.22696193,-0.09796814,-0.80324763,0.6646733,0.16118449,-0.18391266,-0.49915016,-0.22127587,0.49676976,-0.06602512,0.20193426,-0.3156823,0.098625705,-0.27862316,-0.16504207,0.46441987,0.51797086,0.49930274,0.28261992,-0.42293563,0.061025627,0.5643178,-0.23173451,-0.06978363,0.8375177,-0.28022635,-0.24935095,0.0005381815,-0.1737526,0.18045115,-0.24445958,-0.5071192,-0.58583784,0.56606126,0.42342657,0.6908533,-0.43400425,0.22885533,-0.40027693,-0.081432514,0.25653696,-0.016781826,0.16503781,0.030276578,-0.023881683,-0.05014756,-0.56269306,0.68208003,0.12607455,0.41532266,0.065948546,0.17365964,-0.38894102,0.055744916,-0.15599191,0.6405475,0.38054177,-0.2173847,0.39469048,0.4245201,-0.26865256,-0.0048120003,0.22644775,0.44715387,-0.18307525,-0.5782411,0.42251667,-0.25612903
0.7883232,-0.17382115,-0.13449901,-0.6465928,-0.48578975,-0.7536601,-0.3027633,1.3052417,0.46248928,-0.49438065,-0.3286882,-0.8417037,-0.0010498551,0.7045704,-0.53000486,-0.67616284,0.38458857,-0.78598714,-0.2568023,-1.1520404,0.32118696,0.055285778,0.13520403,0.14095977,0.632411,-1.0219481,-0.39431843,0.13632043,-0.048177976,0.35672003,0.3748778,0.3158269,-0.66193426,-0.32016402,0.21262814,1.0111687,0.46908396,-0.88485223,-0.36528254,-0.2738704,-1.1941721,-0.5572589,0.5727709,0.046381596,0.94772583,-0.06817091,-0.11614275,0.25413337,0.4241354,0.37151644,1.0714978,0.4783072,-0.43314946,-0.43842155,-0.3180032,0.2164188,-0.2549625,-0.2859784,0.66453373,0.31404313,-0.15300097,-0.1390078,-0.121040605,0.32946697,-0.26261154,0.5093182,-0.09409091,1.0512388,-0.67324793,-0.28363672,-0.19583201,-0.13851006,-0.015186356,-0.6824019,-0.54777485,-0.07987456,0.49898303,-0.23507483,-0.24712484,0.7668901,-0.61903477,0.45949358,0.20460847,0.8387747,-0.01135636,0.06601126,0.15105955,0.67875427,-0.021387959,-0.034741446,0.31548432,-0.38260308,0.21201451,-0.11916642,1.0541455,-0.20473851,0.5792958,-0.9518029,0.062707216,-0.22843064
-0.16529709,-0.4837618,-0.13243477,-1.0292459,-0.8053093,-0.47820747,-0.1944986,0.9532848,0.09596107,-0.5904829,0.35133904,-0.4448098,0.05816755,-0.18669671,0.020026714,-0.28759277,-0.2477985,-0.84805745,0.013922061,-0.8255856,-0.09946052,0.15551037,0.2671177,0.30523896,-0.6733505,-0.75195926,0.079418175,-0.6662968,-0.16091873,-0.065985225,0.7837775,-0.08532589,0.12190069,0.37971166,-0.11581714,0.6749487,-0.028861025,-1.1313975,-0.5840536,-0.6772985,-0.6981728,-0.5112288,-0.26342386,0.101953216,0.46239793,0.3424566,-0.7083306,0.5620538,0.15212996,0.14698672,0.5355876,0.67085135,-0.57179016,-0.3015057,-0.402693,0.29615146,-0.16136126,-0.23324482,-0.33206397,0.49002627,-0.5799483,-0.2482031,-0.52328914,-0.54570276,-0.99875927,0.39655933,-0.0023414488,-0.0914322,-0.6937058,0.322071,-0.1861526,0.38086668,-0.24117154,-0.61522144,-0.08852903,0.33067524,0.12592506,-0.5842311,-1.0741098,0.9132699,-0.48931375,0.25937566,0.5564213,0.82093185,-0.3197078,0.11410766,-1.1980188,0.1894368,0.09645476,-0.5775756,0.39362127,0.33823454,0.2700964,0.0965237,-0.048127092,-0.015781239,0.16760294,-1.2629409,-0.06360383,-0.0644376
-0.46535853,0.42772257,0.40695527,-0.06840535,0.25776538,-0.49588266,0.31768548,0.836292,0.047151554,-0.11803742,0.39671406,-0.8576047,-0.09763541,-0.51704144,0.3573604,0.05544301,-0.7560219,-0.4159691,-0.3568297,-0.18156323,-0.0009005546,0.3209096,0.15147094,-0.6485633,-0.50968117,0.10774405,0.038015142,-0.52950907,-0.474972,-0.26985323,-0.24603096,0.41762924,0.4316814,-0.07333852,-0.89185,0.6795166,0.11297084,-0.26701877,-0.67610365,-0.1934759,0.55571437,-0.20388985,0.17815629,-0.13366923,0.1414997,-0.39901057,-0.38644862,0.46125576,0.48749802,0.6113255,0.09456939,-0.4816309,0.044731274,0.6032332,-0.16569404,0.01854274,0.7556976,-0.3748701,-0.28091308,-0.07428627,-0.28558996,0.013515632,-0.2346619,-0.834349,-0.8358116,0.73811984,0.43414846,0.64949024,-0.53445995,0.25028586,-0.4052173,0.23940383,0.24389684,-0.14787434,0.45590279,0.16043368,0.0097471755,-0.15048704,-0.8469133,0.9233881,0.20149815,0.6397767,0.1773763,0.18897344,-0.48214725,-0.0077206,-0.4491372,0.79039484,0.28826696,-0.3782067,0.278997,0.5950341,-0.10769391,-0.013086004,0.22934891,0.5281587,-0.2833049,-0.5736558,0.5972393,-0.4493184
0.3665592,-0.15396418,0.26970428,-0.30422008,-0.40630403,-0.3883823,-0.1394682,0.74366987,-0.031969316,-0.4283176,-0.31660724,-0.62534267,-0.16892864,0.5596406,-0.30313748,-0.29431358,-0.24281386,-0.59370244,-0.23561668,-0.4827985,-0.068810545,0.009051823,0.18624438,0.25338444,0.5212093,-0.8811471,-0.028368467,-0.09802942,0.008228781,0.28330454,0.055450894,0.0128695145,-0.1462849,-0.25558716,0.18000762,0.87585527,0.6321048,-0.63650084,-0.2895591,-0.48779345,-1.1128721,-0.26032463,0.22233899,0.26382035,0.65379417,0.05691216,-0.21416454,0.5003355,0.16809037,0.3352465,0.8651794,0.39654776,-0.339397,-0.34488434,-0.34133396,0.43993634,-0.24699338,-0.44987613,0.43432346,0.25444883,-0.14855742,-0.19258088,-0.14982696,0.18872721,-0.4573275,0.11178992,-0.37747943,0.7746583,-0.6814808,-0.061340146,0.002550824,0.14506683,0.28939083,-0.48726764,-0.43583456,-0.13697794,0.41200876,-0.35525966,-0.055933245,0.49514621,-0.47159266,0.09414679,0.20159002,0.34927332,0.022194507,-0.102899775,-0.04576087,0.7583874,-0.10401355,0.24009593,0.27860427,0.12285133,0.1777437,0.093197614,0.7567371,0.15142581,0.37079123,-0.4713637,0.0033387027,-0.19457033
-0.05825513,-0.0767846,0.23493235,-0.42927465,-0.67203915,-0.20566273,0.111345366,0.55587476,-0.40934134,-0.6576663,-0.44384462,-0.58048856,-0.19114272,0.18695457,-0.07953829,-0.33523813,-0.2804933,-0.90102977,-0.49175215,-0.23073256,-0.311173,0.0032583647,0.20497736,0.32752943,0.1569874,-0.6896387,0.07862416,-0.6102289,-0.2557977,0.09887694,0.47935233,-0.12184501,0.055265076,-0.11277691,-0.13254198,0.7118017,0.2392511,-1.1819979,-0.4068188,-0.51879627,-1.0190144,0.10519439,-0.2180924,-0.017805958,0.29588962,0.21449268,-0.72732306,0.47720677,-0.0659011,0.222229,0.44336358,0.36799854,-0.5693084,-0.51270574,-0.28293416,0.4841835,-0.1583308,-0.38540494,-0.06267019,0.618881,-0.14392745,-0.6800109,-0.5424104,-0.052429378,-1.2430937,0.074914396,-0.18498962,0.10714312,-0.7094013,0.5460223,0.06439891,0.6507274,-0.25229084,-0.5858963,-0.2725219,-0.2309864,0.3479323,-0.28071693,-0.49553728,0.6541993,-0.58409053,-0.060876794,0.43251616,0.616024,-0.21613994,0.31780225,-0.39857635,0.453676,0.44370955,0.04516209,0.39243042,0.24106467,0.15479352,-0.07890574,0.22185981,0.17726013,-0.07312621,-0.7701528,0.016484676,-0.28566045
0.6002444,-0.1083405,0.12408551,-0.54004467,-0.5956898,-0.5757168,-0.22519633,0.85982245,0.29693216,-0.41534728,-0.34359497,-0.8880585,-0.24446842,0.55501103,-0.33265397,-0.5671626,-0.13603368,-0.70254576,-0.357599,-0.7299015,0.112750255,0.13991131,0.07369914,0.16461961,0.4894129,-0.8914724,-0.04750203,-0.16532823,-0.1903081,0.12138244,0.19620329,0.22616029,-0.20878536,-0.43806016,0.1199233,1.0175714,0.4122198,-0.728197,-0.49705574,-0.30078503,-1.0305543,-0.18389636,0.4093259,0.12765735,0.70034784,-0.0555643,-0.18809856,0.5489431,0.42172977,0.52561927,0.8881024,0.39044237,-0.47526544,-0.16412868,-0.29919147,0.3775533,-0.04875754,-0.1963504,0.59126765,0.23815788,-0.26984692,-0.11336952,-0.16793554,0.12552424,-0.4885939,0.42978013,-0.19960731,1.1263232,-0.6416085,0.04411467,0.13230236,0.1610318,0.083955675,-0.54474956,-0.28332725,-0.029949022,0.56113046,-0.2876198,-0.31997758,0.98240024,-0.7185147,0.3854062,0.45311922,0.32313338,-0.1865487,-0.043417037,-0.14781253,0.68225247,0.02971569,0.001464304,0.19986318,-0.11771035,0.26403508,-0.04077049,0.59865624,-0.044858187,0.50714207,-0.72920346,0.004308746,-0.09252656
-0.0360269,-0.23095201,0.2748738,-0.7074825,-0.8139787,-0.13854037,0.10214423,0.6385865,-0.41980433,-0.7342473,-0.5734201,-0.56739414,-0.25158143,0.27634883,-0.10651139,-0.3767639,-0.45046258,-0.9658145,-0.56702065,-0.19108094,-0.40625465,0.018754821,0.17478335,0.3780278,0.08172235,-0.78715587,0.3131414,-0.86820585,-0.38911667,0.074324034,0.5286787,-0.15651846,0.016905025,-0.20149417,-0.02437297,0.91532665,0.07265105,-1.3274673,-0.59966826,-0.5342316,-1.1272318,0.17062849,-0.16793498,0.065156706,0.3518517,0.34040886,-0.9490501,0.6041883,-0.07116932,0.19253077,0.38907567,0.54139245,-0.6717899,-0.59851265,-0.26053345,0.44376108,-0.29677552,-0.31772232,-0.034556363,0.6718882,-0.15986913,-0.80612326,-0.58754826,-0.11634174,-1.3864115,0.14246844,-0.025438877,0.1177264,-0.8417745,0.6325781,0.17879379,0.7751565,-0.36370587,-0.726115,-0.2153697,-0.23150146,0.45710856,-0.37493724,-0.6255466,0.8681673,-0.86597866,0.040670127,0.57238466,0.6694722,-0.33102557,0.37895045,-0.46888813,0.440457,0.5840033,-0.13955534,0.46356362,0.33893055,0.25651687,0.06823423,0.0025876618,0.01912916,-0.106909074,-1.0183036,-0.021846374,-0.21534295
0.7843483,-0.16570023,-0.1399888,-0.6434627,-0.48311937,-0.7563656,-0.29985198,1.3028964,0.47183168,-0.486445,-0.31755784,-0.8403863,-0.0017926244,0.69383746,-0.52364284,-0.67281264,0.390838,-0.7762158,-0.25873092,-1.1462251,0.325564,0.060747854,0.13410728,0.13378166,0.6187399,-1.0139575,-0.399705,0.1362635,-0.05285122,0.3492742,0.37382966,0.3223266,-0.66041744,-0.31046996,0.20130402,1.0003868,0.46728793,-0.8789243,-0.3669657,-0.26332706,-1.1807399,-0.5512338,0.575498,0.034333717,0.9366992,-0.06929402,-0.11355034,0.25496036,0.42782873,0.3685771,1.0680993,0.46902063,-0.43536648,-0.4289398,-0.3164231,0.2117192,-0.24282303,-0.2872657,0.66284156,0.30725798,-0.15570267,-0.13555746,-0.12796056,0.32295045,-0.26459923,0.5187461,-0.09167676,1.0461686,-0.66477054,-0.2868732,-0.20186664,-0.14594297,-0.019996852,-0.6804474,-0.5497058,-0.077482015,0.4929017,-0.23388176,-0.2559318,0.76985586,-0.6072245,0.4609358,0.20949481,0.83943546,-0.013891823,0.06690542,0.14328487,0.6702268,-0.023327207,-0.04071952,0.31026813,-0.3844958,0.20652814,-0.12593432,1.0481478,-0.2093405,0.5759006,-0.94848436,0.06648259,-0.23012862
-0.15894197,-0.14528053,0.40841588,-0.37695238,-0.87356454,-0.41317692,-0.003142269,0.83880794,-0.31963664,-0.7144688,-0.828793,-0.47647402,-0.1784519,0.37750033,-0.05156035,-0.52448183,-0.35443398,-1.0061698,-0.7951507,-0.110839956,-0.41637808,0.18607137,0.054714918,0.46205115,0.415345,-0.7700007,-0.022462716,-0.5609741,-0.14736466,0.3253186,0.4921052,-0.15052657,-0.050797753,-0.28065005,-0.11272172,1.0189072,0.17731497,-1.052564,-0.37211713,-0.49090093,-1.2459619,0.039386403,-0.015413215,0.3674473,0.5976904,0.17649066,-0.74682105,0.59419894,-0.04005198,0.18974598,0.5842468,0.4981474,-0.4255379,-0.54377085,-0.13390312,0.39790273,-0.19776341,-0.71462804,0.27724305,0.4272833,-0.34113795,-0.66717046,-0.47553825,-0.21513331,-1.4220443,0.22333927,-0.27920926,0.6191187,-0.7762603,0.2525755,0.18485962,0.7901043,-0.17474534,-0.45475549,-0.31478962,-0.028125355,0.39249682,-0.40609843,-0.59482974,0.7203569,-0.6642621,0.2783331,0.7882447,0.53435165,-0.076805644,0.44730327,-0.42788807,0.5922684,0.51000637,-0.09156323,0.33567306,0.17789374,0.2951753,-0.16442572,0.49700084,0.2938467,0.04866326,-0.8013089,0.18003957,-0.39741188
0.50074786,-0.17647256,0.16239353,-0.47266608,-0.5692362,-0.49762082,-0.20223399,0.7311033,0.23614813,-0.25591004,-0.25444707,-0.7899057,-0.24826959,0.55041355,-0.37341723,-0.5674127,-0.19609316,-0.59389,-0.3268006,-0.68733114,0.08706795,0.12831442,0.095596895,0.12607585,0.427859,-0.8583531,0.03639239,-0.11499543,-0.1572574,0.16196208,0.17891109,0.26592484,-0.10009769,-0.40694165,0.20080139,0.8305293,0.4527516,-0.63037765,-0.36606628,-0.39063427,-0.99920124,-0.2503073,0.33403873,0.15570398,0.7977389,-0.0571206,-0.048370566,0.53827745,0.3983799,0.43880367,0.8325532,0.3477898,-0.39925402,-0.12747797,-0.27307403,0.4620531,-0.12082439,-0.15532783,0.56805545,0.2215133,-0.18196385,-0.013114296,-0.1135487,0.1210158,-0.36978135,0.29099357,-0.2447698,1.104499,-0.63531846,0.112393804,0.12035805,-0.0069713774,0.1660423,-0.47817913,-0.24880391,-0.07878046,0.51916456,-0.30826783,-0.12626891,0.8522876,-0.586855,0.19795272,0.3218437,0.26941508,-0.06765325,-0.17993565,-0.18691933,0.62637424,-0.063338704,0.119428836,0.18722922,-0.10373703,0.2618643,-0.019791702,0.6175774,-0.06685343,0.54263085,-0.6254322,-0.011890936,-0.13203607
-0.10737455,-0.44384915,0.05291223,-0.83028114,-0.9611427,-0.35116997,0.0057170647,0.72631186,-0.3396808,-0.7538813,-0.514158,-0.39219028,-0.12154633,0.35650438,-0.30432177,-0.7850777,-0.08722061,-1.0629467,-0.5840482,-0.44567463,-0.30668384,-0.06868588,0.108153656,0.50520957,0.036897264,-0.7492872,0.26761788,-0.79778963,-0.25154325,0.2438329,1.0329709,-0.2624559,-0.07063051,-0.17076248,0.12408228,0.7920068,-0.08797287,-1.3372123,-0.40496945,-0.6597173,-1.1450927,-0.17535463,-0.233623,0.109356984,0.6075447,0.329857,-0.8141793,0.3317182,-0.030537184,-0.06573872,0.3654021,0.70400715,-0.70358086,-0.75167215,-0.3108969,0.4404939,-0.47070453,-0.1476304,-0.039173104,0.7305642,-0.1813222,-0.76356226,-0.53935933,-0.14048566,-1.2717128,0.14273061,0.08915988,0.15048015,-0.91540825,0.65366495,0.113038264,0.72517234,-0.5432705,-0.6822034,-0.010620878,-0.004200503,0.34262526,-0.2802438,-0.6461062,0.8862402,-1.066691,-0.006173531,0.50532466,0.9003002,-0.22061032,0.35306692,-0.56343913,0.24808988,0.68870074,-0.13826254,0.48903516,0.072612315,0.22382782,-0.14508525,0.1931324,-0.085347,0.08851879,-1.1417791,-0.034010135,-0.2368289
0.44611418,-0.35426238,-0.0066566183,-0.43852174,-0.30548686,-0.6722743,-0.20259388,0.9822712,0.46508482,-0.05354053,-0.01744549,-0.6547485,-0.07095926,0.6549492,-0.39744282,-0.6230634,0.06158837,-0.6431181,-0.33783326,-1.1069027,0.22180033,-0.0011831742,0.18145137,0.05900895,0.6721684,-0.8098052,-0.216575,0.15063319,0.00040634917,0.33967853,0.23322964,0.22926566,-0.23333092,-0.5830381,0.28918567,0.7723975,0.516627,-0.5149053,-0.041148037,-0.41501677,-1.1090429,-0.7625339,0.22677627,0.21871443,0.995788,-0.16760437,0.2689415,0.2675056,0.4646107,0.46919155,0.76527256,0.27972242,-0.3389692,-0.26170576,-0.25176322,0.35844707,-0.31261352,-0.16300833,0.6332789,0.40169612,-0.11547927,0.022438021,0.037053376,0.2281477,-0.16722347,0.2696115,-0.0689453,1.1991589,-0.64700276,-0.17266923,-0.35253602,-0.18285277,0.09411889,-0.6172514,-0.19475472,-0.052390784,0.46725917,-0.13993914,0.06559422,0.8250489,-0.34049773,0.28166908,0.08157005,0.37775075,0.16812876,-0.17420805,0.0030346278,0.7568443,-0.14553894,0.18147162,0.11234698,-0.30471087,0.2822846,-0.024417348,0.9221133,-0.12560041,0.6098954,-0.5559094,0.1869771,-0.2480807
-0.10444667,-0.35972703,0.17282431,-0.6488196,-0.9531362,-0.3631329,-0.0056470153,0.7147101,-0.34251493,-0.8099794,-0.6385497,-0.35058975,-0.20112859,0.40305585,-0.26557872,-0.68750954,-0.119142056,-1.0096682,-0.5425244,-0.35657373,-0.38912228,0.002017354,0.120458044,0.56532866,0.27281275,-0.76383525,0.2055348,-0.7238738,-0.2194808,0.3177719,0.8583719,-0.29713753,-0.05732309,-0.22210956,0.1155944,0.9117917,-0.04054473,-1.2823085,-0.38354507,-0.7119909,-1.2200435,-0.020731263,-0.18040977,0.110274166,0.57417655,0.3162773,-0.8298211,0.3733428,-0.121304594,0.078603186,0.47512662,0.63421184,-0.6603046,-0.74418694,-0.32729864,0.51845145,-0.4426838,-0.24078512,0.03964943,0.62690616,-0.2217897,-0.72196376,-0.5440949,-0.042663224,-1.3150753,0.1040181,-0.12821034,0.26347473,-0.8456894,0.57751566,0.19360235,0.8172646,-0.36875647,-0.60359335,-0.15294917,-7.5903205e-05,0.36375898,-0.35066137,-0.58674437,0.8222796,-1.0009502,0.010013459,0.5331937,0.77817225,-0.21087994,0.44192684,-0.47495133,0.36524358,0.6347345,-0.045711752,0.41701752,0.062020574,0.15155669,-0.13450824,0.30693787,0.06256611,0.068405315,-1.0215584,-0.072547756,-0.21734221
0.39362475,-0.3608085,-0.06784852,-0.32692605,-0.112646975,-0.79229367,-0.057067323,1.0603193,0.47135532,0.098434046,0.047360297,-0.6370375,-0.14942268,0.6986755,-0.3977087,-0.53660065,0.1656765,-0.5994077,-0.34123945,-1.2228941,0.19784783,-0.021247119,0.08747525,-0.07147076,0.74896204,-0.72895455,-0.28533906,0.21477002,-0.06423,0.22985633,0.31938463,0.29169664,-0.26400313,-0.68757033,0.22960305,0.644212,0.648226,-0.48381075,0.05655065,-0.31731105,-1.0660431,-0.8183852,0.1987637,0.13518372,0.98157716,-0.27022907,0.28556052,0.14687356,0.54730004,0.4483115,0.70153284,0.16551834,-0.30738935,-0.21409848,-0.25515136,0.3717214,-0.3315394,-0.12296779,0.6501667,0.5486197,0.023480013,-0.09793315,0.18196614,0.27559423,-0.13535638,0.27654755,0.030245844,1.2275008,-0.5273716,-0.18321753,-0.5003618,-0.18131743,0.10982107,-0.67330796,-0.0852454,-0.08664984,0.5954341,-0.100269176,-0.0025174618,0.7858439,-0.21157666,0.35578698,0.011902301,0.35315856,0.2021572,-0.27132002,0.16840272,0.86074597,-0.10131403,0.24620771,0.10320113,-0.25354928,0.45993415,0.00093977264,1.1025,-0.0591897,0.6384535,-0.36350182,0.33124837,-0.12350144
-0.19585216,-0.14746775,0.39893225,-0.34614095,-0.8467583,-0.4400827,0.033717584,0.84443486,-0.3169618,-0.70102525,-0.8148872,-0.4277079,-0.19119097,0.3461594,-0.031303037,-0.48677102,-0.30711856,-0.99800974,-0.781036,-0.12239528,-0.42052826,0.19396262,0.038954373,0.44249153,0.41407868,-0.73595846,-0.03917262,-0.5538398,-0.15176708,0.32594815,0.51791894,-0.1468802,-0.06881672,-0.26962748,-0.13552806,0.99764866,0.17983446,-1.0524162,-0.35554627,-0.47624168,-1.2236832,0.02085133,-0.014293277,0.3439435,0.59353316,0.15849063,-0.7742772,0.55417997,-0.049438696,0.17446654,0.56652725,0.46635476,-0.4055454,-0.5660582,-0.12955876,0.3972844,-0.21025625,-0.71954775,0.25827637,0.4338287,-0.32746282,-0.6930338,-0.45939636,-0.22362992,-1.4322438,0.225648,-0.2674892,0.59353095,-0.743423,0.25013137,0.15454227,0.7969979,-0.16434824,-0.4482882,-0.3080326,-0.014452691,0.39646035,-0.4150973,-0.6197332,0.7003718,-0.6128577,0.278614,0.765697,0.56229824,-0.058653712,0.450973,-0.42234254,0.6033076,0.5183176,-0.105089374,0.33773887,0.19997013,0.3125179,-0.17092437,0.5368708,0.3210268,0.040068295,-0.7730622,0.20560914,-0.39733973
-0.600442,0.06330425,-0.006451225,-0.050533008,0.007444657,-0.3721473,0.13475084,0.5631806,-0.2591251,0.02956784,-0.12042971,-0.11588132,-0.18899027,0.09075943,-0.07237211,-0.09791534,-0.13534027,-0.36484605,-0.17378274,-0.28865102,-0.083710544,0.26389658,0.061246313,-0.22446515,-0.27050632,0.07586351,-0.11926639,-0.29534733,-0.4808377,0.119462416,0.6481831,0.2506093,-0.02987455,-0.11963012,-0.24946529,0.17688848,-0.07462735,-0.26543838,-0.047324993,-0.3277385,-0.16956024,0.041523434,0.042121258,0.00020445207,0.42739007,-0.017993039,-0.4897442,0.07528519,0.3751302,-0.12166114,0.09923027,0.0700235,0.19393831,-0.12742083,0.049918495,0.01327835,-0.030168403,-0.03553464,-0.2668443,0.41771463,-0.025248427,-0.10958209,0.093980044,-0.24729966,-0.5212292,0.008316723,0.46067247,0.46735308,-0.14604376,0.26104167,-0.19642438,-0.16007689,-0.03134388,0.022300215,0.19227438,-0.1091604,0.28206936,-0.22209844,-0.34664786,0.12005845,-0.111560114,0.1860823,0.02368209,0.4442503,0.117330976,0.14015736,0.02948445,0.36105165,0.6882837,-0.0642606,0.583414,0.42045698,0.2965788,0.18739317,0.23750044,0.43077582,0.078398354,-0.39315614,0.38271725,0.043722413
-0.39003786,0.35686386,-0.026477894,-0.04586333,0.14762902,-0.40549007,0.123722866,0.54727834,-0.12702455,0.0299767,0.03440443,-0.29424798,0.010360647,-0.08406592,0.002461249,-0.016928572,0.07870819,-0.32285613,-0.14274976,-0.5091883,0.112595625,0.10891205,0.095031634,-0.36422354,-0.30339035,0.13186045,-0.2876664,-0.19025418,-0.417941,0.14369348,0.3944379,0.44431838,-0.027226292,-0.13650882,-0.35283837,0.26713777,-0.032161083,-0.263024,-0.12517346,-0.3035792,0.005833201,-0.029024435,0.12647328,-0.1945426,0.39541012,-0.1074764,-0.40652025,-0.07996934,0.40724313,0.072797164,0.10083097,-0.12753482,0.16649793,-0.010395618,0.042040356,0.0064314343,0.12079022,0.0043050386,-0.36296678,0.30433238,-0.095701195,-0.03656594,0.03365383,-0.17970063,-0.3621985,0.13718145,0.5486407,0.45339516,-0.16718751,0.1723893,-0.35539347,-0.23811084,0.031275075,0.06669094,0.18383056,-0.17666642,0.19921738,-0.084379815,-0.23486553,0.20790395,0.0030139443,0.2847428,-0.11442509,0.473391,0.037633955,0.112363584,0.07634905,0.4226147,0.56263185,-0.021080915,0.56587493,0.27450317,0.04395076,0.03251514,0.3089985,0.4415771,0.06568876,-0.48288554,0.33462572,-0.066573836
-0.37383097,0.37264073,0.12534152,-0.10594886,0.08523653,-0.58966255,0.50875354,0.6082622,-0.033063173,0.16066776,0.44481564,-0.42643893,-0.18188089,-0.35420674,0.039171748,0.29203084,0.096330404,-0.17985302,0.07833434,-0.46655548,-0.34220797,-0.03275984,-0.11631064,-0.6443448,-0.33786985,0.23107062,-0.023382891,-0.27632168,-0.56379855,-0.22168475,0.40658376,0.52464473,0.110073544,0.20672707,-0.54440993,0.10668231,0.07655441,-0.5739445,-0.43618393,-0.069900006,0.32038972,-0.20876108,0.37920144,-0.6370378,0.3009121,-0.15637119,-0.7351833,-0.3291107,0.29474238,0.27059558,-0.07995332,-0.24294834,-0.02037717,0.33596173,-0.2629142,0.2824891,0.13418028,0.09842908,-0.3892214,0.19743948,0.15985739,-0.44246933,0.16925408,-0.16886538,-0.63866526,0.52055645,0.32288024,0.0950072,0.21510783,0.48839653,-0.35757732,0.24289487,0.3990012,-0.051851425,0.29936692,-0.14157508,0.57817405,-0.38693273,-0.4596933,0.54145676,0.23086786,0.2571162,0.050812352,0.40303192,-0.35282555,-0.16948372,-0.39178255,0.401354,0.31319335,-0.013076916,0.2867155,0.47141358,-0.0036329532,-0.16189072,0.60272795,0.6135546,-0.15217055,-0.23524237,0.14159629,0.49004668
-0.38095784,0.34831005,-0.023828106,-0.017767828,0.30762625,-0.22945881,0.16175124,0.49348617,-0.39565518,-0.061679877,-0.066947415,-0.44748574,0.021714972,0.022294164,0.057961345,-0.1339385,-0.061927464,-0.33988777,-0.037247736,-0.42522165,0.18857087,-0.007020681,0.18043523,-0.371793,-0.25872597,0.29481605,-0.2210462,-0.32668307,-0.2827961,0.09058251,0.5411336,0.35394263,0.042594664,-0.19434264,-0.28675753,0.22242944,-0.28332716,-0.1007069,-0.07457644,-0.4955275,0.28422275,-0.12224782,-0.09622402,-0.11838093,0.20205024,-0.150913,-0.18863788,-0.15898025,0.2840766,0.011691072,-0.045847535,-0.11899821,0.28333482,0.10626768,0.092992775,-0.10227697,0.16221389,0.14422211,-0.48477173,0.24663463,0.16506419,0.049372595,0.036516543,-0.2461485,-0.27856854,0.004944912,0.7475395,0.39236578,-0.30216733,0.49563622,-0.17201672,-0.18977651,0.15991409,0.24396518,0.2629412,-0.13264698,0.07181644,0.028927134,-0.08624583,0.018717293,-0.089538455,0.028706446,-0.39510542,0.3950756,0.053048816,0.09840964,0.26464012,0.3509345,0.76180416,0.0878043,0.6923088,0.28023764,-0.02398028,0.24399234,0.22691977,0.46116403,-0.017988456,-0.43952852,0.32746816,-0.027994025
-0.39172676,0.58340025,-0.07292669,-0.11673538,0.38032627,-0.309546,0.106731765,0.64374495,-0.51137763,-0.2166555,-0.14235719,-0.6576171,0.06286163,0.122914255,-0.042725615,-0.40037003,-0.09065189,-0.49984577,-0.039459903,-0.50546455,0.29844233,0.08840739,0.20083368,-0.3573815,-0.24789199,0.2988463,-0.25953045,-0.3448475,-0.3332013,0.14164977,0.7107947,0.34120554,0.026873026,-0.20891976,-0.32194078,0.28902262,-0.40798643,-0.10888173,-0.07357366,-0.5660317,0.2877549,-0.008753559,-0.07811162,-0.18288158,0.1385876,-0.1002857,-0.19087966,-0.12730597,0.39084163,-0.0060446914,0.10623777,-0.1502493,0.30083114,-0.0016135387,0.12999745,-0.23693824,0.25380924,0.28491876,-0.5530153,0.25938275,0.19262633,0.18292153,0.039197054,-0.09901014,-0.23741223,-0.005670493,0.845296,0.6180026,-0.31431884,0.6109836,-0.09439675,-0.26300535,0.19523339,0.29896045,0.20027293,-0.105596215,-0.06803105,-0.01150267,-0.048524044,-0.0126771275,-0.2764023,-0.018407531,-0.5783448,0.51043,-0.0059496798,0.10220297,0.45857596,0.32621753,0.93959975,0.11535938,0.8224073,0.27433142,-0.1103212,0.2678956,0.25248012,0.51732796,0.06651124,-0.6020254,0.43076703,-0.049631234
-0.54843813,0.41977128,-0.08245777,-0.06803169,0.3510157,-0.42839536,0.24076462,0.58706456,-0.41949177,-0.06770971,-0.05604833,-0.40419826,0.07582387,-0.03892012,-0.015249303,-0.2511907,0.056541026,-0.4718379,-0.18068208,-0.4403826,0.21614833,0.010098933,0.22247252,-0.37150395,-0.4173004,0.3107235,-0.2557279,-0.20660467,-0.21443897,0.16318619,0.79068947,0.33917275,-0.10415826,-0.084953964,-0.39300424,0.20454721,-0.12981667,-0.109278366,0.06615532,-0.49617,0.1713005,-0.13619496,-0.17271014,-0.24119748,0.3411259,-0.2585038,-0.2044958,-0.15345377,0.36189944,-0.10636247,-0.0031423657,-0.14179765,0.40882662,-0.08813861,0.042261988,-0.097763754,0.19299373,0.057482146,-0.48654568,0.36001772,0.18367238,-0.028502833,0.06832592,-0.3281452,-0.366281,-0.049404286,0.68159896,0.3791606,-0.31066054,0.4786667,-0.35106462,-0.3317583,0.018976891,0.32044712,0.20677096,-0.109632686,-0.015979413,0.15968423,-0.1953681,-0.09897411,0.031538967,0.04451522,-0.4121542,0.58251053,0.0892283,0.075194836,0.2837102,0.28495076,0.7791827,0.035345096,0.7924151,0.19135259,8.359111e-05,-0.056668427,0.51506007,0.5528125,0.06052805,-0.609555,0.35514414,-0.2090695
-0.5943953,0.51267266,-0.16432895,0.10029734,0.31573904,-0.38397586,0.062482316,0.6534579,-0.5933516,-0.15435101,-0.31208327,-0.39803028,0.076983966,0.06506682,0.0975751,-0.21378517,0.13319813,-0.5837749,-0.12429363,-0.7200219,0.34642765,0.05441808,0.283267,-0.30925992,-0.2647433,0.43836164,-0.5971419,-0.31642777,-0.26382017,0.33295882,0.87388813,0.4616745,-0.012768647,-0.32132286,-0.28701818,0.34182024,-0.40056708,-0.033366323,0.15082476,-0.90231925,0.1165789,0.0239029,-0.26639923,-0.0054437676,0.40216815,-0.20625593,-0.19680794,-0.21427216,0.29311872,-0.038037125,-0.043251716,-0.039376233,0.49798405,-0.10192506,0.23590451,-0.14758271,0.14060344,0.16300885,-0.65341306,0.43705428,0.09946987,0.16188361,-0.038538568,-0.33641794,-0.31859416,-0.1740346,0.989248,0.6168245,-0.50203174,0.58480686,-0.19661878,-0.37436792,0.10618709,0.46704224,0.24707371,-0.19007649,0.006216126,0.12112023,-0.09428175,-0.16616008,-0.12411569,0.057703547,-0.59323657,0.66748893,0.2543867,0.37354523,0.5271956,0.5426511,1.1852565,0.2082677,1.064853,0.17587651,-0.06109452,0.2934677,0.43112066,0.6378418,0.106801674,-0.6956394,0.45347327,-0.24367446
-0.47883385,0.46392187,-0.041149296,0.011358706,0.3072387,-0.32365695,0.24981418,0.68659437,-0.45643926,0.009744535,0.049712684,-0.5731482,0.056457233,0.07156961,0.02732035,-0.18287504,0.05941481,-0.30601642,0.014463909,-0.46879274,0.19960247,-0.058281027,0.3177294,-0.45846367,-0.3454039,0.3962201,-0.26343596,-0.34661424,-0.33510372,0.112799324,0.7512406,0.5776361,-0.029336387,-0.028749516,-0.33784717,0.13410075,-0.37042278,-0.20443115,-0.13442144,-0.5465614,0.43018514,-0.2014674,-0.039939262,-0.27154928,0.15365836,-0.1479764,-0.23915115,-0.22596589,0.32994133,-0.16785008,-0.04684244,-0.14973345,0.3189047,0.19068071,0.10698593,-0.1619629,0.21053258,0.1037097,-0.508109,0.16750532,0.24660297,0.07555284,-0.038105384,-0.29605758,-0.30430093,0.105853915,0.8492017,0.43954214,-0.31298068,0.59687144,-0.24349609,-0.29019067,0.20646444,0.41862988,0.0870201,-0.077558205,0.08981794,-0.09687252,-0.08899497,-0.0027835474,-0.0018255428,-0.031785987,-0.37174574,0.57077444,0.018326366,0.103706084,0.18845019,0.34156018,0.90396756,0.11321988,0.8405496,0.2684913,-0.16355202,0.21601248,0.3630005,0.46574932,-0.0707021,-0.5411225,0.3317573,0.0364862
-0.48237768,0.43098482,0.14112976,0.028329305,0.04667603,-0.6398513,0.5295199,0.5185846,0.011377513,0.049832493,0.50844234,-0.33039033,-0.21273091,-0.6441767,0.23507802,0.42797428,0.17034224,-0.30157527,0.0684111,-0.35954803,-0.34930196,-0.016202567,-0.0404441,-0.659922,-0.4644795,0.39667526,-0.032458495,-0.33464295,-0.5654397,-0.20701462,0.36224335,0.4129187,0.14419186,0.2951782,-0.6444842,0.15424034,0.022196025,-0.5630499,-0.48561513,-0.04545294,0.4449261,-0.20059523,0.3963154,-0.63169557,0.13044626,-0.20149009,-0.85608935,-0.39976695,0.24317394,0.34699258,-0.18722065,-0.30375713,0.033908036,0.27208892,-0.2373432,0.1754256,0.2009623,-0.023025228,-0.48623747,0.07702577,0.019696752,-0.4277879,0.059677243,-0.3408451,-0.7560156,0.64986837,0.35322204,0.01429077,0.20252399,0.46830213,-0.31281602,0.36762252,0.39794648,0.035489626,0.32535762,-0.0050068516,0.479756,-0.40865755,-0.6211152,0.5857885,0.30466104,0.3293758,0.02791249,0.4617597,-0.42552546,-0.09056165,-0.519408,0.40369338,0.24984567,-0.14625877,0.24423684,0.5420202,-0.11792937,-0.21926785,0.6084475,0.76508176,-0.23338932,-0.25828865,0.16029304,0.36524606
-0.23986249,0.27988973,-0.1074731,0.34857845,0.06966219,-0.33251798,-0.08294937,0.36897135,-0.041430105,0.0024383764,0.010019739,-0.02055771,0.090716384,-0.15470508,0.07037259,0.05261414,0.44230828,-0.22070207,0.102757275,-0.75269085,0.28807592,0.13020772,0.24571407,-0.12672555,-0.084944665,0.14923325,-0.6969877,0.025950624,-0.08501362,0.43945977,0.3461355,0.35616073,0.087004416,-0.11276737,-0.18212192,0.22336519,-0.08511809,-0.051471245,0.25493836,-0.7510416,-0.117041685,-0.12692653,-0.15816422,-0.011669745,0.47114465,-0.19722986,0.06315453,-0.22438477,-0.025439458,0.19975962,0.13801645,-0.13562723,0.19386154,-0.10271122,0.03282853,0.1787982,0.0783185,-0.039089452,-0.41563988,0.18428801,-0.18819387,0.28985438,-0.19537431,-0.20457478,-0.15264417,-0.089173965,0.25248894,0.36932883,-0.36582705,0.16404858,-0.3330792,-0.3382475,0.242763,0.19557525,0.047649045,-0.094228685,-0.09775125,0.06525426,-0.07327948,-0.091948666,0.19134285,-0.084920466,-0.46245432,0.54328614,0.3804513,0.362743,0.062087283,0.50715834,0.45204172,0.3219868,0.58138704,-0.022823224,-0.25067773,0.15158515,0.5086264,0.38986182,0.14640619,-0.28175956,0.1948201,-0.4244163
-0.53596425,0.28506228,-0.08611528,0.27175215,0.0022373598,-0.3987606,0.14218216,0.5259292,-0.27278283,-0.112594806,-0.15465517,-0.013732165,-0.003661938,-0.34925893,0.31906086,0.09409773,0.25323597,-0.5940331,-0.14206333,-0.62229127,0.22401375,0.18786645,0.30001587,-0.25243115,-0.14200543,0.3973733,-0.6712933,-0.06070301,-0.056886297,0.3879778,0.57986045,0.3046843,0.085890025,-0.16252188,-0.33159652,0.32902637,-0.2610086,-0.09391565,0.23500998,-0.87542564,0.019500604,-0.22776347,-0.2002876,0.024969554,0.5218455,-0.39779916,-0.070419125,-0.21723716,0.0035233248,0.17858551,-0.11289092,-0.15637855,0.44397414,-0.1336028,0.20831503,0.06643182,0.17218699,-0.14820582,-0.47102854,0.22241504,-0.11618791,0.14466266,-0.19025894,-0.5730744,-0.4711007,-0.008476079,0.56191736,0.32625017,-0.40812036,0.3265397,-0.23254,-0.21191807,0.17508607,0.46696052,0.16617198,-0.08248261,-0.05104564,0.09813604,-0.17115903,-0.04049585,0.31854618,0.089488246,-0.38643003,0.7009509,0.3615817,0.57229537,0.109687984,0.64790934,0.777812,0.038819395,0.6372803,0.117919624,-0.093634546,0.013725479,0.6572096,0.6930296,-0.022739992,-0.5609572,0.3702134,-0.5631267
-0.30630934,0.40972307,0.038689654,0.07984561,0.22595139,-0.6083856,0.25556833,0.54470336,-0.010242788,0.07179105,0.46880662,-0.5831969,0.024217153,-0.38946402,0.22633071,0.22127342,0.1715871,-0.38412765,-0.03604262,-0.62717366,0.13820468,-0.12008523,0.19578256,-0.555017,-0.2592745,0.32862738,-0.32910067,-0.15210763,-0.3049487,-0.08542169,0.22151698,0.49706346,0.06891096,0.09047478,-0.54273987,0.22373095,0.12869537,-0.35412315,-0.32943752,-0.23032823,0.30465615,-0.46098068,0.18674931,-0.33623922,0.12283781,-0.2951906,-0.43877122,-0.30983648,0.38817245,0.31298658,-0.06475488,-0.26222342,0.06122515,0.2773607,-0.13396516,0.0321946,0.2484315,-0.12478977,-0.34061664,0.060420915,-0.108994626,-0.15198423,-0.023582863,-0.32946017,-0.47594783,0.5227034,0.53835654,0.31692088,-0.11449645,0.19436218,-0.49923065,0.099997096,0.25949425,0.044879187,0.16048415,0.023371262,0.23570944,-0.18437591,-0.37825477,0.51718396,0.327551,0.3662671,0.0066642207,0.3577409,-0.23950058,-0.092320725,-0.26947242,0.5464076,0.1843192,-0.05402131,0.2884095,0.33231676,-0.1684268,-0.15716554,0.58100295,0.6512514,-0.055272207,-0.24759936,0.28955907,0.043002386
-0.45417738,0.529515,0.05673035,0.06432714,0.16845539,-0.7735995,0.54679847,0.5688015,0.05461022,0.120516345,0.566149,-0.44589284,-0.12757926,-0.7395384,0.2831633,0.3382048,0.3435891,-0.3074714,0.09555703,-0.5918518,-0.17477946,-0.0309528,-0.022661678,-0.7756036,-0.4568878,0.5696372,-0.23786414,-0.24487647,-0.47387978,-0.23912665,0.43407008,0.47687048,0.19954573,0.3456602,-0.7546813,0.052024573,0.0055242255,-0.38608146,-0.37053534,-0.14817359,0.5686864,-0.36551118,0.2066502,-0.6974019,0.115869045,-0.37985653,-0.6777626,-0.5191411,0.23304799,0.36990288,-0.25814977,-0.44214678,0.02477634,0.32644662,-0.2459299,0.15659106,0.3069605,0.05727943,-0.5473531,0.14217779,0.1189181,-0.3686286,0.057193257,-0.44587287,-0.66198224,0.68353313,0.41915277,0.032512937,0.12864998,0.57014894,-0.44765317,0.31336373,0.46086752,0.068973236,0.35115758,0.06738908,0.29073513,-0.28784052,-0.6684543,0.52749425,0.49548632,0.30401832,-0.20503806,0.5220298,-0.42391068,-0.15686205,-0.39904448,0.4762196,0.27483088,-0.14318565,0.3091449,0.43490195,-0.18112789,-0.25968456,0.81685966,0.7161618,-0.14183843,-0.27468017,0.25767976,0.17388226
-0.3653324,0.30718485,-0.16978665,0.26754627,0.16209275,-0.32737598,-0.026654778,0.39221504,-0.19727482,-0.013524765,-0.12428,-0.05010321,0.060974956,-0.16841225,0.08705342,-0.02542363,0.36037934,-0.32372075,0.004063807,-0.7461795,0.3063838,0.109096415,0.23954922,-0.21797675,-0.17740442,0.31197047,-0.6490739,-0.03685565,-0.12730485,0.3897787,0.46334523,0.33863726,0.11327641,-0.23333749,-0.1879479,0.14220883,-0.21816793,0.052148975,0.3434206,-0.79980654,0.009956606,-0.04674252,-0.28758597,0.013255856,0.49507454,-0.26905409,0.053981002,-0.25077307,0.0663132,0.08809205,-0.046909228,-0.12742744,0.33053362,-0.10764574,0.16058616,0.03643988,0.070860445,0.08410943,-0.47334436,0.30563024,-0.047858562,0.26992223,-0.11882512,-0.28069708,-0.09915962,-0.14887826,0.52692735,0.41236705,-0.40901774,0.31489465,-0.26253363,-0.3820265,0.12516563,0.2876886,0.19499978,-0.13419706,-0.13230991,0.16290598,-0.07921104,-0.19864015,0.12889805,-0.018034395,-0.58153707,0.56490046,0.3676339,0.3358807,0.34034947,0.5167975,0.66659683,0.24266867,0.6827191,-0.0147014,-0.10354657,0.19254394,0.46972066,0.38730106,0.17393106,-0.44198388,0.3104556,-0.4806694
-0.34019166,0.42992377,0.065832615,-0.106515765,0.06615529,-0.5196851,0.39139852,0.58210087,-0.14986195,0.13333522,0.29693812,-0.54498714,-0.086899035,-0.13154677,-0.022966143,0.16505183,0.07046885,-0.22440818,0.0022661127,-0.41184306,-0.1542014,-0.10347809,0.044740077,-0.5496655,-0.4821364,0.13190751,-0.06484354,-0.30987173,-0.58729786,-0.11974622,0.5943022,0.63182247,-0.019072924,0.17982778,-0.47882575,0.120151065,0.12787583,-0.65509194,-0.47328314,-0.07271988,0.21752407,-0.10686784,0.40142897,-0.54384005,0.22326152,-0.0073348503,-0.76215285,-0.27524534,0.49637532,0.04178372,0.08484351,-0.09134002,0.04650862,0.26660988,-0.156769,0.13859925,0.12564564,-0.027003901,-0.43178162,0.22788826,0.051178824,-0.35329083,0.08557944,-0.10530669,-0.62312704,0.40236464,0.5350104,0.22956398,0.08178942,0.41873297,-0.30807588,-0.02808788,0.22226045,0.08525302,0.13148488,-0.24300025,0.57649046,-0.38152334,-0.34944728,0.42181882,0.012413932,0.2546998,0.13838579,0.45793948,-0.26475695,-0.15110381,-0.28271315,0.33897918,0.49377352,0.025834855,0.53177327,0.53506345,0.015989516,-0.11628999,0.40598065,0.6406427,-0.08438567,-0.36041096,0.15661207,0.47179225
-0.20492858,0.25415632,0.04454869,0.07256548,0.12650712,-0.27273026,0.18739022,0.3084347,-0.1261646,0.12368562,-0.0024077327,-0.14398009,0.013493852,-0.14105906,-0.02648403,-0.062298175,0.12838776,-0.11289911,-0.069284655,-0.4771533,0.0128469495,0.1616474,0.06944335,-0.24485835,-0.17218584,0.054263566,-0.30366513,0.052149188,-0.17856549,0.14612427,0.3164346,0.35946533,0.13861024,-0.04901395,-0.2858826,-0.06428575,0.09927468,-0.11568718,0.24462944,-0.48487768,-0.098180555,-0.09111371,-0.26112843,-0.24207121,0.49383366,-0.27144393,0.05549334,-0.051234934,0.1248869,0.050035227,0.12700237,-0.29683322,0.118837,0.017206864,-0.010807937,0.33206052,0.079335935,-0.02536518,-0.25778022,0.2705392,0.09439006,0.024324162,-0.017197479,-0.1232939,-0.22470094,-0.13212997,0.0034054408,0.16148594,-0.18945669,0.29981363,-0.32937506,-0.2608132,0.17850159,0.052084867,0.006354354,-0.14063512,-0.048852455,-0.026423432,-0.14196676,-0.0973865,0.34558812,-0.13377178,-0.28216442,0.324513,0.22236246,-0.024221085,0.04314745,0.28450075,0.21270947,0.17337026,0.37058318,0.07180148,0.08732944,-0.075364195,0.4965089,0.16134419,0.15057272,-0.26412284,0.20671444,-0.33325723
-0.4191924,0.60444355,0.09702244,0.076261014,0.17430396,-0.8009665,0.502534,0.6645691,0.0073238495,0.2203406,0.64876616,-0.615545,0.02530351,-0.54998195,0.25591537,0.46679237,0.22751199,-0.32249272,0.0048540863,-0.61228555,-0.14390692,-0.115902156,0.0774931,-0.7175702,-0.44763708,0.3867876,-0.3530713,-0.12815163,-0.49758142,-0.23269361,0.4238968,0.65545404,0.051909585,0.39056587,-0.81370044,0.14921777,0.2691391,-0.63412446,-0.44694123,-0.08947781,0.3302847,-0.43750602,0.35149974,-0.67196906,0.19773546,-0.31708586,-0.7663586,-0.40752932,0.4379411,0.3374513,-0.08622416,-0.3069617,0.04870934,0.39913213,-0.29211792,0.22318745,0.32418627,-0.21566248,-0.49231333,0.16168256,-0.06681457,-0.47230858,0.07788253,-0.3539763,-0.8157092,0.6538265,0.4036541,0.06657371,0.17193913,0.27813748,-0.65992886,0.22979829,0.36062014,0.07324832,0.17185985,-0.078771055,0.5142004,-0.3268249,-0.5694348,0.6283954,0.56022996,0.42564988,0.2519099,0.44693163,-0.35412464,-0.13789326,-0.5662923,0.5970344,0.2812761,-0.04182848,0.30277517,0.5561275,-0.116741866,-0.39279106,0.7641228,0.89263463,-0.20174399,-0.19997655,0.21992598,0.3488679
-0.30722427,0.39075968,-0.14713292,0.25934273,0.22141786,-0.41210103,-0.032926816,0.48410308,-0.010956168,0.06528961,0.06243682,-0.1529303,0.11684516,-0.16550094,0.10628685,0.05251299,0.3688462,-0.28653774,-0.04148277,-0.7758975,0.33759478,0.046327062,0.21287744,-0.30997914,-0.062047973,0.29310703,-0.68150914,0.08474593,-0.11838537,0.29793352,0.25293764,0.446628,0.038268294,-0.26212955,-0.24871281,0.20326139,-0.06656889,0.009390485,0.22587445,-0.61226517,0.020889908,-0.15785007,-0.11234386,-0.10580332,0.51639473,-0.36231935,0.059724007,-0.23881748,0.18941468,0.23481894,0.00033340603,-0.18562055,0.22083543,0.06116361,0.10148626,0.007586714,0.107754886,0.007383745,-0.31039998,0.25263506,-0.106685534,0.19824143,-0.04195109,-0.25649193,-0.08716731,-0.005374901,0.522647,0.44640902,-0.26795062,0.091368765,-0.3926846,-0.35862845,0.09084002,0.20467329,0.13929589,-0.13954242,-0.025560997,0.14130045,-0.102526456,0.04474602,0.27252194,0.1373015,-0.34652433,0.44712618,0.26133743,0.28280407,0.26744804,0.55526334,0.49277347,0.20532545,0.47700328,-0.06576437,-0.119551495,0.024786111,0.53351825,0.341692,0.107759245,-0.37352088,0.29207072,-0.33895534
-0.3013681,0.38853744,-0.09825407,0.07967537,0.015853103,-0.37764436,0.118505016,0.45527014,-0.3049361,-0.03702425,-0.1705834,-0.18519579,0.08280078,-0.16241238,-0.0030195352,-0.0778008,0.35772535,-0.3249436,-0.12670335,-0.6062889,0.07818442,0.06899366,0.06376427,-0.21666248,-0.23653887,0.12007223,-0.55287784,-0.08913379,-0.18563661,0.21912695,0.5434081,0.4044537,0.08394919,0.053522196,-0.31629804,0.0039691776,0.010241414,-0.23420839,0.14582966,-0.5164001,-0.12505703,0.02857553,-0.20452462,-0.16823801,0.34046462,-0.13622712,-0.27067327,-0.20095178,0.100817144,-0.069374315,0.052713316,-0.067955166,0.15618692,-0.16256306,0.06120162,0.16221985,0.035467394,-0.04835046,-0.4570851,0.4533627,0.09227877,-0.12918101,-0.17364839,-0.14794044,-0.32823092,-0.055574693,0.35908172,0.11851601,-0.29348707,0.34441185,-0.2761198,-0.21379957,0.05722532,0.08853126,0.067591056,-0.25317034,0.035005473,0.002354523,-0.21304546,-0.18621978,0.10091382,0.02579627,-0.38734838,0.6859312,0.16364916,0.16567925,0.18793263,0.39790186,0.62986726,0.17029563,0.723681,0.105239496,-0.01404655,-0.020029625,0.550189,0.30847982,0.10567413,-0.4895453,0.30248567,-0.3495849
-0.36188185,0.6191798,0.11904362,-0.006938454,0.083038665,-0.718728,0.49768957,0.5723726,-0.07235031,0.25042126,0.4715574,-0.53446984,-0.041313574,-0.5920584,0.26237738,0.43304607,0.22629993,-0.3407585,0.017598277,-0.5731251,-0.21070087,-0.08921611,0.050784238,-0.7222548,-0.44354674,0.43733248,-0.26811758,-0.14750545,-0.46268907,-0.17681575,0.44978333,0.64471024,0.095507786,0.36007634,-0.7044733,0.11263961,0.12295345,-0.51518947,-0.40365452,-0.15776685,0.34739313,-0.3713042,0.3426593,-0.6359234,0.2557463,-0.30197054,-0.7675938,-0.4324615,0.32762548,0.32146835,-0.21058296,-0.3038672,0.15776572,0.34624648,-0.18809372,0.26338476,0.30062002,-0.05673693,-0.51826125,0.13427165,0.04263132,-0.4386708,0.107430115,-0.37640762,-0.68481976,0.5959439,0.3672426,0.04323654,0.14038444,0.43252924,-0.49649727,0.21652667,0.4598764,0.17928086,0.24214707,-0.14235438,0.5351794,-0.312914,-0.4423738,0.48871157,0.47044256,0.34431827,0.037283268,0.50386405,-0.3145828,-0.118936926,-0.4846183,0.54683214,0.32543346,-0.066678844,0.36773822,0.5038532,-0.11142489,-0.33715522,0.7639848,0.9015878,-0.15479337,-0.31603706,0.16871534,0.28184092
-0.6342668,0.84201,-0.26107726,-0.10201452,0.6058322,-0.47276053,0.16418776,0.84205407,-0.73496926,-0.16805765,-0.12009747,-0.8081703,0.03985106,0.12571582,0.033991005,-0.4398629,-0.053806573,-0.68902427,-0.15175028,-0.67634106,0.33213207,0.0038391636,0.34082758,-0.4804512,-0.4527708,0.54503655,-0.44274473,-0.32209522,-0.3049428,0.20778649,1.0896316,0.42120498,0.022328112,-0.21144886,-0.4369467,0.19354145,-0.3480697,0.0017867864,0.12921515,-0.8194788,0.36129677,0.09570345,-0.30566138,-0.30948564,0.23064618,-0.17435908,-0.16984467,-0.16740732,0.4764812,-0.124300405,-0.08463679,-0.17612337,0.5290618,-0.04357969,0.16101275,-0.33195996,0.37064534,0.36483932,-0.7218954,0.52433556,0.34872168,0.22727785,-0.01163939,-0.26120844,-0.20338449,-0.09512017,1.0372198,0.6508571,-0.39134645,0.8344738,-0.23604134,-0.45206285,0.1042767,0.48337954,0.25836548,-0.18205753,-0.10498323,0.11242368,-0.09583329,-0.23234864,-0.16912898,-0.07491027,-0.8153642,0.71275103,-0.039839696,0.15880227,0.6596102,0.3606357,1.203771,0.15693009,1.0721486,0.16933176,-0.21962471,0.1792362,0.54030657,0.7390176,0.103035584,-0.8396206,0.5173145,-0.12629405
-0.6720297,0.6281884,-0.046844337,-0.054345205,0.6200945,-0.40790987,0.40949887,0.7882798,-0.62125534,-0.09294667,-0.092785716,-0.71056503,-0.03104782,0.008355796,0.069532305,-0.3512863,-0.2324377,-0.5746309,-0.3424303,-0.31986254,0.13829781,0.03045693,0.25621024,-0.54760414,-0.5567184,0.44467822,-0.17961873,-0.35352474,-0.28840733,0.061882857,0.91023946,0.39896753,-0.00048127092,-0.16637658,-0.61576086,0.17444472,-0.08861105,-0.06749539,0.011417145,-0.5055882,0.4374173,0.022677999,-0.26326877,-0.32648003,0.20215692,-0.2751653,-0.17925636,-0.036022548,0.42811915,-0.16310844,-0.15707983,-0.30077216,0.51474345,0.035637435,0.07578844,-0.24964948,0.42451552,0.080561176,-0.5851539,0.5006425,0.4402418,-0.03375597,-0.01686985,-0.4590696,-0.4565317,-0.022792954,0.8235998,0.49772045,-0.44955513,0.81370425,-0.3415275,-0.3317234,0.038656455,0.34217584,0.31951535,-0.18068357,-0.055023648,0.20675641,-0.27840593,-0.19236775,0.029005982,-0.030361565,-0.6376598,0.6545694,-0.08599016,0.038814005,0.47837254,0.34364757,1.0256944,0.042157214,0.9443539,0.30391252,-0.04382974,0.03258011,0.55357456,0.65366477,-0.0681498,-0.7030786,0.57523954,-0.29769415
-0.33040965,0.4508117,0.07320729,0.06987226,0.19800134,-0.56362516,0.47578922,0.545402,-0.05803055,0.12277594,0.4635152,-0.5321053,-0.09760161,-0.3592312,0.20792665,0.31863272,0.14002466,-0.26083764,0.051749296,-0.44460398,-0.07899968,-0.15531081,0.12074128,-0.629514,-0.3994484,0.33185878,-0.17356086,-0.23761883,-0.4198587,-0.14687549,0.47453004,0.5599067,-0.0012691189,0.1888701,-0.6230081,0.16306403,0.15747263,-0.53724617,-0.45234182,-0.10905461,0.41101417,-0.36168927,0.32246277,-0.54974717,0.1409798,-0.22802483,-0.65328056,-0.36108404,0.38568458,0.20365933,-0.036038168,-0.3012153,0.07295694,0.32059568,-0.2426914,0.179644,0.27433944,-0.12938002,-0.43349636,0.116342075,0.02516241,-0.33300138,0.06469372,-0.3024437,-0.62705934,0.48473883,0.42557442,0.12747827,0.053856686,0.40469977,-0.4431425,0.17762817,0.34020367,0.11413327,0.17670833,-0.057319365,0.48922944,-0.28332296,-0.43001774,0.47087586,0.32376024,0.25613412,0.05821856,0.38484856,-0.31421685,-0.1469258,-0.3973748,0.4407617,0.3100681,-0.024859678,0.3511698,0.5070685,-0.108949214,-0.22235942,0.5731901,0.7912874,-0.16821626,-0.18828398,0.1842127,0.32934353
-0.5204088,0.42560133,-0.09488867,0.17916714,0.35119417,-0.38124794,0.12934518,0.46043512,-0.38086033,-0.028878964,-0.14897119,-0.19044942,0.08061086,-0.20375443,0.17775302,-0.058541417,0.29436582,-0.37660778,0.08119997,-0.719681,0.31811553,0.1152177,0.2136839,-0.4161109,-0.23687223,0.5681038,-0.586223,-0.23231144,-0.20552936,0.24290706,0.6402473,0.42889202,0.09449423,-0.24097227,-0.3255954,0.24852422,-0.52700174,0.17705235,0.19807534,-0.80323863,0.32224813,-0.12978911,-0.23475295,-0.08352819,0.3070774,-0.33331788,-0.07028266,-0.3671139,0.08030604,0.1346839,-0.20308253,-0.21524516,0.48629752,-0.006926884,0.19096369,-0.06946209,0.16600963,0.25287598,-0.67068905,0.24142648,0.1402797,0.1748539,-0.0150433555,-0.3860696,-0.2271077,-0.07186868,0.8743043,0.42212608,-0.37498096,0.5446713,-0.23845758,-0.29986787,0.30049828,0.44640476,0.3537681,-0.09196851,-0.096249364,0.18265487,-0.100450985,-0.12771021,0.10958074,0.055754546,-0.73299146,0.57236713,0.27443418,0.346763,0.41215283,0.5251888,0.9540488,0.17582326,0.8966343,0.1588909,-0.17526586,0.2788624,0.44420314,0.56535774,0.053423956,-0.5104305,0.37834942,-0.3095052
-0.47191843,0.49963644,-0.13897336,-0.015938915,0.081756644,-0.45075342,-0.014208182,0.5301892,-0.35093772,-0.105924174,-0.054059945,-0.3169251,0.09523206,-0.2279748,0.09480614,-0.1683716,0.17835476,-0.63747746,-0.13005412,-0.6145243,0.20677143,0.07896146,0.22967675,-0.22390114,-0.2666799,0.2802027,-0.51168245,-0.11347045,-0.15876278,0.26041493,0.5674082,0.24924181,0.107843116,-0.046918657,-0.2795233,0.19623631,-0.14072168,-0.121285275,0.10768872,-0.6495002,-0.12834834,-0.08782959,-0.20618945,-0.11046506,0.34572685,-0.16926411,-0.2495732,-0.13556561,0.21395352,0.083567426,0.005332905,-0.067832656,0.27984154,-0.19730315,0.10707995,-0.028265927,0.13435438,0.04936556,-0.48616558,0.38968366,-0.05209271,0.07053559,-0.092062876,-0.28058964,-0.26832807,-0.02302273,0.488831,0.3622904,-0.28706667,0.32637608,-0.2699507,-0.22783956,0.06270592,0.21073614,0.1384411,-0.13312171,-0.06593521,-0.0073244874,-0.16653194,-0.013566237,0.035770465,0.07668871,-0.45114166,0.638473,0.12535079,0.22503951,0.14359169,0.41148916,0.6176538,0.040069308,0.65674144,0.053185027,-0.13223682,0.013899563,0.5114586,0.56860775,0.13784578,-0.6353064,0.35277173,-0.34847388
-0.62937427,0.572531,-0.17438366,0.07252523,0.5520444,-0.49139687,0.34841904,0.69099617,-0.67895347,-0.017868675,-0.09647795,-0.45998985,-0.0009124898,-0.033235326,0.10207371,-0.14412953,0.17298435,-0.5478724,-0.004367418,-0.7062522,0.20932277,-0.07842048,0.25949603,-0.5436033,-0.35513023,0.65303135,-0.45799017,-0.27551365,-0.23709168,0.15384819,1.0785398,0.43265152,-0.011834105,-0.13658227,-0.37532383,0.14472467,-0.33746368,-0.025241535,0.100076236,-0.81078595,0.40355322,-0.2135582,-0.2609851,-0.2801787,0.296301,-0.3448066,-0.2856057,-0.43673903,0.282238,-0.090606555,-0.21605332,-0.18582368,0.5751574,-0.051967762,0.05508179,-0.052490827,0.17328873,0.30312026,-0.7300509,0.46248034,0.43422776,-0.041955505,0.17163156,-0.37819818,-0.2690992,-0.1372563,0.919948,0.34398666,-0.31153992,0.8006699,-0.31224456,-0.19564047,0.25418222,0.47485536,0.3929312,-0.112450965,0.1318236,0.10586031,-0.18055996,-0.24605806,0.050978854,-0.009915247,-0.77832323,0.6751232,-0.0063315127,0.08197513,0.4845708,0.4454619,1.0883502,0.14970055,0.9854442,0.24707225,-0.09616458,0.13465819,0.7209188,0.8979365,0.03204401,-0.57317924,0.44277936,0.015469558
-0.24533509,0.37524128,0.017648602,-0.055281784,0.11972702,-0.5008714,0.4170476,0.50649095,-0.12198005,0.07160881,0.32149032,-0.5791077,-0.09969957,-0.2906839,0.19170447,0.17452392,0.024945742,-0.35855004,-0.107280776,-0.39291617,-0.047351457,-0.13847877,0.08488334,-0.5590522,-0.3853792,0.26453993,-0.10215314,-0.2598151,-0.34065077,-0.17571928,0.48465535,0.4586688,0.014626524,0.15102911,-0.52641225,0.17944719,0.138384,-0.4890936,-0.42969722,-0.10383808,0.29308653,-0.32876813,0.22408643,-0.4022431,0.124287255,-0.21939848,-0.55155617,-0.26789486,0.37279338,0.15460855,-0.058688983,-0.20725903,0.077683255,0.22008872,-0.2028335,0.14486831,0.2560934,-0.093350574,-0.34778348,0.19566575,0.06934518,-0.34244028,0.031139929,-0.33489358,-0.56802994,0.4581362,0.44661224,0.1689682,-0.052708104,0.42336276,-0.33671716,0.15939206,0.22544245,0.054780565,0.21304646,-0.08872015,0.45381296,-0.20625272,-0.39828444,0.46748486,0.16604795,0.2633278,0.025347145,0.36750534,-0.32367763,-0.15942992,-0.32393664,0.3854148,0.33507606,-0.11122053,0.35013005,0.40154994,-0.034619126,-0.1944004,0.5001132,0.64421964,-0.11267664,-0.27455,0.2389285,0.20657188
-0.44334668,0.20214343,-0.10275009,-0.16672954,0.16542941,-0.3915456,0.26540586,0.63582885,-0.36770856,-0.11121701,-0.14233142,-0.4012529,-0.07973005,-0.004167383,-0.01917068,-0.29225665,0.12526956,-0.6538319,-0.40243545,-0.49291503,0.008579476,-0.026228832,0.087980695,-0.2758423,-0.23484994,0.098748006,-0.2023286,-0.3227722,-0.25196868,0.08718108,0.73436856,0.22732276,-0.07414419,-0.2462435,-0.32692304,0.14594433,0.03160669,-0.40763935,0.019952906,-0.34843192,-0.18875383,-0.018870551,-0.23538944,-0.20833765,0.29427502,-0.12528451,-0.3410646,-0.07218314,0.21798946,-0.06552035,-0.1442656,-0.063049965,0.06786693,-0.26210314,0.020210674,-0.010381175,-0.030298673,0.078807354,-0.31419247,0.6781877,0.27537212,-0.4055608,-0.13369533,-0.25847033,-0.5173217,0.026301207,0.5577185,0.25767142,-0.3808281,0.5602826,-0.34432524,-0.021000437,-0.21283227,-0.149936,0.18382527,-0.24636976,0.1339879,0.07515766,-0.35435596,0.105219655,-0.08741264,0.073359445,-0.3233323,0.69635165,-0.035989914,0.116636716,0.22652656,0.29349267,0.69456226,0.0304799,0.6026715,0.08210556,0.13458085,-0.038209803,0.47879708,0.22916318,-0.010418164,-0.59413344,0.42666262,-0.26911938
-0.34608185,0.5492381,0.11928253,0.14826895,0.07905996,-0.7191477,0.62694055,0.598984,-0.05484735,0.16031,0.5320905,-0.5404434,-0.22538745,-0.44670066,0.25278482,0.48830605,0.23788874,-0.20917086,0.07309471,-0.51404244,-0.30060315,-0.14369997,0.030750642,-0.68220073,-0.33332244,0.29897445,-0.22220924,-0.2078146,-0.45270887,-0.22470403,0.49762577,0.6903859,0.12539768,0.3245911,-0.6990367,0.0833794,0.34306183,-0.76905847,-0.4484573,-0.22100548,0.32464388,-0.19371744,0.30899253,-0.8251864,0.2142953,-0.2825388,-0.76843804,-0.40281186,0.24864817,0.34164682,-0.0066934153,-0.38039747,-0.012106927,0.42054635,-0.3653914,0.49776906,0.2908638,-0.19276623,-0.40230718,0.15891005,0.10976015,-0.51916665,-0.0047571184,-0.27563897,-0.83497274,0.5594304,0.190892,-0.013598738,0.22520311,0.5503961,-0.42018685,0.28168693,0.48280674,0.12856135,0.05758971,-0.15115799,0.6283804,-0.45027852,-0.5767945,0.577974,0.5267664,0.22930436,0.19245026,0.39065224,-0.40656143,-0.123778425,-0.5699611,0.49982506,0.23173778,0.060584676,0.28473192,0.44662905,-0.15335947,-0.42725796,0.882528,0.87234,-0.24682963,-0.15174757,0.09285742,0.42505258
-0.21245235,0.46053287,-0.048866346,0.015394371,-0.11194449,-0.4883388,0.14224376,0.4305698,0.048847273,0.031830397,0.1779034,-0.25981373,0.019952815,-0.35948804,0.12880622,0.15489705,0.37685996,-0.30083287,-0.12847131,-0.57082736,0.022766463,0.005683037,0.09924931,-0.34207946,-0.324183,0.082070276,-0.43984705,-0.07616014,-0.2950045,0.14604099,0.28605303,0.49142632,0.066960305,0.1499094,-0.40905553,0.12165033,0.17448823,-0.46360415,-0.19712327,-0.24024703,-0.06840622,-0.04174914,0.18131693,-0.354368,0.275734,-0.09344138,-0.5043517,-0.20812005,0.23730968,0.13952874,0.09277113,-0.15370771,-0.013484392,-0.016119609,-0.048733134,0.19038424,0.14066689,-0.15940015,-0.32294196,0.24831064,-0.16650036,-0.15806524,-0.20807782,-0.16098437,-0.40882695,0.32209638,0.28970018,0.18363667,-0.117119975,0.14791271,-0.36708996,-0.10880307,0.06710192,0.0028867286,-0.004446456,-0.21537003,0.23037283,-0.20463651,-0.31270504,0.28756526,0.17594442,0.2895579,-0.034404162,0.5924789,-0.07874231,0.095936485,-0.2466786,0.42047107,0.27055442,-0.039299086,0.42268184,0.14983082,-0.15783069,-0.23227027,0.5010088,0.42786232,0.033548396,-0.4802583,0.20186669,-0.16021365
-0.3296882,0.40248382,0.011252221,-0.07694203,0.030187253,-0.6636903,0.5209469,0.60880345,-0.018693743,0.18397382,0.49838993,-0.47217357,-0.097899675,-0.34389868,0.10320974,0.33333555,0.20980716,-0.26045975,0.008374895,-0.5102165,-0.24759357,-0.13411087,0.048577063,-0.6100064,-0.51863796,0.18051475,-0.15690914,-0.19880328,-0.49426168,-0.16750683,0.65932536,0.6085844,-0.019817624,0.35019267,-0.6001396,0.069532104,0.29840147,-0.7686758,-0.44146305,-0.071406186,0.1990971,-0.32866034,0.3479826,-0.67988175,0.30515498,-0.15051454,-0.78334993,-0.33523625,0.40447015,0.11653447,0.051555287,-0.18930078,0.010704292,0.24002033,-0.33123505,0.36478773,0.1978545,-0.12406962,-0.43979087,0.30477604,0.01195929,-0.4872721,0.049934223,-0.24922228,-0.7220516,0.4882936,0.2792052,-0.044137403,0.15134946,0.41878986,-0.5156133,0.12581797,0.24522924,0.005609818,0.16455369,-0.14446911,0.6476773,-0.3611588,-0.53339803,0.49134794,0.292432,0.2714102,0.20682584,0.5187536,-0.3252426,-0.17749901,-0.5567808,0.36882436,0.29007518,-0.03571013,0.3825459,0.46096167,-0.008368667,-0.3623933,0.6619825,0.751182,-0.10268378,-0.2932247,0.102024585,0.45896244
-0.45780906,0.49504635,-0.12435714,0.057511244,0.39265123,-0.3239754,0.13825096,0.52867657,-0.44497022,-0.08245734,-0.096618354,-0.540575,0.013994243,-0.049539223,0.18655503,-0.12233373,0.030121878,-0.49915805,-0.18289776,-0.53867596,0.28289413,0.015449899,0.26458147,-0.3720908,-0.28132656,0.3708023,-0.43648764,-0.33325687,-0.25949976,0.13629252,0.5712727,0.44982243,0.0443774,-0.26658982,-0.41374138,0.25186774,-0.19044162,-0.073274136,-0.0035916965,-0.5326168,0.19552399,0.066684805,-0.17734148,-0.10994389,0.12558837,-0.16445489,-0.18852454,-0.11179153,0.26992878,0.025857111,-0.13090204,-0.151141,0.3244445,0.019609218,0.12400431,-0.18723838,0.24947798,0.103520475,-0.54605186,0.44344878,0.15913212,0.024432803,-0.14597918,-0.2892109,-0.34265622,0.0051540867,0.87105036,0.51331884,-0.40438232,0.5387909,-0.26076683,-0.26381436,0.053182993,0.21276224,0.215593,-0.22168988,0.023573136,0.14080621,-0.13318479,-0.008570728,-0.029179625,0.08224687,-0.4823089,0.51629955,0.06728444,0.2448266,0.3856552,0.4803792,0.87967104,0.14117058,0.8371447,0.20625754,-0.13387212,0.2135003,0.28736675,0.49142358,0.015538894,-0.5131785,0.4357219,-0.2604793
-0.30238163,0.43803617,0.1476128,0.016268019,0.080137104,-0.5126762,0.34092242,0.55680084,-0.15768711,-0.09771681,0.19727355,-0.5750992,-0.16115476,-0.47486123,0.30840823,0.2604413,-0.020922454,-0.47718832,-0.10227346,-0.33739436,-0.11395564,0.00025024198,0.095877126,-0.5268722,-0.2519167,0.26519373,-0.16206287,-0.3618361,-0.3940461,-0.18508153,0.16199166,0.39231274,0.12376866,0.13621274,-0.5980408,0.30544883,0.04397097,-0.44951522,-0.48171318,-0.13263756,0.2851432,-0.15855616,0.23042421,-0.28172275,-0.012071978,-0.2191681,-0.6893251,-0.16163997,0.1991985,0.32157505,-0.12386196,-0.21841177,0.04679152,0.20413162,-0.10624215,0.029321235,0.28471148,-0.14995115,-0.34309843,0.13860033,0.008953319,-0.37283805,-0.115495235,-0.44243658,-0.65507174,0.5513046,0.4090147,0.20805424,-0.121284775,0.38365558,-0.23472905,0.36839312,0.30395162,-0.0131478915,0.17169586,-0.029677307,0.35869625,-0.2852605,-0.57591033,0.49558687,0.17061459,0.39014465,0.0051339837,0.38582337,-0.37419558,-0.019415772,-0.24630499,0.59597486,0.32385406,-0.1746694,0.35708946,0.44304752,-0.09265597,-0.047376204,0.50804436,0.6723625,-0.17682678,-0.33631968,0.32373098,-0.0016318127
-0.72683555,0.44927275,-0.011070318,0.08558818,0.59304625,-0.5029206,0.43206966,0.8053126,-0.6975621,-0.0033224656,-0.058868963,-0.6870205,-0.07071349,-0.04246281,0.20705195,-0.2560764,-0.24510145,-0.66045123,-0.4344522,-0.33301464,0.06701099,-0.016282082,0.36275515,-0.5077679,-0.48785818,0.48771128,-0.28152248,-0.27127707,-0.101635166,0.057655446,0.94426525,0.34986836,0.02838239,-0.07300597,-0.64507574,0.094534636,0.10261925,-0.03699344,0.07253422,-0.5601954,0.3637158,-0.19956389,-0.41683927,-0.12862283,0.19676831,-0.344996,-0.16280472,-0.023388095,0.34615165,-0.21752873,-0.2757903,-0.24506572,0.56432354,-0.005572285,0.023663593,-0.16842471,0.37276676,-0.0946565,-0.51222295,0.6262073,0.48293468,-0.17666875,-0.04337818,-0.68933654,-0.5383588,-0.062464025,0.6180963,0.39726168,-0.5554436,0.81060433,-0.46542656,-0.17999405,0.05873267,0.30694166,0.30200863,-0.099410266,0.022345746,0.1702942,-0.39247036,-0.3100322,0.23958598,0.015591615,-0.58821523,0.6122708,-0.11616027,-0.06806797,0.34037653,0.47577232,0.8706281,0.042039767,0.9012469,0.3042561,0.026706304,0.014592578,0.7761177,0.8083474,-0.034398444,-0.5683662,0.6297334,-0.37512457
-0.40095744,0.5023417,-0.10054114,-0.060476422,0.41925815,-0.37373877,0.38848296,0.6151458,-0.59940994,0.0045132297,-0.0850011,-0.57327855,0.023681935,0.09916411,-0.06313902,-0.35859084,-0.018778685,-0.3281443,-0.15465711,-0.399295,0.06916801,-0.051227134,0.28256848,-0.39116445,-0.5086137,0.30999437,-0.19925334,-0.16512646,-0.101209365,0.13695993,1.0379032,0.34861198,0.024161836,0.12549184,-0.39013872,-0.07139814,-0.011636664,-0.08069194,0.17569412,-0.5995235,0.2993194,-0.13480626,-0.36186,-0.32554203,0.25674155,-0.18308975,-0.062825926,-0.16580957,0.22765562,-0.3466663,-0.051320262,-0.18256977,0.40791166,-0.08955019,-0.056263905,0.017128626,0.2584106,0.09478322,-0.5388168,0.47877276,0.5245096,-0.014746692,-0.018076904,-0.29411575,-0.26162136,-0.15175611,0.41128334,0.19330388,-0.39882618,0.815131,-0.30980614,-0.3545162,0.17588967,0.34896415,0.13073173,-0.112266645,-0.028812673,0.110886715,-0.12977983,-0.45094103,0.05343198,-0.29247904,-0.67809284,0.6236592,-0.044559974,-0.13516442,0.3294341,0.16983849,0.7590654,0.15931559,0.88588804,0.15119432,-0.099025644,-0.027774254,0.7067011,0.5804675,0.0955059,-0.558749,0.32551226,-0.20247418
-0.48601896,0.38500264,0.038118504,-0.05677703,0.32163805,-0.40289003,0.331609,0.48477244,-0.13526681,0.020279447,0.27140537,-0.4290111,0.024976403,-0.3954583,0.20529056,0.020601794,-0.07750951,-0.35562474,-0.21307318,-0.34125727,0.050662093,-0.033638902,0.17016476,-0.52390236,-0.5244562,0.34003597,-0.112836614,-0.27192485,-0.2661873,-0.03489329,0.32896686,0.33230975,0.13501912,-0.042828053,-0.530542,0.19871488,-0.00790603,-0.16009091,-0.19346917,-0.24752016,0.4237426,-0.20986691,-0.06429743,-0.3132599,0.19722962,-0.29033273,-0.2773795,-0.11020307,0.29967982,0.14568265,-0.19743733,-0.32018235,0.20266512,0.15952173,-0.05850578,-0.038427062,0.31312206,0.010160652,-0.44972235,0.2522939,0.077194765,-0.111728646,-0.07123697,-0.48692745,-0.43185353,0.2745016,0.56945723,0.22387886,-0.29690063,0.45446324,-0.42614627,-0.0670763,0.046117045,0.08040942,0.38259083,-0.040112164,0.03299565,0.09968152,-0.37428886,0.28365463,0.17859516,0.21056208,-0.28129435,0.44424424,-0.19954468,-0.02557078,-0.0859742,0.3666917,0.44475254,-0.12397095,0.44646254,0.25030538,-0.14180021,-0.13261633,0.37259912,0.45753092,-0.12734224,-0.5118574,0.35553235,-0.2502548
-0.7671394,0.47296134,0.07537842,0.15046392,0.5696281,-0.5589573,0.29183236,0.7120838,-0.55330926,-0.04785699,0.04905649,-0.6250964,-0.16509494,-0.29688528,0.37713566,-0.060665913,-0.27725536,-0.7195219,-0.2556236,-0.3509863,0.117043264,0.02248171,0.37327865,-0.58219296,-0.4264491,0.6674668,-0.2933824,-0.29876664,-0.1317582,0.034663748,0.6555726,0.22305791,0.1423573,-0.11910959,-0.6218446,0.26863998,-0.07026665,0.14657305,-0.075456984,-0.58778286,0.53214306,-0.28471044,-0.24387182,-0.045009702,0.103630535,-0.4208061,-0.2780539,-0.08359844,0.30302212,0.101594225,-0.35574278,-0.29044384,0.59908587,0.10115689,0.06836088,-0.23547883,0.44957826,0.002831101,-0.53715533,0.32459995,0.24322513,-0.013153114,0.030320296,-0.79622,-0.41922498,0.14691564,0.68958455,0.5134201,-0.49166894,0.715532,-0.34836727,-0.0036457586,0.26353636,0.37054962,0.45385244,0.07677924,-0.0084746415,0.06621758,-0.42909488,-0.0771439,0.19610286,0.19242379,-0.6241637,0.50624466,-0.21015832,-0.03655798,0.20925137,0.61564976,0.7269767,-0.09070505,0.7317918,0.38897705,-0.117970355,0.10731208,0.7133289,1.0299972,-0.06697832,-0.51145893,0.6141916,-0.33124548
-0.6598451,0.45697793,0.19897029,0.17829028,0.6256429,-0.48453155,0.42055812,0.6412481,-0.22309053,0.061498016,0.08863865,-0.31218415,-0.05505554,-0.25321004,0.13917649,-0.07286083,-0.21159975,-0.24609867,-0.09647689,-0.2709646,0.16371533,0.37356958,0.1832384,-0.64402676,-0.43564343,0.5838928,-0.12602095,-0.13126305,-0.35287893,0.09770903,0.41465673,0.3370883,0.071039975,-0.12066682,-0.6402324,0.25506222,-0.19196916,0.22726114,0.07398753,-0.42599177,0.5743052,-0.13081348,-0.06587469,-0.2819221,0.28894168,-0.5045756,-0.07966013,-0.05635087,0.33807492,0.13583733,-0.073205605,-0.6053064,0.61110556,0.08276189,0.07074727,-0.10471706,0.4343493,0.009918592,-0.45731455,0.039359234,0.17445564,0.20087257,0.14798285,-0.5413888,-0.35893625,0.08830921,0.54106224,0.51182604,-0.18561035,0.39338392,-0.41641515,-0.3220785,0.32669437,0.37985173,0.32913804,0.13141541,-0.19409676,0.053286813,-0.3838001,-0.061680596,0.41463256,0.18876496,-0.53980345,0.337992,-0.025341356,0.056208886,0.2790229,0.40989357,0.608253,-0.16717091,0.5789788,0.38262066,-0.038339857,0.037233505,0.58531094,0.6825422,-0.119106926,-0.3907379,0.56520593,-0.4026296
-0.44212767,0.57989496,-0.13137501,-0.08842575,0.49612743,-0.30632707,0.27179924,0.83272934,-0.6315532,-0.24572988,-0.14972374,-0.71110576,0.008527336,0.2932922,-0.056922648,-0.4106702,-0.19879192,-0.5136443,-0.19559635,-0.4119693,0.19527811,-0.046179775,0.35457337,-0.34782723,-0.36943713,0.29717764,-0.24587278,-0.21652475,-0.18067949,0.21246544,0.969407,0.32966402,-0.047588743,-0.18711133,-0.34835693,0.2779668,-0.1767957,-0.21284169,0.05240251,-0.7213668,0.3547736,0.01680792,-0.20376596,-0.3087847,0.32070392,-0.14267687,-0.028187351,-0.0762217,0.3643029,-0.1658502,0.07592373,-0.14202255,0.44021404,0.011452699,0.05219305,-0.20049085,0.34041077,0.11461441,-0.46828327,0.34738585,0.3258734,0.17276724,-0.068567224,-0.23330207,-0.3196264,-0.10627658,0.7370816,0.50345486,-0.40112704,0.70264226,-0.18184878,-0.37100056,0.04016019,0.48255366,0.0913097,-0.14802988,-0.07191856,0.096154146,-0.07409493,-0.19746533,-0.17198193,-0.08879771,-0.48990306,0.5976419,-0.090578966,0.17996171,0.5252767,0.22949637,0.96542066,0.12136083,0.80262655,0.08530764,-0.1885543,0.014218008,0.52830917,0.64671606,-0.07115922,-0.75500506,0.35398805,-0.09277325
-0.18804711,0.3742919,0.04173878,0.031136544,0.100577466,-0.5282254,0.54662806,0.4662017,-0.08643405,0.20427988,0.46233243,-0.42257226,-0.11211338,-0.35550737,0.15998037,0.31077957,0.3499997,-0.24268861,0.12246995,-0.6284673,-0.18398294,-0.22476135,0.06601703,-0.6128035,-0.31942436,0.268089,-0.20292443,-0.17055236,-0.29396164,-0.05218513,0.644121,0.6220917,-0.010596857,0.27724326,-0.47991273,0.051462673,0.20954327,-0.72733116,-0.37319553,-0.32120588,0.23631547,-0.5232247,0.2513773,-0.66974497,0.38588277,-0.25879145,-0.57273114,-0.49662745,0.19146258,0.19248492,-0.04699427,-0.30171016,0.04797001,0.23108229,-0.36619502,0.5630956,0.102018945,-0.014842013,-0.4318793,0.21220025,0.23203348,-0.4225664,0.07222647,-0.23132162,-0.56014484,0.3285391,0.14335978,-0.1235478,0.043699007,0.6466434,-0.44276658,0.19658524,0.45622495,0.062000122,0.13981949,-0.16122913,0.5875804,-0.32722166,-0.26749986,0.41341874,0.44623652,-0.041736055,-0.11635388,0.51289153,-0.24928802,-0.22646199,-0.5538424,0.33325106,0.18124582,0.11156249,0.31004784,0.3169458,-0.17703076,-0.34210435,0.7889572,0.7265494,-0.10482847,-0.19243127,0.013249457,0.38717434
-0.2995182,0.5904315,-0.08939906,-0.114965275,0.40456596,-0.31333062,0.2065551,0.6623688,-0.5741626,-0.28743052,-0.15135463,-0.6697005,0.023221936,0.16588075,-0.09194674,-0.42580643,-0.0752366,-0.4712996,-0.01836278,-0.5016225,0.17620839,-0.06461917,0.2642899,-0.33933303,-0.2646088,0.30833176,-0.21207364,-0.23807111,-0.14532983,0.17789634,0.81791383,0.21303678,0.07747997,-0.1344111,-0.25613678,0.23061307,-0.30521098,-0.084291354,0.062467195,-0.7104765,0.37145406,0.008373412,-0.22845416,-0.2994007,0.18183061,-0.12238089,-0.07019327,-0.18665265,0.22282091,-0.032082073,0.02025578,-0.13081378,0.3429842,-0.045994222,0.014708226,-0.11389606,0.26946214,0.33980864,-0.52709717,0.28203264,0.37360835,0.17120714,-0.03646947,-0.091667354,-0.13677552,-0.08028986,0.60234296,0.42024976,-0.378789,0.7730148,-0.048191417,-0.1923522,0.21760237,0.37151644,0.18116288,-0.076373875,-0.11595352,0.07126534,-0.018002128,-0.21354322,-0.2891042,-0.1614846,-0.7391772,0.5633508,-0.17069945,0.05662507,0.52419245,0.24169588,0.85695857,0.18435511,0.7502089,0.07843174,-0.27476686,0.08697744,0.49911708,0.60133183,0.028498169,-0.6858789,0.28299427,-0.08911464
-0.3823795,0.5664418,0.16806716,0.08214185,0.2547062,-0.6237482,0.5004089,0.51863456,-0.13999687,0.2715112,0.44372693,-0.5881992,-0.043591265,-0.5986996,0.31926396,0.34913206,0.09250775,-0.32422465,0.01087172,-0.51854396,-0.11369098,-0.09679127,0.06385194,-0.75645274,-0.34989053,0.554995,-0.22103739,-0.16682974,-0.37580773,-0.24330793,0.32562268,0.594887,0.15271382,0.22705427,-0.71086985,0.063903205,0.06975653,-0.31680834,-0.35107085,-0.21445923,0.49573234,-0.50429916,0.16945817,-0.5127062,0.18313265,-0.44258013,-0.5580262,-0.40146258,0.29542235,0.34101665,-0.32205197,-0.4363608,0.2104847,0.42509148,-0.14232785,0.2065605,0.34883434,-0.036485776,-0.48790705,0.10084215,0.14608516,-0.36033413,0.17600146,-0.48584774,-0.5452049,0.5090699,0.38394096,0.07972315,0.025830537,0.5009274,-0.49816856,0.26436636,0.5124803,0.16454671,0.33105934,-0.048120607,0.39290154,-0.22385766,-0.4183962,0.41799802,0.5647381,0.27538767,-0.12321678,0.33871073,-0.29955885,-0.23189959,-0.36683628,0.5608922,0.25951457,-0.055174056,0.3301493,0.48839685,-0.077051215,-0.20486875,0.72756284,0.84209085,-0.14856659,-0.1845735,0.2668849,0.15268835
-0.40665925,0.47204453,-0.14334975,-0.15279001,0.17776665,-0.39070466,0.26745337,0.68423206,-0.64158547,-0.14815332,-0.15551105,-0.58693784,-0.008012237,0.13079661,-0.124345906,-0.40607718,0.024523867,-0.5700421,-0.21991245,-0.5139177,-0.009127055,-0.08087557,0.21200983,-0.24895093,-0.38448694,0.13212544,-0.2796613,-0.22272226,-0.14945848,0.15375751,1.0309312,0.27982438,0.060832076,0.031117849,-0.30445457,-0.015361204,0.04592137,-0.34969515,0.16216567,-0.6718845,-0.04285981,-0.006917486,-0.37294006,-0.3018311,0.33671016,-0.07109595,-0.22136205,-0.09928043,0.2309489,-0.24936055,0.042659935,-0.017152159,0.2394554,-0.18779802,-0.036186058,0.11949673,0.13334207,0.10855912,-0.48026073,0.6247696,0.3936233,-0.1544471,-0.12259568,-0.16449557,-0.36929065,-0.17161343,0.37931424,0.19551396,-0.4122616,0.77998924,-0.2380049,-0.21356648,0.020764973,0.18001035,0.107065216,-0.24976741,0.070015445,0.016320437,-0.17526117,-0.26363492,-0.13385668,-0.20979255,-0.5180662,0.7296981,-0.04196753,-0.03763712,0.2647874,0.22582959,0.80094945,0.2032992,0.8251822,0.093751416,-0.024847012,-0.06399969,0.66833794,0.51760256,0.09894848,-0.6907873,0.30463815,-0.15615019
-0.21326387,0.5361645,0.021181924,-0.022554198,0.19115536,-0.70901364,0.49620962,0.6332686,0.17251125,-0.016361125,0.45109776,-0.4902268,-0.090199776,-0.5749725,0.23768592,0.28375375,0.3743614,-0.26087698,0.13990913,-0.61138594,-0.08647396,0.04438877,-0.053560365,-0.66155607,-0.26978645,0.3978063,-0.3029385,-0.21744913,-0.44864547,-0.25774658,0.32495296,0.45778477,0.055373862,0.27345788,-0.73068774,0.1828448,-0.005286899,-0.4111547,-0.4236499,-0.01928151,0.46241868,-0.27491367,0.3030564,-0.69270885,0.026761625,-0.30607763,-0.640561,-0.41841412,0.21341297,0.42524678,-0.07047375,-0.40728074,-0.075561374,0.24699953,-0.265972,0.10155264,0.33209836,0.020038182,-0.44197035,0.12735862,0.105321795,-0.37444636,0.02075188,-0.24523081,-0.6286025,0.676755,0.37001842,0.06747627,0.13763502,0.4105634,-0.40832585,0.31267908,0.42521274,-0.061692543,0.16784336,0.048916627,0.26899153,-0.26779816,-0.6656379,0.567731,0.39780685,0.34198534,-0.14187668,0.48896688,-0.4027435,-0.038486023,-0.2564593,0.4641357,0.28131863,-0.19587566,0.30625087,0.38590077,-0.1867946,-0.18438071,0.7126292,0.51812154,-0.15045856,-0.26907605,0.22557704,0.19491746
-0.35434934,0.68929714,-0.13494268,-0.1014123,0.4888194,-0.35523662,0.25339293,0.79422516,-0.7258084,-0.18740262,-0.08999671,-0.83971524,-0.012209868,0.27402055,-0.12768564,-0.47081977,-0.14484988,-0.42579526,-0.013852864,-0.5550373,0.16102502,-0.12261691,0.38605735,-0.37715128,-0.43472183,0.32123968,-0.2523192,-0.22163525,-0.16199483,0.19406848,1.0829544,0.34803498,0.07939389,-0.011907407,-0.30157945,0.08262819,-0.16541992,-0.12245794,0.09416861,-0.85109407,0.42121467,-0.011680045,-0.30532253,-0.37244377,0.24527311,-0.111202314,-0.049907062,-0.16848186,0.31887865,-0.21158594,0.051627707,-0.123114064,0.40912497,0.022164362,-0.04941803,-0.059129987,0.34100643,0.2809324,-0.58776575,0.37330735,0.4609361,0.23116022,-0.06280404,-0.15811978,-0.14935718,-0.13979793,0.5961069,0.42412588,-0.4604042,0.92587227,-0.14944752,-0.34725562,0.24847423,0.48020563,0.121173196,-0.105132364,-0.05898047,0.032336928,-0.050152715,-0.36176088,-0.22007905,-0.2983836,-0.749995,0.6354485,-0.20587578,-0.04257836,0.48012832,0.2119555,0.9354632,0.24048047,0.92776686,0.11140783,-0.3069267,0.07365224,0.6471823,0.7241879,0.067565426,-0.73662513,0.26672837,-0.013230997
-0.19667332,0.35219216,0.10642261,0.016816756,-0.07819627,-0.47507703,0.32864234,0.45539284,-0.07930379,0.13688003,0.37226352,-0.48184666,-0.17384149,-0.31029618,0.17368342,0.28575134,0.0938808,-0.24847,0.043362603,-0.42475075,-0.21500297,-0.021000406,0.1423851,-0.35993502,-0.2743982,0.07032996,-0.2022786,-0.10451363,-0.27327466,-0.11047254,0.41203743,0.42886865,0.12725618,0.31908575,-0.46889952,0.034156177,0.3603381,-0.5460067,-0.24053574,-0.2983743,-0.032076526,-0.23505004,0.085707955,-0.46870267,0.22626336,-0.16220498,-0.4556874,-0.058660295,0.15538503,0.2141106,0.053104,-0.16384743,-0.060802598,0.2269765,-0.27441657,0.4060558,0.23020917,-0.2274788,-0.2706667,0.19738577,0.02481456,-0.27004886,-0.078157045,-0.23885483,-0.6167455,0.32087633,-0.084734574,0.022022642,-0.01664616,0.43457797,-0.33239228,0.13795331,0.37677026,0.031136522,-0.0705691,-0.106050506,0.3977773,-0.34280404,-0.3932041,0.31280982,0.4092364,0.016364582,0.13449502,0.36875093,-0.17607386,-0.14195918,-0.55123395,0.40642676,0.08039411,0.07505838,0.26324987,0.38138723,-0.018982165,-0.21353482,0.65406716,0.6056491,-0.04369054,-0.18756072,0.025222516,0.18604657
-0.31020743,0.70321393,-0.097862914,0.019767696,0.50336045,-0.38669533,0.2121098,0.6319864,-0.481802,-0.13470048,0.030026997,-0.7637331,0.06772794,0.05836221,0.057836674,-0.25537127,-0.01368576,-0.36853352,-0.0739346,-0.41948518,0.250974,0.031845916,0.37759787,-0.38280132,-0.38177913,0.35203075,-0.36339957,-0.16474895,-0.16878125,0.1445313,0.70579,0.36363533,0.03319849,0.08036059,-0.48745888,0.1471272,-0.09112345,-0.061612286,0.0033947572,-0.50130415,0.37173516,0.025703121,-0.13136363,-0.3210095,-0.017187625,-0.13324317,-0.11713842,-0.11177981,0.29386422,-0.106723666,0.04603703,-0.21834604,0.34111255,0.007847649,-0.039489653,-0.20769258,0.4210139,0.06843459,-0.4987309,0.285318,0.27497354,0.14904067,-0.1416213,-0.1763097,-0.2661573,0.041320402,0.55718404,0.43305707,-0.30089676,0.56923264,-0.28040513,-0.31346756,0.21462321,0.33787233,-0.012850046,-0.058257084,-0.12406784,0.0369357,-0.13599618,-0.23178032,0.0034781694,-0.07351412,-0.5339662,0.5028051,-0.18369469,0.044737898,0.35546187,0.2752655,0.7046898,0.11323054,0.77920943,0.1887504,-0.35740644,0.027431538,0.5165895,0.64184356,0.0069085807,-0.51345277,0.34812862,-0.15530679
-0.4095296,0.74593925,-0.12810169,-0.033905752,0.49750206,-0.39564896,0.22512986,0.71370214,-0.6108211,-0.14885598,-0.078945,-0.7258318,0.0737692,0.130237,-0.0426397,-0.39497003,-0.04270648,-0.43954763,-0.12779297,-0.47315553,0.192276,0.007435274,0.32335657,-0.36171886,-0.41916344,0.36163902,-0.3555021,-0.1291809,-0.15761083,0.1962745,0.9141939,0.34002975,0.03811128,0.027979173,-0.4465182,0.06539835,-0.11705469,-0.07224529,0.14949764,-0.6519509,0.32781494,0.045356084,-0.27571428,-0.347703,0.1558415,-0.15326485,-0.06443099,-0.11389908,0.32778734,-0.20369954,0.045386456,-0.21722884,0.40844285,-0.061091077,0.02553205,-0.15247537,0.38776675,0.1477794,-0.5471186,0.37884444,0.35919568,0.16945562,-0.07036454,-0.17071988,-0.21808434,-0.09808292,0.54998183,0.42952144,-0.34848896,0.71297306,-0.2582928,-0.37424678,0.15811302,0.41914466,0.062839694,-0.10234292,-0.15490939,0.07188219,-0.09630769,-0.35112822,-0.03744894,-0.17022239,-0.6384044,0.61687726,-0.106833674,-0.0023543239,0.46494758,0.23339991,0.84745544,0.17486641,0.85142803,0.13021335,-0.24675511,-0.008698913,0.62139946,0.65191543,0.055415545,-0.6451182,0.37014863,-0.17453729
-0.16882843,0.3306715,0.03348514,-0.04452621,0.16286689,-0.46575406,0.33464617,0.604652,-0.019929029,-0.021946015,0.18163677,-0.5299152,-0.03672399,-0.1442607,0.11172981,0.08577266,0.0521778,-0.31771687,-0.032048758,-0.38322696,-0.007024531,-0.03689116,0.08576896,-0.4272561,-0.18308288,0.081043154,-0.21709765,-0.16802682,-0.32183453,-0.10702061,0.39736626,0.4050843,-0.10425761,0.07958156,-0.54088664,0.24251424,0.12640879,-0.46919692,-0.37517574,0.0037138083,0.1504178,-0.28584114,0.29049894,-0.35664847,0.09687529,-0.13797797,-0.49247798,-0.16600995,0.33624327,0.14432433,0.14885055,-0.17169839,0.019818278,0.121679276,-0.16561407,0.045690976,0.21539445,-0.18450488,-0.27166706,0.18595761,0.035195854,-0.30175495,0.035458814,-0.16345228,-0.5546019,0.36322397,0.35059664,0.24234535,-0.0084274495,0.21997662,-0.34652126,0.13361949,0.22992934,-0.044981454,0.029229563,-0.06917735,0.3524418,-0.21474004,-0.35475734,0.38729087,0.14744641,0.26724556,0.06795027,0.3929945,-0.18036297,-0.05997561,-0.16128409,0.40407535,0.34872115,-0.097023614,0.35941932,0.41418543,0.005628835,-0.09908075,0.44026515,0.53502345,-0.09708187,-0.20471749,0.260556,0.16025896
-0.47443125,0.77535826,-0.18580355,-0.07502655,0.58640486,-0.4309183,0.3054336,0.895524,-0.822077,-0.24184203,-0.120543584,-0.8841089,0.044356663,0.2596808,-0.08211271,-0.49511737,-0.093570255,-0.5681119,-0.07676766,-0.58766025,0.19451861,-0.14141557,0.40351152,-0.45495304,-0.46161994,0.47484657,-0.3442411,-0.20998995,-0.1435602,0.21712439,1.2258011,0.34354773,0.02661428,-0.019860964,-0.37784645,0.13166426,-0.2499809,-0.11315747,0.13510619,-0.8955283,0.52027935,-0.048214376,-0.3358767,-0.39197564,0.23469205,-0.16453893,-0.07617239,-0.25180218,0.33499047,-0.23682375,-0.02669653,-0.14503148,0.54529434,-0.015228399,0.0017261718,-0.17232421,0.3784003,0.3095552,-0.6670723,0.42328665,0.513676,0.19241022,-0.028478328,-0.2451266,-0.18537189,-0.14238322,0.74150455,0.4362745,-0.44358042,0.9717564,-0.18639009,-0.33117285,0.21347056,0.58330584,0.17166607,-0.10715888,-0.088969395,0.08910911,-0.057765994,-0.42215303,-0.20848301,-0.2190636,-0.82540417,0.7240925,-0.22741821,0.01442647,0.6092822,0.23392026,1.0961665,0.22102053,0.98863477,0.09180505,-0.32539183,0.0257132,0.75175273,0.8740274,0.023376876,-0.8179371,0.36792046,-0.012628012
-0.06285819,0.34757283,-0.015372882,-0.07773736,0.2250779,-0.500096,0.44819602,0.63868934,0.034633823,0.028479656,0.31590798,-0.62099487,-0.072948284,-0.17060676,0.18811083,0.17984846,0.10475097,-0.29417995,0.033052363,-0.5157615,-0.023736967,-0.12957186,0.07687532,-0.5467536,-0.20361046,0.19168377,-0.23260792,-0.18473756,-0.32228813,-0.18701065,0.49086857,0.49835625,-0.11803408,0.11055157,-0.58452123,0.2622543,0.11564636,-0.55114746,-0.4727629,-0.03677845,0.3123045,-0.42001295,0.32316548,-0.52474743,0.12211472,-0.2333416,-0.48053235,-0.2711268,0.31973282,0.25059888,0.087887295,-0.26587856,0.009767851,0.24755394,-0.2904129,0.18424512,0.31004393,-0.07564032,-0.3040511,0.18983993,0.11187522,-0.356292,0.061184354,-0.22885092,-0.5502143,0.45838246,0.3507011,0.12036451,0.024204766,0.38780814,-0.3968148,0.22640994,0.29084873,-0.04177191,0.11067281,-0.048416078,0.48279762,-0.19728445,-0.41638747,0.52058715,0.21749088,0.26185307,0.03990128,0.36688587,-0.32618427,-0.09814461,-0.2759202,0.39187187,0.3259932,-0.11451113,0.29824048,0.34399572,-0.0740307,-0.17810714,0.51986825,0.57466286,-0.13985893,-0.196082,0.1848826,0.34675324
-0.48179415,0.59072506,-0.18229164,0.09727848,0.3916412,-0.38732693,0.16431056,0.6680435,-0.6219558,-0.18105428,-0.23045495,-0.47272265,0.088933006,0.02404542,0.035996843,-0.2944941,0.17019917,-0.51660913,-0.039052226,-0.71430075,0.29085806,0.01548393,0.3277229,-0.36207607,-0.33834746,0.4896591,-0.560855,-0.18405849,-0.14053054,0.32773066,0.9613145,0.36947048,0.06365066,-0.13245478,-0.3145451,0.17946428,-0.37486807,0.01538882,0.25733286,-0.950153,0.3148576,-0.03346878,-0.3622519,-0.16980788,0.33868214,-0.2427401,-0.042695995,-0.30046394,0.16593482,-0.09579797,-0.099475496,-0.13301449,0.53246033,-0.109889016,0.14124177,-0.09984975,0.22772624,0.24716288,-0.68602264,0.38823447,0.2879608,0.21730119,-0.084743015,-0.31521875,-0.18955196,-0.17750742,0.7650681,0.4257452,-0.47680002,0.7387561,-0.1897818,-0.35565612,0.20703825,0.5281165,0.22263864,-0.11929998,-0.13862576,0.16308196,-0.065805666,-0.38524678,-0.061672058,-0.12267066,-0.821409,0.73883015,0.10021575,0.25015613,0.5648664,0.40733922,1.0736758,0.23397708,0.99433506,0.07001785,-0.22776443,0.16129178,0.6319681,0.6933671,0.088253066,-0.7118479,0.3901027,-0.28987306
-0.31649747,0.32606745,0.07769692,0.14909896,0.08279953,-0.6708943,0.5150796,0.59048337,0.015375857,0.20085554,0.6013493,-0.40361384,-0.17049511,-0.4719858,0.31091753,0.41213837,0.2511061,-0.3695223,0.13766974,-0.56291395,-0.16498603,-0.13259774,0.14713897,-0.65662163,-0.3233407,0.41533253,-0.27815607,-0.08036051,-0.19584815,-0.044744316,0.6720455,0.529017,-0.039569013,0.4107052,-0.57693386,0.18261325,0.22631676,-0.5791591,-0.3998352,-0.362736,0.32017258,-0.7134735,0.33375466,-0.5713137,0.41206083,-0.41023016,-0.53885716,-0.43595222,0.19112055,0.3247277,-0.055590946,-0.29468146,0.21419339,0.28429908,-0.41136768,0.50821537,0.26396605,-0.17248063,-0.36222515,0.06850939,0.12176856,-0.32376322,0.13941427,-0.5040548,-0.63514876,0.45316628,0.026131319,-0.0479442,0.028909827,0.57263285,-0.45949903,0.2396336,0.56869143,0.17703927,0.1586175,0.004896755,0.58828,-0.36353824,-0.398047,0.4741838,0.6172403,0.037883308,-0.06267186,0.4896591,-0.26728413,-0.1778924,-0.7457833,0.46497202,0.14309129,-0.019021662,0.22492814,0.37435052,-0.21959983,-0.39594492,0.975194,0.9618254,-0.14923973,-0.1653579,0.071979605,0.34830126
-0.305174,0.5839078,-0.051921684,-0.04792722,0.31680104,-0.2678229,0.22888768,0.570701,-0.48991117,-0.22185367,-0.043593284,-0.61942834,0.015297747,0.085865945,-0.0060921162,-0.25798652,-0.059978325,-0.43015447,-0.12026941,-0.4112283,0.09561741,-0.07977123,0.3336172,-0.2776607,-0.35906398,0.21312332,-0.25745127,-0.17228608,-0.14440177,0.20197135,0.7524217,0.25547138,0.07157295,-0.015442151,-0.33154595,0.18820544,-0.019268839,-0.25644693,0.047783572,-0.6703159,0.19013734,0.051804945,-0.23692127,-0.37456918,0.24669816,-0.11340416,-0.108901106,-0.059769336,0.1984858,-0.024661832,0.07755997,-0.14490354,0.24094753,-0.06845,-0.07713619,0.023648018,0.27988464,0.094801195,-0.47857842,0.3453255,0.24016966,0.086426616,-0.15486602,-0.1562035,-0.32283536,-0.11381642,0.37903264,0.2504257,-0.38724825,0.69535923,-0.18767911,-0.22913392,0.09509042,0.2775975,0.011202647,-0.15860152,-0.06400523,0.059540067,-0.088299446,-0.14640981,-0.08605494,-0.2030543,-0.4882164,0.5534441,-0.16824366,0.07364026,0.26717564,0.22453801,0.66507155,0.18594456,0.6516935,0.09383509,-0.2940956,-0.072359405,0.5071479,0.55318004,-0.026828825,-0.6473312,0.1937266,-0.13838436
-0.22021703,0.29063785,0.08704544,-0.06796258,0.118230246,-0.44276986,0.38827026,0.46509704,-0.11427463,0.12514271,0.2814274,-0.43925288,-0.11411584,-0.25614297,0.15247814,0.17089845,0.007043682,-0.23551492,-0.011123384,-0.4042342,-0.13861687,-0.05388388,0.020247055,-0.5077924,-0.3051246,0.22815883,-0.05855592,-0.23452757,-0.34833968,-0.16104737,0.41263273,0.43519714,0.05594034,0.1563708,-0.43246904,0.11981696,0.07525443,-0.441748,-0.37893867,-0.18269157,0.25172743,-0.32134977,0.18193437,-0.3842397,0.19573212,-0.2063287,-0.5127447,-0.2319967,0.2872181,0.16156995,-0.049605865,-0.23103064,0.08343003,0.22324978,-0.2072879,0.28153947,0.18390012,-0.020399189,-0.32529148,0.16239136,0.10455046,-0.31088358,0.09484177,-0.28962272,-0.4834267,0.3845949,0.27966878,0.08427137,-0.029599318,0.41957912,-0.31025347,0.19302922,0.30370218,0.0030205324,0.24076821,-0.054031804,0.44008684,-0.26514778,-0.3732171,0.4145148,0.1985491,0.21110398,-0.0048661977,0.3046696,-0.29118934,-0.19846386,-0.34044096,0.3439282,0.25464097,-0.09268019,0.3020436,0.35921195,0.010254224,-0.13453455,0.47382864,0.56433195,-0.07136506,-0.22808962,0.18427153,0.25201824
-0.67141396,0.7855227,-0.04148067,0.047519132,0.75539345,-0.5733124,0.31856224,1.0993863,-0.83210945,-0.18049003,-0.07453373,-1.0678912,-0.06879292,0.2525509,0.12480811,-0.39568424,-0.45040703,-0.71319205,-0.23459817,-0.45474705,0.23881672,-0.031425282,0.5265449,-0.5579405,-0.5199141,0.5647391,-0.36854374,-0.2959176,-0.17697315,0.13984661,1.1859055,0.41525915,0.017038677,-0.08228999,-0.6211666,0.3567331,-0.08556347,-0.03895892,-0.059360314,-0.88010716,0.6081585,-0.13810728,-0.24461739,-0.2238364,0.2147308,-0.31293926,-0.12261935,-0.015819304,0.55907315,-0.122846365,0.003979103,-0.21766925,0.70890325,0.17589945,0.0018761903,-0.25967875,0.63770634,0.025717178,-0.6010616,0.3601973,0.37080374,0.2210866,-0.00033404832,-0.60419786,-0.42269477,-0.017594501,0.835885,0.7204957,-0.58882755,0.9104774,-0.3096438,-0.3197868,0.25621933,0.6486501,0.24510573,-0.022371681,-0.010537803,0.052224293,-0.31027326,-0.24254002,-0.078045376,0.035804186,-0.6248492,0.5981362,-0.29316714,0.0008812199,0.4894221,0.51095456,1.1412367,0.07825517,1.0448692,0.3324617,-0.25257266,0.08016438,0.8156957,1.1664058,-0.050229624,-0.78219146,0.57128936,-0.077149436
-0.2500701,0.3841215,0.06131925,0.07539093,0.18001223,-0.6303579,0.68877846,0.61686474,-0.053962227,0.2232271,0.45091724,-0.51721716,-0.23454046,-0.25164446,0.11845272,0.376156,0.26136258,-0.15441434,0.067061186,-0.5658935,-0.3049454,-0.1776432,-0.005261606,-0.6647396,-0.30298758,0.23348309,-0.16069104,-0.16624257,-0.46264264,-0.22479783,0.6911838,0.6668403,0.00029510199,0.22380257,-0.6037722,0.021768639,0.36299667,-0.8461466,-0.3929124,-0.205826,0.21964224,-0.28020474,0.23666947,-0.84805703,0.32438675,-0.31026405,-0.6172517,-0.42501983,0.27805263,0.20876144,0.028953096,-0.3997524,0.0033531438,0.33046386,-0.43728015,0.5656732,0.19273601,-0.113185495,-0.3556905,0.31644806,0.27249938,-0.5609823,0.10174694,-0.19923554,-0.75885624,0.42370966,0.18163675,-0.056733828,0.20497417,0.60789514,-0.4750031,0.23778129,0.39096773,0.02505295,0.12188003,-0.18727821,0.71006876,-0.36327472,-0.53633565,0.47447014,0.45955303,0.12640883,0.108246654,0.4178296,-0.34584817,-0.20198567,-0.4336985,0.37662026,0.28396487,0.09855097,0.30380878,0.3755773,-0.002462969,-0.37025198,0.8732862,0.75387615,-0.19633688,-0.08405238,0.08647778,0.53736436
-0.50115323,0.8084171,-0.1919316,-0.06883211,0.627649,-0.46081427,0.32020518,0.9323299,-0.85376316,-0.21309453,-0.11125249,-0.9516931,0.046765298,0.2586556,-0.06672601,-0.49007615,-0.09692726,-0.59694546,-0.096274115,-0.6196158,0.21378882,-0.1679167,0.4165478,-0.51553375,-0.5033375,0.5128177,-0.3658301,-0.22993511,-0.1782407,0.19632518,1.2725288,0.40303886,0.01448954,-0.02212809,-0.40903333,0.13134952,-0.2384882,-0.12220449,0.10574927,-0.8966922,0.5563692,-0.07571176,-0.3275987,-0.40672076,0.24117361,-0.18647547,-0.10208466,-0.27215677,0.38034388,-0.2367614,-0.056772117,-0.15533765,0.5780179,0.024959201,0.0032523822,-0.1928016,0.39321128,0.31468126,-0.6988526,0.45300242,0.54074436,0.17409663,-0.0053418516,-0.28037295,-0.18996356,-0.12021314,0.8170523,0.46545875,-0.4582592,1.0105404,-0.21493854,-0.35260752,0.22452956,0.60146743,0.1983371,-0.13753864,-0.048042696,0.096463345,-0.06182177,-0.41408524,-0.20077042,-0.20048642,-0.84738,0.7395587,-0.24396242,-0.01354299,0.6300898,0.26055717,1.1466788,0.22602928,1.0451255,0.111929305,-0.31595245,0.035639513,0.77774054,0.91309047,0.021576883,-0.832572,0.3952773,0.012435183
-0.19101109,0.4488199,0.13748853,0.09493436,0.05508013,-0.6497336,0.74208516,0.6345656,0.026057687,0.18474081,0.6288747,-0.5996609,-0.3452518,-0.27742982,0.1948985,0.55770195,0.17222282,-0.02305603,0.13143843,-0.5189669,-0.3787238,-0.11376259,0.031123737,-0.6632966,-0.34900287,0.05020447,-0.11299206,-0.25607923,-0.5576582,-0.2588523,0.563291,0.8355464,0.099855945,0.30339432,-0.69911325,0.100111194,0.53967774,-1.0937959,-0.6060829,-0.21198438,0.2529415,-0.1391325,0.41451776,-0.9747091,0.28261676,-0.198901,-0.7887553,-0.26032305,0.2940756,0.31066775,0.25396946,-0.4498122,-0.16618387,0.48213857,-0.53832424,0.7558061,0.3480471,-0.26770115,-0.35990408,0.21755359,0.100286394,-0.51832026,-0.068253376,-0.13923985,-0.95273423,0.55787754,0.024644375,-0.048675425,0.2390443,0.6145986,-0.46043757,0.25051662,0.4849583,-0.00675915,-0.03864134,-0.18577759,0.8183267,-0.5674322,-0.671119,0.7079675,0.5083865,0.15550163,0.39423305,0.34862927,-0.42946446,-0.14530745,-0.7544749,0.43930852,0.14395899,0.11079418,0.27419966,0.49973455,-0.11433693,-0.41747156,0.8253147,0.80177677,-0.2741112,-0.0867521,-0.02941025,0.62373024
-0.45449096,0.67569405,-0.14324729,0.03963701,0.51616013,-0.41151756,0.17597099,0.7627017,-0.71301293,-0.14313859,-0.12899622,-0.70220304,0.04678253,0.18241516,0.028398361,-0.35494444,-0.0048687323,-0.49196854,-0.062599696,-0.5993077,0.24295458,-0.104260825,0.4301857,-0.3473006,-0.34857818,0.42170066,-0.4635861,-0.16259387,-0.0719389,0.26349533,1.006227,0.3656945,0.03600035,-0.041020054,-0.33061776,0.11127584,-0.17897901,0.0021499798,0.14984366,-0.8782673,0.37509486,-0.08438262,-0.34181222,-0.20894547,0.20550308,-0.1648954,-0.060163833,-0.20551448,0.25990593,-0.19619423,-0.047675747,-0.12918457,0.4996296,-0.03556425,0.062472045,-0.15855993,0.31803638,0.15526228,-0.58301777,0.3413365,0.36537004,0.23265049,-0.08182987,-0.28973264,-0.1520374,-0.13037014,0.66934127,0.44941133,-0.48855814,0.7648882,-0.23889558,-0.33788177,0.22743909,0.5323978,0.1042277,-0.056612335,-0.10703168,0.070067815,-0.07645651,-0.40661734,-0.056609493,-0.16550848,-0.7286193,0.6468228,-0.097636394,0.06494801,0.4974617,0.31741017,0.90556717,0.1983363,0.9448247,0.08707349,-0.31985688,0.09408847,0.71570426,0.7975542,0.06572127,-0.67014194,0.3555355,-0.16261294
-0.22804204,0.4069138,0.07285169,-0.03407307,0.01574379,-0.6354359,0.4891321,0.5530697,-0.007338697,0.23457982,0.5326334,-0.46288756,-0.14522944,-0.38332507,0.14344843,0.37224314,0.27807617,-0.22570853,0.12791228,-0.6369857,-0.2636609,-0.14530681,0.04546025,-0.6443813,-0.37342092,0.24393629,-0.17122485,-0.18476318,-0.42855883,-0.08313557,0.57644564,0.673798,0.031855702,0.3569609,-0.4998682,0.111691,0.19904795,-0.7782194,-0.48779342,-0.27177823,0.23446089,-0.44475105,0.4057517,-0.68331087,0.4036315,-0.19555068,-0.7379534,-0.44754255,0.27211627,0.25078934,-0.01650439,-0.23100139,0.029939674,0.29584762,-0.37655494,0.5378673,0.12741227,-0.012040776,-0.4097062,0.17082728,0.117235355,-0.40420133,0.0808915,-0.2411325,-0.62184775,0.48703954,0.15606606,-0.03221417,0.1230082,0.564811,-0.4250507,0.20918517,0.48239487,0.049735352,0.14516269,-0.1292245,0.69233364,-0.47028673,-0.38270396,0.55467516,0.37784022,0.14116625,0.06711245,0.4909724,-0.3696356,-0.21057051,-0.66819584,0.37336236,0.17478436,0.02697124,0.29878625,0.3682521,-0.17435455,-0.34170195,0.77573544,0.77209353,-0.10221367,-0.27029088,-0.012712587,0.51329195
-0.5726708,0.72916806,-0.23238769,-0.03779208,0.47774816,-0.53323257,0.12548728,0.77705777,-0.61799634,-0.019679883,-0.026525568,-0.6640862,0.0010799349,0.068260275,0.05983814,-0.21538003,0.009398928,-0.52804095,-0.06876546,-0.6792865,0.22102368,0.023376286,0.37270874,-0.42744225,-0.4541654,0.4653093,-0.49717912,-0.1937771,-0.28006062,0.19730935,0.9943101,0.4603861,0.027521491,-0.019901466,-0.4007482,0.07611355,-0.17494486,-0.03276945,0.11501678,-0.73278713,0.2616175,0.010648741,-0.2026983,-0.25826913,0.23332226,-0.12828815,-0.26573542,-0.16851127,0.41380462,-0.16795525,-0.07806164,-0.08127451,0.48157373,-0.033032518,0.093804136,-0.211308,0.29679137,0.21817502,-0.6191243,0.46752247,0.24607423,0.1818308,-0.02535981,-0.27537134,-0.20767467,-0.039072175,0.8140877,0.5183008,-0.29648048,0.6568407,-0.3157589,-0.42242265,0.15862611,0.4484461,0.16585186,-0.12309539,0.031183666,-0.022869613,-0.17593943,-0.25583553,-0.023862947,-0.005642819,-0.5714673,0.67132735,-0.052465536,0.0922363,0.41365033,0.38476297,0.95597714,0.10947098,0.96874446,0.22489253,-0.18253389,0.12884226,0.60769165,0.801089,0.13944957,-0.68214166,0.40444168,-0.022591457
-0.28488195,0.39466888,0.058587607,0.1516523,0.21831344,-0.61551064,0.71030384,0.61796993,-0.091023184,0.28966656,0.490464,-0.5486469,-0.258383,-0.19417596,0.12157825,0.39352655,0.25102744,-0.13395932,0.004705574,-0.56037545,-0.31962332,-0.23993765,-0.022187797,-0.67008156,-0.26808712,0.2104039,-0.19487491,-0.17399465,-0.45022076,-0.23427244,0.65413797,0.7699234,0.016303716,0.15839024,-0.60750765,-0.057831753,0.48043975,-0.89975315,-0.38573188,-0.17639293,0.21353713,-0.2166846,0.22574879,-0.86939216,0.30828956,-0.30085367,-0.6005802,-0.39845067,0.30388623,0.19979884,-0.0018466346,-0.40976807,-0.0069941473,0.4090985,-0.41962484,0.62331563,0.18475042,-0.1227232,-0.31718242,0.40569317,0.32975465,-0.6318953,0.07221062,-0.16022414,-0.7587835,0.3563787,0.19032906,-0.07071493,0.20606609,0.6360002,-0.52180094,0.2058184,0.32727256,-0.009167298,0.1101615,-0.28357032,0.7791349,-0.3440819,-0.5082551,0.47066042,0.5093499,0.13702102,0.16545926,0.35973093,-0.34239623,-0.20794983,-0.4280399,0.40390235,0.29686424,0.20961341,0.31359446,0.3200422,0.00646143,-0.40044144,0.8532564,0.7110372,-0.24352199,-0.035592105,0.10590747,0.56766933
-0.5341833,0.86675966,-0.048412222,-0.092714846,0.53887886,-0.5734191,0.30111113,0.7887021,-0.5290309,-0.2966719,0.12355011,-0.88052577,0.11980871,-0.19901004,0.20502138,-0.20456187,-0.08758843,-0.55313194,-0.09289479,-0.5214104,0.23073104,-0.09454934,0.31706622,-0.62241834,-0.5897936,0.5564306,-0.35864666,-0.38924566,-0.31448844,0.02146657,0.7563933,0.37320203,0.13224743,0.057401724,-0.66345054,0.32671744,-0.26762167,-0.15384318,-0.2698616,-0.56034184,0.73161757,-0.077158,-0.07694579,-0.40248442,-0.04132807,-0.23556581,-0.4511386,-0.26303753,0.45233014,0.07241069,-0.04867983,-0.2830952,0.37628412,0.12917149,-0.022437086,-0.24195406,0.5495838,0.15267955,-0.7387848,0.2268037,0.17628431,0.06447045,-0.1271179,-0.40631574,-0.42607766,0.28435442,0.9356847,0.4213899,-0.38881093,0.72309446,-0.30384368,-0.07066182,0.18493477,0.3965461,0.3210763,0.062435906,-0.09773875,0.008073463,-0.43733153,0.11248402,-0.11706523,0.27815884,-0.56461483,0.62685406,-0.45750004,0.042326,0.26058087,0.42987934,0.91230637,-0.09539386,0.84691364,0.33504897,-0.43774673,-0.05485802,0.5386241,0.915722,-0.14050981,-0.801426,0.48158744,-0.1098639
-0.22885446,0.4124532,0.082989536,0.027834363,0.033119995,-0.5923205,0.5402994,0.56394887,-0.019854806,0.1992569,0.5375814,-0.50359225,-0.21250491,-0.22406262,0.051870953,0.40177926,0.19572647,-0.055089895,0.12764694,-0.5415778,-0.33484104,-0.12332406,0.016802656,-0.5608361,-0.3774877,0.07431338,-0.12962946,-0.1977876,-0.5097012,-0.14786547,0.58322346,0.69265896,0.08442823,0.31504175,-0.51849514,0.07087646,0.3674109,-0.935884,-0.5026266,-0.23352064,0.17709917,-0.1741314,0.36385655,-0.7949899,0.318609,-0.11797058,-0.73352927,-0.3425143,0.3137329,0.20364426,0.16288392,-0.28043362,-0.09008202,0.37120673,-0.45013723,0.6304211,0.17803518,-0.117029965,-0.36920166,0.23550196,0.04881819,-0.43350422,0.014725499,-0.097816356,-0.74350953,0.44912663,0.10135001,-0.019151472,0.22157659,0.50448895,-0.42226437,0.19464843,0.4050152,0.030317001,0.05980107,-0.17983992,0.7330542,-0.506421,-0.5016543,0.5532744,0.29854065,0.17548548,0.28933552,0.37974682,-0.39389065,-0.1419076,-0.631099,0.3188918,0.20062469,0.116277315,0.27913943,0.38623598,-0.12612379,-0.3633801,0.7056983,0.75097656,-0.18418346,-0.16087346,-0.029640421,0.632255
-0.52216446,0.63275445,-0.07308111,-0.065085806,0.5873334,-0.40282673,0.35281107,0.71025985,-0.7080496,-0.2308327,-0.08427135,-0.7769996,-0.038060553,0.07440331,0.044447504,-0.33265412,-0.17276289,-0.5803967,-0.17079486,-0.4544212,0.101261534,-0.19089638,0.275775,-0.49179783,-0.38218608,0.46795297,-0.19824667,-0.33284643,-0.17487319,0.07626321,0.90687495,0.26767382,0.07255774,-0.20826018,-0.43268284,0.21959694,-0.19784828,-0.10519268,-0.00043318272,-0.65698725,0.5486503,-0.057243608,-0.25087744,-0.33972138,0.16985603,-0.21794757,-0.20082328,-0.2333881,0.29269552,-0.038922466,-0.17633383,-0.19308564,0.4305393,0.04226904,0.005992879,-0.17699693,0.34039077,0.3106034,-0.60671633,0.41494483,0.4711346,-0.0090300385,0.019443264,-0.28301555,-0.2926586,-0.03360968,0.7947106,0.4068831,-0.42403668,0.92901784,-0.18236312,-0.10210706,0.16058257,0.37695807,0.35625917,-0.110643186,-0.0037745894,0.149002,-0.13234346,-0.15846007,-0.1855182,-0.07990256,-0.723383,0.5774603,-0.25753397,-0.010583723,0.52929485,0.32903206,0.9362828,0.18651488,0.7915116,0.17868638,-0.2343864,0.026137685,0.6015466,0.80292827,-0.06691031,-0.6594488,0.39294007,-0.03455282
-0.2101465,0.42127618,0.15981284,0.19007422,0.01911377,-0.66018796,0.551903,0.574574,0.1041879,0.24869752,0.6701997,-0.58770466,-0.2919115,-0.33448616,0.22767514,0.569156,0.198204,-0.057415348,0.124665014,-0.5306973,-0.33535135,-0.073375486,0.10381756,-0.5619914,-0.26100102,0.047113393,-0.25677034,-0.12612899,-0.46748066,-0.2280794,0.37966228,0.76937574,0.111975394,0.35089704,-0.6820572,0.058903743,0.62561905,-0.9485628,-0.52176017,-0.1894604,0.10156309,-0.1935123,0.3585784,-0.8224861,0.24267875,-0.20322914,-0.71862465,-0.17605871,0.2557053,0.36557177,0.20944576,-0.39774776,-0.18299074,0.48625362,-0.5192543,0.70303273,0.32763755,-0.36818185,-0.27206993,0.21990222,-0.03564282,-0.47177258,-0.09734684,-0.20521574,-0.8572218,0.5262564,-0.15091048,-0.018831322,0.23235916,0.41064468,-0.53663534,0.27768105,0.46370658,-0.06395344,-0.11768257,-0.13334067,0.75348455,-0.55860406,-0.651807,0.6528197,0.62294173,0.19985187,0.46647382,0.2677443,-0.3862377,-0.13987862,-0.83065486,0.4703333,-0.044738915,0.12587094,0.16769956,0.41316625,-0.139345,-0.4151851,0.8112313,0.7785043,-0.22077698,0.014338617,-0.029378055,0.529393
-0.44995746,0.50952685,-0.18162385,-0.040970337,0.32147822,-0.37728694,0.14474961,0.66308933,-0.430726,-0.12421439,-0.016884197,-0.51989627,0.012140858,0.093468666,0.006403038,-0.22084704,-0.029227782,-0.4705433,-0.17267074,-0.5712654,0.21093893,-0.026924217,0.3088961,-0.31098902,-0.37304014,0.23444083,-0.33923507,-0.1910557,-0.21907322,0.2386537,0.74321777,0.35203117,0.036666837,-0.1952276,-0.26618358,0.20688954,-0.07648464,-0.18286231,0.12583081,-0.7023241,0.13070042,0.02707073,-0.2190394,-0.23392734,0.41295838,-0.15654631,-0.080579646,-0.09133864,0.37351552,-0.060624808,0.07966212,-0.10723213,0.31817704,-0.025187869,0.046395514,-0.07718804,0.22569248,0.117673144,-0.4385663,0.40496594,0.10640403,0.18396091,-0.06371538,-0.21670747,-0.24124995,-0.06578088,0.68444526,0.5047592,-0.37433055,0.50108564,-0.2771265,-0.41249698,0.012712208,0.3342163,0.13892046,-0.18747897,-0.013119538,0.078988105,-0.09940778,-0.0599942,-0.09696333,-0.00014207364,-0.4066235,0.5356742,0.04733015,0.15382196,0.3528298,0.36642477,0.78295434,0.13983652,0.7214223,0.08194778,-0.10606317,0.028926978,0.4910121,0.5343475,0.099838205,-0.6719249,0.32678413,-0.15915036
-0.15428501,0.49024984,0.11568466,-0.016860794,0.29900062,-0.5505225,0.66848755,0.7544849,-0.054069757,0.13437939,0.6071141,-0.7973033,-0.16733074,-0.14194837,0.08274093,0.29117292,0.009472238,-0.09693144,0.16128406,-0.4980082,-0.23850471,-0.24732845,0.03530073,-0.7627923,-0.3860805,0.27973765,-0.021393385,-0.31525287,-0.50919455,-0.26850504,0.64724314,0.67515415,0.033656783,0.22770697,-0.63101393,0.23730963,0.16768283,-0.80527997,-0.62983215,-0.20571719,0.6410559,-0.43579137,0.4328214,-0.84669983,0.25710157,-0.29377753,-0.56624454,-0.40135437,0.38253057,0.31181154,0.07767478,-0.38313773,0.0056195175,0.61780155,-0.49164328,0.444641,0.41943553,0.0009825262,-0.4299073,0.07886259,0.24563834,-0.37053484,0.168377,-0.22933476,-0.6916208,0.5918359,0.35130018,0.059561875,0.07946113,0.7144854,-0.41339338,0.28352866,0.5093219,0.07906897,0.29986274,-0.08599973,0.6812394,-0.28979954,-0.47840738,0.6559777,0.2216199,0.1355124,0.082784094,0.3265368,-0.5406782,-0.21121971,-0.48318952,0.38677284,0.39987832,0.114897236,0.31998315,0.4403689,-0.18395393,-0.26861578,0.7025051,0.8002464,-0.30090007,-0.18049294,0.0393226,0.72127473
-0.26122501,0.18554854,0.044699177,-0.16081904,0.2538106,-0.09340198,0.28512862,0.4227765,-0.46373942,-0.38356483,-0.19464736,-0.44566995,0.011657461,0.22716354,-0.020313306,-0.28244317,-0.24317761,-0.514697,-0.27464712,-0.25796938,0.09992347,-0.10822355,0.1966611,-0.12410464,0.09183472,-0.09348107,-0.042963304,-0.28831255,-0.05223558,0.14251095,0.42585352,0.105259374,0.0010535013,-0.4782858,-0.16356742,0.45567334,-0.08311496,-0.34096116,0.0013467019,-0.54007393,0.015506614,-0.08168016,-0.14442618,-0.12617828,0.33502328,-0.087325834,0.046637308,0.018308027,0.11092117,0.123182915,0.14026709,-0.071789615,0.08121293,-0.08370593,0.020016223,0.00857716,0.09055422,0.058581337,-0.22798651,0.25045294,0.22320662,-0.05459607,-0.08192446,0.012842942,-0.4544428,-0.12194486,0.53075206,0.36083642,-0.39810255,0.4784238,-0.07022849,-0.047584597,-0.012855741,0.1171051,0.055981442,-0.19487113,-0.023916544,0.15768524,0.12605314,0.14882705,-0.20731898,-0.15001743,-0.24441415,0.3573696,0.14475672,0.26987964,0.3916565,0.30214694,0.5566682,0.24162951,0.36713496,0.07433002,-0.10180202,0.007553927,0.2716132,0.36944255,-0.08821202,-0.43417636,0.19449297,-0.1803152
-0.43527815,0.57321894,-0.21103984,-0.022921106,0.30974996,-0.33601353,0.49397838,0.6646064,-0.53267926,-0.062503904,-0.014892836,-0.48613894,0.045206405,-0.051930264,0.119532175,-0.058413167,0.18903548,-0.4856188,-0.26560223,-0.510674,0.0569735,-0.14784966,0.25029254,-0.47066915,-0.48341322,0.31789753,-0.40249103,-0.1764651,-0.17127012,0.14556213,0.9876797,0.53477836,-0.071384504,0.019497115,-0.46920627,0.03630059,0.053862646,-0.50319165,0.044144157,-0.58985895,0.20873624,-0.10062978,-0.19307488,-0.5132023,0.4027038,-0.23826633,-0.20580238,-0.29174075,0.25515118,-0.21282966,-0.075863086,-0.20698392,0.34392494,0.00585938,-0.0075279195,0.10675563,0.22035666,-0.067378595,-0.5471644,0.5289542,0.36458814,-0.23113807,-0.14195749,-0.309197,-0.51753306,-0.052484196,0.657164,0.006328948,-0.23217946,0.67677915,-0.40173286,-0.30650687,-0.032396894,0.38294637,0.06572672,-0.3741828,0.16875476,0.08907387,-0.14357139,-0.14671674,0.2227873,-0.06836276,-0.33691037,0.77414834,0.029823044,0.16181646,0.21045429,0.26026335,0.8192508,0.107618146,0.74939084,0.10880566,-0.075705774,-0.26142025,0.6880044,0.603467,-0.14331606,-0.6603575,0.30490914,-0.08695639
-0.16586368,0.41768357,0.1750781,0.12357021,0.059368353,-0.6187548,0.6031224,0.54275405,0.12956631,0.26907575,0.68285775,-0.5286027,-0.24974203,-0.34712085,0.1957321,0.5106144,0.224078,0.019909726,0.21925838,-0.57204145,-0.36357406,-0.06816406,0.05594838,-0.62435186,-0.26825735,0.10975244,-0.18204999,-0.17092346,-0.47514817,-0.15616603,0.44941375,0.80358297,0.09802488,0.38064203,-0.6467281,0.08645878,0.44438627,-0.94014937,-0.5717113,-0.23630221,0.24377984,-0.33432457,0.43651226,-0.87049365,0.33809218,-0.21513502,-0.69766015,-0.2926261,0.20991158,0.36532867,0.19982219,-0.47258022,-0.14941294,0.46311712,-0.5611194,0.8033492,0.28827694,-0.21511637,-0.3436712,0.14553072,0.081322156,-0.41367117,-0.023979498,-0.17201813,-0.79769707,0.49308243,-0.16480146,-0.07752236,0.21620966,0.5619305,-0.51310045,0.27420944,0.60216194,-0.05067985,-0.028383048,-0.079082094,0.7491405,-0.57773876,-0.5410412,0.6674752,0.6095001,0.07509894,0.2838314,0.30741063,-0.3981944,-0.17050713,-0.88295716,0.39457142,-0.019538403,0.12952708,0.19850422,0.4004809,-0.2622821,-0.38852724,0.81298304,0.75439197,-0.22354066,-0.021701895,-0.0915507,0.57650936
-0.5225656,0.5136002,-0.046588283,0.1394808,0.65601194,-0.35326976,0.54739535,0.65512884,-0.5973787,0.035245676,0.08724549,-0.4774425,0.011609858,0.08088611,-0.13810699,-0.112595715,0.057090152,-0.26187515,-0.079189435,-0.5447076,0.1562905,-0.1302343,0.16744788,-0.57016194,-0.47162598,0.23176834,-0.19538036,-0.25984466,-0.3709464,0.10052331,0.8606122,0.5050205,-0.016730074,-0.17401312,-0.45615554,0.04388127,0.17227663,-0.3769049,0.070345044,-0.557118,0.2666474,-0.17109913,-0.19848706,-0.48883247,0.4300205,-0.26353484,-0.2148489,-0.27052012,0.3990159,-0.18096803,0.1468367,-0.3958379,0.3068797,-0.043798503,-0.14621821,0.20694427,0.17507097,0.0823414,-0.70092905,0.55259323,0.40757003,-0.1579264,0.13753101,-0.12721013,-0.3561566,-0.22502689,0.6922273,0.19575104,-0.26919746,0.6357675,-0.53915024,-0.37206563,0.14035654,0.17355531,0.31573078,-0.3254853,0.12851615,0.13195169,-0.15075675,-0.19107723,0.09664098,-0.22334075,-0.6483046,0.626226,0.10890545,-0.09105076,0.42812985,0.38388672,0.859107,0.3542748,0.8850837,0.3993084,0.028977519,0.020347655,0.64208186,0.6714152,-0.06407587,-0.31480104,0.43914396,-0.059432417
-0.18916786,0.5416291,0.058736548,0.006101605,0.1623416,-0.66622865,0.64933413,0.7574237,-0.06103354,0.16749041,0.69142056,-0.82048047,-0.13319702,-0.30678552,0.19336894,0.42692673,0.17715022,-0.2943113,0.13371338,-0.66303104,-0.20657128,-0.3731094,0.14082879,-0.8024601,-0.46110147,0.33243975,-0.1634312,-0.30560875,-0.48748457,-0.23634645,0.72950363,0.73991156,-0.0044997334,0.30110368,-0.667795,0.26795852,0.24171151,-0.9431779,-0.67546064,-0.28004992,0.5312331,-0.5923905,0.43250412,-0.85139143,0.32023075,-0.32083613,-0.75045943,-0.5258886,0.43776593,0.34682465,0.017943092,-0.3002303,0.007940184,0.5871331,-0.51792127,0.5196064,0.37226024,-0.0979336,-0.49676582,0.11439514,0.09367796,-0.46343988,0.11585057,-0.339696,-0.78646916,0.6680606,0.3563332,0.0019313269,0.07058873,0.6789584,-0.52460074,0.3750806,0.49970055,0.14914308,0.25813094,-0.11972526,0.82118964,-0.35395852,-0.4912183,0.7624219,0.31108168,0.20435268,0.18154582,0.4471313,-0.55242085,-0.23176104,-0.7100755,0.47594526,0.33548868,0.08436605,0.3078015,0.46904346,-0.2111814,-0.42457172,0.8178248,1.0062534,-0.261577,-0.24416253,0.0062636565,0.7428238
-0.23940797,0.3915437,-0.141797,0.14633715,0.09093677,-0.19950923,0.066909246,0.5138682,-0.3100776,-0.2394975,-0.3250018,-0.15946981,0.1064189,-0.05211423,0.05784705,-0.13133901,0.31868672,-0.4001443,-0.114576936,-0.59357536,0.2517923,0.08266663,0.2199759,-0.16540848,-0.08586653,0.19788094,-0.6240359,-0.06959422,-0.062395405,0.3989055,0.48956862,0.33965564,0.041192316,-0.19986148,-0.21965896,0.24438773,-0.27303976,-0.16923806,0.2299697,-0.76375073,0.034669142,0.04522973,-0.22615871,-0.09220047,0.4004201,-0.1971786,0.016935974,-0.21436228,-0.0393205,0.017202372,0.019051177,-0.10257918,0.28222507,-0.14318235,0.20261581,-0.020131541,0.09185098,-0.033353444,-0.40777737,0.24306896,0.06864152,0.13711593,-0.27646917,-0.19523402,-0.2472239,-0.10408692,0.5405394,0.2721506,-0.4041981,0.34164286,-0.12510428,-0.27700356,0.040177044,0.32688874,-0.0016189218,-0.22123905,-0.16902459,0.13085838,-0.03185638,-0.23060204,0.03601713,-0.0010259774,-0.48268548,0.6914681,0.2474258,0.48773023,0.4419856,0.39784604,0.7533864,0.16455367,0.6657341,-0.09157609,-0.17480956,0.053224653,0.47998953,0.32404765,-0.022390941,-0.62604445,0.29570103,-0.50602674
-0.20871013,0.42733684,0.08041567,-0.023906464,0.19068974,-0.5462668,0.42926612,0.6070716,-0.04044794,0.16600941,0.51575685,-0.671725,-0.07268384,-0.20388721,0.13811071,0.23487973,0.03750636,-0.21532236,0.054066505,-0.5323324,-0.13420917,-0.165291,0.109930806,-0.575594,-0.34880117,0.22269362,-0.15883116,-0.22477591,-0.39803135,-0.17667758,0.4760554,0.5578937,0.08140517,0.18142219,-0.5636106,0.19067658,0.20856689,-0.57405525,-0.41450962,-0.20769674,0.35056785,-0.36313137,0.24887826,-0.5813423,0.23100455,-0.2152952,-0.50130373,-0.2648496,0.3671924,0.2884771,0.03929913,-0.25984946,0.009251584,0.44257322,-0.34441987,0.31125712,0.34313545,-0.061357517,-0.37435532,0.16574782,0.05208799,-0.2779092,0.06506876,-0.24667531,-0.60498804,0.47607192,0.27514055,0.1451593,0.016188426,0.45889735,-0.46607605,0.18001916,0.35927463,0.069327384,0.20861368,-0.06612995,0.51182264,-0.22591473,-0.40495896,0.54280084,0.26683816,0.21267281,0.11678585,0.27402726,-0.37799487,-0.17762358,-0.44344595,0.43166137,0.2624957,0.07530961,0.30948636,0.37912083,-0.12790082,-0.23372352,0.5877052,0.71936244,-0.13583593,-0.20168197,0.103679776,0.4382726
-0.606341,0.6257022,-0.10293597,0.04464864,0.4683022,-0.56779015,0.15246025,0.67096627,-0.45552397,0.059417546,0.051225048,-0.52036655,0.02066342,-0.21289393,0.170816,-0.12472932,0.11611591,-0.5879223,0.042904522,-0.731017,0.29121244,0.035961818,0.22002117,-0.6021666,-0.21738036,0.7027862,-0.47576994,-0.19106683,-0.2817937,0.10565126,0.7103701,0.45657906,0.05779963,-0.13112588,-0.39595753,0.2102749,-0.42221275,0.11216875,0.0036484122,-0.69839495,0.37586322,-0.32738802,-0.087753,-0.22541375,0.2994405,-0.39355564,-0.25429565,-0.36656213,0.31383395,0.17527245,-0.25606734,-0.2664435,0.52312267,0.072126925,0.13109753,-0.16266803,0.24025562,0.29177016,-0.60646343,0.2789584,0.25336578,0.10486323,0.21186158,-0.42021257,-0.14832032,0.08697424,0.8986309,0.50957,-0.2382328,0.6196996,-0.2809986,-0.19469436,0.36836046,0.3904562,0.3653193,-0.062905625,0.06842673,-0.032257855,-0.11976621,0.04083275,0.1635293,0.07864151,-0.7283765,0.5589603,0.037407152,0.098812,0.33315265,0.5274266,0.85548866,0.051799305,0.7856784,0.20927763,-0.16851988,0.1933635,0.6301858,0.7885993,0.06604815,-0.5307056,0.4602638,-0.064324915
-0.39022583,0.3486645,0.012692582,0.17282882,0.15673265,-0.5585983,0.13924833,0.49991482,0.15181416,0.28098336,0.24650843,-0.17827137,-0.07881419,-0.44030723,0.18831165,0.11922445,0.2657892,-0.23585115,-0.024416331,-0.6762013,0.11567682,0.22869866,0.11736209,-0.48881054,-0.1433478,0.36495838,-0.4610755,0.09772445,-0.21673642,0.10539968,0.20429742,0.525345,0.15960248,-0.07622352,-0.3978606,0.07706635,-0.016431712,0.03929325,0.12786497,-0.46757072,0.06161112,-0.28704593,-0.021069638,-0.28496686,0.54784036,-0.48026133,-0.005276043,-0.12513562,0.1504331,0.37768,-0.095436886,-0.39750978,0.20209087,0.18196487,0.0282683,0.17885545,0.18230653,0.015577601,-0.21723695,0.17763108,0.011710821,0.10611737,0.0408342,-0.4209409,-0.2179608,0.19291192,0.25031525,0.41377342,-0.11455178,0.25463542,-0.412386,-0.27914938,0.33132708,0.117186524,0.15007234,-0.058278833,0.043461442,-0.06921205,-0.25731343,0.22713673,0.5777593,0.1246751,-0.29788685,0.3955767,0.15227821,0.07320356,-0.061299555,0.54035044,0.25137997,0.012256274,0.32403466,0.06140554,-0.03648387,-0.08231276,0.7050283,0.33529142,0.10609815,-0.32494834,0.29728183,-0.34826112
-0.45096457,0.33536133,0.13999589,-0.13332932,0.4294157,-0.4109355,0.17376906,0.3046989,-0.23812222,0.13142635,-0.00923015,-0.41965297,-0.034272138,-0.065832205,0.16862768,-0.08790869,-0.2775819,-0.20674007,-0.032691985,-0.6536141,0.23904099,0.3799521,0.06369933,-0.51229465,-0.29720235,0.45055676,-0.13949947,-0.3128059,-0.58450335,-0.03840378,0.41778874,0.632832,0.08965836,-0.43843004,-0.41343483,0.33370134,-0.41031054,0.03365848,-0.14075309,-0.5650229,0.35553896,0.023628289,-0.055113774,-0.16151904,0.39193532,-0.3298631,-0.21662353,-0.030443987,0.5875698,0.2406757,0.03310898,-0.43713605,0.39060342,0.2425956,0.12021089,0.16791965,0.22386761,0.44743672,-0.48417678,0.20876224,-0.0010049877,0.23886733,0.2750348,-0.28285804,-0.30578983,-0.025374373,0.70416427,0.68618864,-0.099508874,0.50010127,-0.2505583,-0.23917617,0.25195453,0.25168803,0.42095968,0.14171307,0.19591396,-0.09670081,-0.3352817,0.31676862,0.11455434,0.39808798,-0.10369446,-0.08642881,-0.05983916,-0.061197866,0.16521941,0.4213688,0.58674425,-0.0979451,0.5755199,0.36751187,0.17589386,0.22286981,0.054363515,0.5051634,0.21439964,-0.36201727,0.33450267,0.15764825
-0.27037254,0.42653006,0.10109147,0.0011063506,0.16831523,-0.6018062,0.5949329,0.6576529,0.07674283,0.06600209,0.6053509,-0.615764,-0.21331577,-0.3184821,0.13587387,0.34884024,0.13241832,-0.14572544,0.17784731,-0.46467698,-0.2533747,-0.18815684,0.040371794,-0.7035799,-0.41364083,0.3201486,-0.004949891,-0.36543643,-0.57200164,-0.24039084,0.52839005,0.57304,0.060697503,0.20690018,-0.6148676,0.23639433,0.08421147,-0.74787784,-0.6187389,-0.12089135,0.59322333,-0.29783702,0.4459745,-0.8151057,0.18026903,-0.22986777,-0.7060762,-0.4211975,0.3637289,0.35316682,0.023661686,-0.34030396,-0.0474592,0.51493144,-0.43024433,0.30960676,0.32906225,-0.012675886,-0.42850196,0.0372047,0.09704951,-0.34835327,0.1043882,-0.2345896,-0.7117226,0.67811275,0.3886015,0.09871194,0.15626259,0.5926724,-0.3467366,0.33312964,0.43659005,0.067093454,0.28051025,0.0030369412,0.6090424,-0.36022252,-0.57292736,0.70736724,0.20023942,0.2496466,0.12640211,0.34176177,-0.5417027,-0.14734896,-0.5124274,0.36385885,0.3134428,-0.0030408087,0.2727278,0.45631185,-0.17871833,-0.24314088,0.61946064,0.7593633,-0.26078397,-0.20757173,0.024802784,0.6558249
-0.44482645,0.48223758,-0.07001545,-0.10029477,0.1737252,-0.3308347,0.15713201,0.47508183,-0.3926314,-0.15771024,-0.11910097,-0.40812746,0.021486795,-0.20136209,0.067690015,-0.31138584,0.102486454,-0.5524874,-0.21048105,-0.44294953,0.119161926,0.06571712,0.13376598,-0.31369773,-0.35055035,0.27147132,-0.27863693,-0.25409326,-0.19478373,0.1458911,0.6183047,0.23823419,0.10069934,-0.09020549,-0.37504926,0.11252984,-0.21969652,-0.11674367,0.0691201,-0.4703145,0.12064775,0.00052276923,-0.25248164,-0.19913289,0.21128616,-0.16557853,-0.1881537,-0.12107668,0.19167604,-0.0215458,-0.09097126,-0.1750751,0.23748207,-0.11894957,0.13381356,-0.10785993,0.19169053,0.16306107,-0.49715155,0.37684602,0.18406835,-0.02405262,-0.119035825,-0.26278108,-0.32181624,0.022874812,0.5514173,0.36677754,-0.36370677,0.6377872,-0.17643736,-0.16924603,0.061585844,0.17235343,0.20179546,-0.14627993,-0.1398159,0.064273216,-0.16236569,-0.069239095,-0.05285827,-0.054928817,-0.5985492,0.6618799,0.051575024,0.09136699,0.23729739,0.28849155,0.6943475,0.068341084,0.68279755,0.14000353,-0.05955564,0.032119114,0.408919,0.3751158,0.088435784,-0.65846634,0.42971167,-0.39332515
-0.5834336,0.18060878,0.2780188,-0.050201707,0.06853247,-0.39668587,0.17899191,0.72904664,-0.4096845,-0.35034165,-0.23603818,-0.4650815,-0.10416786,-0.19794263,0.21648939,-0.3119163,-0.253112,-0.82031,-0.3265659,-0.17537448,-0.12638488,0.14719741,0.1695117,-0.20329258,-0.10911296,0.1918248,-0.1784068,-0.545344,-0.09067784,0.062510036,0.5170805,-0.07132517,0.1681943,-0.16248271,-0.4649939,0.634274,-0.29235998,-0.12977453,-0.13842486,-0.55342185,0.023602452,-0.22892903,-0.24966542,0.12428845,0.17917164,-0.26261595,-0.35474476,0.13106966,-0.019621786,0.30696276,-0.15449668,0.0277372,0.17649412,-0.01250892,-0.0074315513,-0.073762886,0.25194877,-0.110901766,-0.30022725,0.2119744,0.08295702,-0.2675297,-0.15170836,-0.63263565,-0.8769695,0.2114912,0.32373163,0.45144257,-0.642146,0.6412254,-0.11318458,0.46585223,0.18247677,0.011029065,0.3179415,0.099586196,-0.06472385,0.05180081,-0.5450783,0.25134185,-0.14202705,0.14273524,-0.27703196,0.5397063,-0.13615797,0.21606538,-0.060148213,0.5558389,0.7312192,-0.07412716,0.5226697,0.3264045,-0.021570725,0.06409956,0.5119073,0.6068431,-0.13097346,-0.6301753,0.46639028,-0.4239328
-0.31375286,0.45714733,0.05846036,0.055998772,0.079694085,-0.70685273,0.42641315,0.62886447,-0.040267203,0.121289186,0.5482219,-0.6371586,-0.060804307,-0.5404081,0.350045,0.4025019,0.18017747,-0.48357725,-0.0036078794,-0.56393725,-0.10753736,-0.20979404,0.17556776,-0.6512031,-0.4030896,0.4065119,-0.29661378,-0.18155415,-0.30907208,-0.18522246,0.50902915,0.5163297,0.009832642,0.34378138,-0.6957918,0.22785819,0.20671089,-0.57222396,-0.48128852,-0.19528913,0.33930835,-0.59635717,0.26809087,-0.51375467,0.19452204,-0.3536501,-0.70279986,-0.37776113,0.33242992,0.35200414,-0.12749904,-0.22518009,0.10831464,0.34002638,-0.31564447,0.24689035,0.33913708,-0.20946395,-0.42307207,0.11633653,-0.05913387,-0.4158531,0.052830547,-0.5178998,-0.7131651,0.6250308,0.27779472,0.04335846,0.008777839,0.40933147,-0.52021444,0.36712885,0.38833904,0.1174437,0.19419788,0.020999508,0.5345779,-0.27987042,-0.5473322,0.57936937,0.44630828,0.32990155,0.1351779,0.44042215,-0.40186298,-0.16478418,-0.6420714,0.5324281,0.19128186,-0.10931471,0.26262328,0.4472659,-0.1348975,-0.36399332,0.7779243,0.94433206,-0.1534747,-0.24860935,0.16844743,0.29711655
-0.7388313,0.49742398,-0.08836976,0.0009046681,0.4171611,-0.51297975,0.12074066,0.618649,-0.513535,-0.11964554,-0.17211838,-0.19074209,0.031450752,-0.27022275,0.07940505,-0.260225,0.10233422,-0.61509323,0.12698334,-0.7132017,0.292996,0.28031218,0.13115683,-0.46395433,-0.21244715,0.7199275,-0.40606663,-0.30788136,-0.36976036,0.19538939,0.7295354,0.20263557,0.14402515,-0.21788138,-0.292822,0.27189586,-0.74566454,0.28385788,0.16425377,-0.85459465,0.32468686,-0.19070335,-0.26747435,-0.07347504,0.32732415,-0.34363428,-0.29860094,-0.33130014,0.19827993,0.13653721,-0.17421353,-0.25756618,0.56977403,-0.20234919,0.24711402,-0.20248152,0.08880141,0.4690405,-0.75667524,0.23280706,0.17552143,0.21952821,0.25126842,-0.37869272,-0.15879242,-0.07081857,0.8969247,0.5471261,-0.23981638,0.57257515,-0.15226442,-0.1250198,0.3703618,0.36079112,0.4685087,0.11732017,-0.21566541,-0.049001876,-0.23431315,-0.086169936,0.00865979,0.08207769,-0.9568092,0.5982403,0.14456035,0.22977714,0.5148785,0.46710518,0.9753816,-0.063928455,0.8338442,0.26227918,-0.06272719,0.3952475,0.499938,0.7059447,0.15254912,-0.6050707,0.5610997,-0.25733405
-0.3241431,0.4922432,0.08759927,0.09928239,0.09243205,-0.7372183,0.65911037,0.67060125,-0.018968605,0.17903115,0.63068706,-0.60856825,-0.24570379,-0.4213567,0.27312458,0.54494995,0.2384615,-0.21620364,0.093489476,-0.61468744,-0.3048776,-0.19031464,0.071200244,-0.7356756,-0.40370262,0.26901257,-0.21494485,-0.29053867,-0.5431969,-0.2510004,0.5777149,0.7947948,0.064116724,0.30468208,-0.69025034,0.15600885,0.34421045,-1.0008194,-0.6367252,-0.23926716,0.34738794,-0.30350783,0.38909113,-0.8517137,0.2415648,-0.27646512,-0.8866654,-0.41827527,0.35943124,0.3544578,0.032097515,-0.37707102,-0.04327367,0.4702255,-0.4571257,0.6025219,0.2831557,-0.2022865,-0.43975946,0.21394897,0.059606194,-0.5476978,-0.02365769,-0.3249621,-0.89743763,0.614411,0.2582237,-0.03956535,0.18589896,0.58431536,-0.49743554,0.3595997,0.44958487,0.049108002,0.11182909,-0.10645931,0.8157375,-0.5232261,-0.7076786,0.7458761,0.4635271,0.3369056,0.33231688,0.40479362,-0.52102274,-0.140359,-0.74056435,0.5080516,0.24432911,0.006740834,0.3066441,0.47248697,-0.1555325,-0.4119216,0.82099795,0.9216827,-0.28243953,-0.19950666,0.055332936,0.6228782
-0.12857018,0.4811065,0.0798994,-0.080267526,0.21001731,-0.5610428,0.5304368,0.70314395,-0.03506847,0.11651656,0.5014494,-0.8457027,-0.13024999,-0.1595292,0.08289707,0.20036343,0.019582093,-0.18757485,0.048169237,-0.49861515,-0.17201954,-0.26140243,0.030241065,-0.6968915,-0.36675704,0.22991103,-0.0686287,-0.3290546,-0.48887274,-0.31963873,0.51695234,0.6585048,0.035766657,0.20376281,-0.60237503,0.19458729,0.19458935,-0.7133303,-0.6249669,-0.08940154,0.5117916,-0.35300258,0.37558645,-0.73486596,0.16684154,-0.25759357,-0.59409267,-0.32857025,0.415901,0.29863346,0.02893539,-0.26801497,-0.058874752,0.5912303,-0.4008256,0.30320773,0.3772563,-0.0067985523,-0.35301983,0.16187035,0.20517129,-0.43549633,0.10199117,-0.24585122,-0.625091,0.6089874,0.4190228,0.1141672,0.01764062,0.6209686,-0.37522373,0.26128823,0.3648826,-0.009326684,0.2534673,-0.13244657,0.6336695,-0.2542825,-0.49823487,0.670307,0.13711241,0.24646889,0.121223755,0.31435022,-0.55096555,-0.24590394,-0.40000474,0.40733624,0.36683926,0.05489748,0.35070354,0.37425458,-0.114097185,-0.25077504,0.5981252,0.62459946,-0.20760326,-0.26345193,0.088390976,0.59194076
-0.47369128,0.35700873,-0.0981892,-0.0032505898,0.2556867,-0.40446916,0.15764777,0.5356561,-0.32316926,-0.14533024,-0.13036217,-0.109317355,-0.047588717,-0.17890377,-0.03619023,-0.28729868,0.2111299,-0.4515681,0.21162418,-0.6364964,0.13395937,0.20197594,0.084186204,-0.33331037,-0.06406514,0.5010338,-0.2938688,-0.21455647,-0.22904238,0.213823,0.683004,0.071067765,0.16577995,-0.16805997,-0.1602242,0.19913003,-0.63462734,0.16792318,0.20734052,-0.7443318,0.25251493,-0.17953476,-0.22333586,-0.18369922,0.30928972,-0.25956944,-0.12903069,-0.34975806,0.005836653,0.15755989,-0.102241375,-0.20697665,0.34828693,-0.18545766,0.10817629,-0.06633841,0.026116554,0.473923,-0.5770198,0.17372467,0.27593514,0.19342588,0.17902885,-0.15546332,-0.092584945,-0.0566461,0.5504504,0.400028,-0.18484135,0.6182111,-0.027587308,-0.032125913,0.417041,0.27874944,0.35339525,0.098821916,-0.18688612,-0.03470858,-0.10935241,-0.11522992,-0.06281453,-0.13094303,-0.9427077,0.5851989,0.11283352,0.1875044,0.43874246,0.3377988,0.77325857,0.073864125,0.6255593,0.12828694,-0.117559776,0.2966142,0.5426956,0.51006615,0.13794348,-0.49255937,0.35157016,-0.17240308
-0.32394528,0.63492113,-0.018316988,0.13512269,0.16222407,-0.66944075,0.6863615,0.60701734,-0.23607747,0.18902814,0.60505354,-0.59183353,-0.09124735,-0.47787327,0.27419442,0.509634,0.44888395,-0.39220035,0.073189266,-0.71454906,-0.22237965,-0.3994608,0.13408905,-0.76719254,-0.51728183,0.4374391,-0.35492286,-0.20502862,-0.36379167,-0.12329388,0.8748099,0.70467854,-0.008409649,0.38667703,-0.6707423,0.07145704,0.31643212,-0.9039755,-0.4126338,-0.4115423,0.3716377,-0.5215204,0.22153884,-0.87182814,0.35811523,-0.34816575,-0.7633149,-0.66409564,0.28849268,0.22346014,-0.1411643,-0.30995092,0.12086031,0.36639535,-0.42879936,0.56354856,0.24112245,-0.1250332,-0.62373275,0.2673546,0.17508988,-0.5700505,0.05556236,-0.36324188,-0.7794192,0.46570885,0.33120856,-0.22999348,0.10106453,0.72935027,-0.59005237,0.29489157,0.43913648,0.24488674,0.19709063,-0.2514618,0.71673644,-0.28146893,-0.41217017,0.4526235,0.5248672,0.05156124,-0.022806088,0.6458223,-0.36806265,-0.18379283,-0.6323344,0.44625822,0.35882163,0.16331501,0.3933242,0.42837965,-0.2092208,-0.52924186,1.0009809,1.097619,-0.2344955,-0.2484383,0.04898353,0.5488504
-0.6517316,0.54062,-0.044495,-0.04506926,0.50250524,-0.38470042,0.33946863,0.5608621,-0.5370523,0.048752237,-0.108393684,-0.43014675,0.08204626,-0.15937372,0.08293617,-0.23305286,-0.015853249,-0.4344499,-0.19489911,-0.39949086,0.24380384,0.11627497,0.18233834,-0.5591239,-0.527878,0.51303136,-0.23407997,-0.30806065,-0.33223417,0.07304282,0.78837985,0.43849283,-0.0065586534,-0.089787975,-0.52809227,0.08373041,-0.2658714,0.037538245,0.059844434,-0.46316656,0.33160958,-0.12980343,-0.23244947,-0.22375567,0.22567654,-0.30497423,-0.24841714,-0.18007167,0.37183943,-0.17134865,-0.16821253,-0.31075585,0.50606656,-0.07786704,0.14140132,-0.18593735,0.26426896,0.10913499,-0.66278243,0.44263554,0.33783147,-0.041036114,0.12230015,-0.44577137,-0.3478065,-0.053760603,0.8718887,0.3504,-0.31250647,0.6013386,-0.38695696,-0.37831938,0.105783135,0.3134124,0.33774942,-0.15799195,-0.06995826,0.13585287,-0.22130781,-0.19692323,0.14277555,0.032625675,-0.6507213,0.5819452,0.13693637,0.040318735,0.39610744,0.33120903,0.92898095,-0.029822929,0.9568246,0.3727584,0.060076125,0.1555057,0.4219542,0.5649849,0.04271488,-0.5653546,0.5554076,-0.30905056
-0.24593098,0.525007,0.047746763,0.016469108,0.13005814,-0.6612628,0.55767024,0.6895187,-0.12072697,0.08398879,0.6172623,-0.7305276,-0.04037861,-0.43259975,0.2262912,0.38210118,0.22094518,-0.4093091,0.10443378,-0.6486612,-0.14186417,-0.32329524,0.16979817,-0.7162298,-0.4628792,0.37987632,-0.2342233,-0.24843056,-0.37031168,-0.18729827,0.6799409,0.6093183,0.0054910723,0.36305147,-0.6724055,0.24197356,0.16808774,-0.77311665,-0.5479809,-0.3159024,0.48302808,-0.623533,0.295076,-0.7190058,0.28003734,-0.33108515,-0.71922135,-0.51236117,0.3495717,0.3247313,-0.07055166,-0.2517483,0.065253004,0.44613397,-0.4242193,0.3921623,0.33237636,-0.1065761,-0.5383101,0.110372,0.05485881,-0.44315812,0.08080982,-0.40256324,-0.75041795,0.59788036,0.31967646,-0.044658303,0.007969551,0.60931104,-0.51898485,0.3757044,0.46341652,0.17212264,0.22719209,-0.061397765,0.6154513,-0.28372478,-0.4829481,0.5965449,0.36055323,0.17886378,0.06111134,0.51699054,-0.4671541,-0.19334291,-0.63389504,0.47488898,0.30702144,0.036418024,0.32797846,0.45386526,-0.21483694,-0.4062719,0.8251953,0.98596644,-0.20605835,-0.30270103,0.05439041,0.50824386
-0.24046029,0.37493837,0.07096836,-0.078519315,0.12546334,-0.54107684,0.60563207,0.6158999,-0.03312096,0.008333042,0.48542866,-0.5451405,-0.15343288,-0.335517,0.10354473,0.24776459,0.13247755,-0.22383237,0.09808178,-0.44323668,-0.2846173,-0.15795106,0.00014533434,-0.6168179,-0.41474664,0.25392517,-0.010040562,-0.34447655,-0.4626745,-0.23422721,0.61291385,0.44625214,0.07700983,0.26651692,-0.5751679,0.18754727,0.088347666,-0.69186866,-0.47539207,-0.17663246,0.46137068,-0.33250135,0.24546462,-0.7459998,0.22436364,-0.23392227,-0.60595834,-0.3762284,0.23276499,0.27652434,-0.01148159,-0.3011881,-0.054842107,0.35409608,-0.41620424,0.36259046,0.28545415,0.017099166,-0.4595348,0.16327871,0.17671706,-0.42587608,0.06719202,-0.26362523,-0.7132647,0.54673254,0.2759134,-0.06439805,0.06522191,0.6580589,-0.35515082,0.3347639,0.38300025,-0.0034208563,0.30316746,-0.026887683,0.4851049,-0.24541436,-0.56313205,0.55361474,0.19654119,0.11822784,-0.018742906,0.44287413,-0.4535547,-0.1433277,-0.4533259,0.2973971,0.3183651,-0.0019738956,0.3104397,0.38331485,-0.12024006,-0.26771492,0.6688129,0.64881736,-0.20474404,-0.27024755,0.048674695,0.4686558
-0.36828798,0.45508403,-0.18252765,0.058256693,0.16629511,-0.23842326,0.14128108,0.6289148,-0.47298652,-0.19941942,-0.29906228,-0.34303793,0.12457525,0.04907406,0.036559653,-0.22830889,0.1718743,-0.46953562,-0.19912001,-0.61514634,0.27440196,0.029262317,0.28060234,-0.24900776,-0.2620072,0.25421536,-0.55763113,-0.1954065,-0.13382323,0.35976884,0.7449448,0.44388276,0.018367594,-0.20942378,-0.2659735,0.24628614,-0.28963712,-0.20396392,0.18176056,-0.84126306,0.11434018,0.019527508,-0.26530483,-0.12537119,0.46454298,-0.21554318,-0.0028571945,-0.18672869,0.14385262,-0.10236518,0.0127678355,-0.06938592,0.36767882,-0.06808211,0.19128717,-0.045072563,0.16257119,0.00592257,-0.50132596,0.35933656,0.14785816,0.13386415,-0.21416187,-0.28193015,-0.33364117,-0.13231128,0.7487331,0.369823,-0.4958475,0.5112358,-0.17816326,-0.40486985,-0.006837092,0.42643276,0.09196404,-0.26841217,-0.08482468,0.18446715,-0.043145318,-0.20887011,-0.04015204,-0.035063844,-0.47579718,0.73081887,0.23993436,0.4298274,0.45758042,0.4079792,0.9893453,0.18502991,0.86590683,-0.011909535,-0.11419005,0.07157297,0.47891134,0.40443024,-0.00031640514,-0.74906033,0.34171888,-0.4054889
-0.6248595,0.70304835,-0.13740951,-0.17236826,0.5221696,-0.43540338,0.17981257,0.77241284,-0.74920094,-0.12776855,-0.1644933,-0.7736254,0.084195055,0.060152512,0.041449394,-0.41036403,-0.10442329,-0.6987677,-0.105395265,-0.65797544,0.3385401,-0.047750052,0.25176787,-0.5492214,-0.38993663,0.5930283,-0.3334819,-0.45071876,-0.37783393,0.09290848,0.9888145,0.45977205,0.014939133,-0.25198662,-0.3886697,0.302097,-0.54917556,-0.03871182,-0.093999796,-0.7523671,0.4175061,-0.16827936,-0.19601631,-0.21028307,0.2421891,-0.24528275,-0.31766033,-0.27117342,0.49155316,-0.041142702,-0.17251849,-0.14785217,0.5282235,0.04866242,0.17888695,-0.27768072,0.2767425,0.37617263,-0.7323593,0.41836512,0.3390195,0.07340124,0.16034491,-0.3505485,-0.26175147,-0.013925049,1.2173876,0.618219,-0.4289841,0.83221,-0.19090968,-0.25943696,0.17502518,0.42870972,0.4167577,-0.16909257,0.035989936,0.07001543,-0.08749807,-5.0534803e-05,-0.23362167,0.05313623,-0.7426899,0.6499794,-0.015608172,0.113637395,0.54091084,0.41524148,1.228582,0.06779145,1.0675677,0.28098276,-0.10181478,0.28807786,0.39146718,0.73906255,0.06545965,-0.8026946,0.5225148,-0.007346925
-0.22539942,0.48979175,0.037252277,0.034182522,0.113799796,-0.57913643,0.4070069,0.6194958,-0.12774728,0.06841474,0.4463281,-0.6896075,-0.01654519,-0.344377,0.17538849,0.24019065,0.19473062,-0.4415085,0.011333042,-0.60633856,-0.07891012,-0.2791073,0.19068742,-0.5909287,-0.35269532,0.3317245,-0.29675707,-0.17065424,-0.30103886,-0.11277984,0.57410914,0.5187921,0.018863108,0.23481965,-0.56228876,0.21791863,0.15129195,-0.62138647,-0.392461,-0.33067995,0.3166538,-0.49588376,0.1828476,-0.5711134,0.27531177,-0.31583738,-0.54488635,-0.4118245,0.30634722,0.3082528,-0.090687886,-0.19172266,0.07807235,0.36015707,-0.3225394,0.29103228,0.28633192,-0.08382159,-0.43422952,0.18374203,0.053111043,-0.35476536,0.034508195,-0.35612473,-0.61427104,0.45723665,0.30415255,0.054946065,-0.05930588,0.5259787,-0.4514078,0.2764823,0.34089252,0.14324772,0.18158445,-0.10035337,0.49396902,-0.17649864,-0.36879587,0.46316746,0.28556812,0.16441147,0.019103961,0.46176863,-0.37305,-0.12710454,-0.44265857,0.44481733,0.32649472,0.08468723,0.3298654,0.2981266,-0.18817148,-0.35286903,0.7384599,0.8279028,-0.14626701,-0.31772643,0.07310057,0.3423577
-0.34228772,0.17019287,-0.029453956,0.06250331,0.5222948,-0.3711198,0.36116594,0.5465505,-0.33113214,0.15563327,0.12775008,-0.50704443,-0.10505864,0.064379275,0.051627383,-0.0095649995,0.05342577,-0.40345046,-0.26370215,-0.57819384,-0.016777169,-0.11928765,0.11514427,-0.3570218,-0.10551662,0.040769935,-0.31370404,-0.12129561,-0.21385795,-0.06713974,0.5176409,0.4137344,-0.080484755,-0.25294244,-0.4529929,-0.012126524,0.5033135,-0.4227726,0.057378273,-0.24555643,-0.16455618,-0.1743209,-0.26198867,-0.30462414,0.2825996,-0.22081114,-0.20677535,-0.013769614,0.3033672,0.026099144,-0.027415147,-0.27113563,0.0728688,-0.033772685,-0.17208423,0.20998128,0.029978702,-0.05907745,-0.28302783,0.7875861,0.36186776,-0.46723652,0.03648607,-0.13998331,-0.4558205,-0.14506313,0.27333876,0.13404709,-0.27665067,0.45500886,-0.654964,-0.055736355,-0.07294068,-0.2953816,0.1350264,-0.32386795,0.3335667,0.085081905,-0.29505002,0.025421878,0.34678313,0.03882875,-0.24226402,0.38424766,-0.036337722,-0.19485933,0.19246227,0.4323444,0.3254857,0.27099258,0.48180282,0.2222555,0.23611274,-0.032811295,0.5689749,0.35651943,0.013457732,-0.13353159,0.39239982,-0.022065738
-0.6764283,0.16282807,0.014460335,0.2499687,0.2712856,-0.43926677,0.116087414,0.43874955,-0.39542884,-0.056773655,-0.35862797,-0.0025661443,-0.018256841,-0.40432566,0.31328017,-0.02330966,0.39225295,-0.575935,0.08895586,-0.92485064,0.30848944,0.23934886,0.1705305,-0.40049714,-0.12192051,0.72898877,-0.6154419,-0.43878603,-0.26600558,0.30892652,0.67241573,0.3538773,0.18143488,-0.45929736,-0.27822757,0.42222708,-0.82523215,0.28499502,0.17534259,-1.0123371,0.29502854,-0.20397803,-0.34897748,0.21715431,0.32249573,-0.44263244,-0.22558275,-0.47385788,-0.05340948,0.2928591,-0.46226984,-0.15748546,0.57325244,-0.13637699,0.30827567,-0.038057067,-0.0072810627,0.4520398,-0.8082244,0.30732954,0.129974,0.08889873,0.047060687,-0.6080196,-0.35498148,-0.06126851,1.0390556,0.56212986,-0.60745645,0.70816433,-0.159156,0.04013277,0.41273108,0.37313807,0.6599185,0.0800055,-0.019424733,0.20789833,-0.31822413,-0.075012244,0.013562304,0.2507267,-0.9108378,0.63586247,0.29321352,0.43965992,0.40350538,0.7697886,1.1960386,0.13827692,1.076421,0.2661465,-0.049672216,0.54200846,0.4663238,0.6782739,0.14111274,-0.5624795,0.5147889,-0.46144527
-0.36860776,0.53638,0.045924075,0.069730304,0.032622032,-0.75016195,0.8025608,0.6709161,-0.12568453,0.11064817,0.6281372,-0.56238896,-0.24816315,-0.49612483,0.2705917,0.569934,0.3335443,-0.30742478,0.06832463,-0.6102178,-0.3586481,-0.28610268,0.03273012,-0.7733464,-0.5295343,0.3056855,-0.17611444,-0.35027537,-0.525967,-0.239223,0.7888144,0.76551354,0.038908,0.38091856,-0.7149076,0.12780046,0.33315188,-1.1348673,-0.64066494,-0.26286593,0.36318558,-0.33224124,0.37355712,-0.9540701,0.27610904,-0.26849312,-1.005141,-0.5628351,0.3337745,0.2740446,-0.012274405,-0.35733113,-0.01953266,0.375377,-0.4824512,0.6625093,0.22807138,-0.20152478,-0.54033506,0.25355217,0.12982179,-0.6913869,-0.025899023,-0.32868776,-1.0120668,0.6119306,0.32113943,-0.18100362,0.21481514,0.7203383,-0.48566097,0.40754604,0.43587828,0.116936445,0.14702368,-0.18520564,0.85841596,-0.5232229,-0.6937191,0.7129138,0.44899338,0.25677794,0.24855256,0.5758869,-0.5146818,-0.15086882,-0.7756236,0.4595891,0.34577295,-0.0043183267,0.35158783,0.5288561,-0.1548434,-0.52414024,0.9286826,1.03504,-0.33152846,-0.26947722,0.064066365,0.6412746
-0.58133286,0.82163596,-0.07786572,-0.09402493,0.54671085,-0.4583452,0.23027399,0.67337203,-0.6641533,-0.057923973,0.035648618,-0.88443714,0.17687194,-0.15572731,0.18673041,-0.19629407,-0.14365995,-0.64468205,-0.2302182,-0.58351296,0.34668592,-0.07994262,0.31436247,-0.64899045,-0.61983794,0.58602905,-0.36373392,-0.41135818,-0.4050476,0.028158503,0.7857193,0.5678095,0.054036725,-0.07245502,-0.5893845,0.26223162,-0.28383657,-0.17621064,-0.25372893,-0.59740335,0.50605804,-0.1769698,-0.12354194,-0.24512333,0.133869,-0.3024696,-0.42031604,-0.23250286,0.61713785,-0.024618791,-0.1751103,-0.2540066,0.48826796,0.15007803,0.0994521,-0.20189336,0.43664038,0.15040353,-0.74829215,0.37386787,0.16058569,0.0078978455,0.043069515,-0.49990192,-0.38850805,0.13146146,1.1139498,0.49742168,-0.44746983,0.70274204,-0.39294198,-0.22685695,0.099743195,0.37762266,0.39796183,-0.14351211,0.081153154,0.065053076,-0.2729739,0.111477904,-0.04547204,0.2335729,-0.48059994,0.5780432,-0.20924206,-0.013385192,0.243262,0.44439664,0.9948582,-0.03422778,0.96961635,0.3814379,-0.16917247,0.07446083,0.36621806,0.83078885,-0.025327113,-0.74276817,0.54256815,-0.07170159
-0.41040757,0.299461,-0.040357057,0.02818138,0.3683972,-0.33565196,0.14036343,0.4149531,-0.305051,0.14379229,0.06944918,-0.4028403,0.023810783,-0.006504566,0.06950159,-0.14081024,0.015270483,-0.39391136,-0.12564053,-0.6089138,0.122438885,-0.008419171,0.137996,-0.32697955,-0.12974384,0.26293224,-0.3222479,-0.14786012,-0.21434897,0.080705054,0.4973067,0.3660266,0.09796894,-0.2870203,-0.29340842,0.043750435,-0.015497412,-0.08480648,0.14593013,-0.45679486,-0.004744042,-0.17343253,-0.27219936,-0.13508369,0.3139277,-0.2036558,-0.050439212,-0.13337462,0.31106806,0.09474944,-0.12456739,-0.20003225,0.22087143,0.06027999,0.041793734,0.058238268,0.074801944,0.17378294,-0.40532085,0.5036208,0.1996674,-0.0532016,0.08836707,-0.17362626,-0.22526531,-0.11792764,0.5128722,0.3589054,-0.2502989,0.47421518,-0.39642692,-0.17958917,0.07767754,0.04937939,0.30422616,-0.17671238,0.14199936,0.100928776,-0.06889156,0.018351128,0.15653534,0.009542364,-0.37537885,0.29664594,0.11328086,-0.038389668,0.21802594,0.37334383,0.5182322,0.25131434,0.5567202,0.14125158,0.0664896,0.105568476,0.34617376,0.40970996,0.1247822,-0.26833194,0.3451295,-0.051973153
-0.60900205,0.55095065,-0.08231613,-0.062742785,0.53184754,-0.3894177,0.2535314,0.66831136,-0.62348384,-0.043224774,-0.053956106,-0.6961948,0.07618698,0.018244544,0.026032226,-0.31592694,-0.12029004,-0.62700045,-0.33446923,-0.48731396,0.23506479,-0.072133064,0.2079808,-0.47616634,-0.43934733,0.3832484,-0.25241327,-0.34633675,-0.32713538,0.057097618,0.7739016,0.41463926,-0.018043743,-0.24763328,-0.48360872,0.16953292,-0.09585381,-0.16795327,-0.03464039,-0.46287236,0.25520653,-0.08226557,-0.23650192,-0.195092,0.23070791,-0.22669765,-0.2664196,-0.12198287,0.5039386,-0.10562974,-0.15497056,-0.19137639,0.38975063,0.005074079,0.09878497,-0.2258058,0.24407046,0.1406971,-0.56802946,0.5586338,0.28513473,-0.12021769,0.069895566,-0.35108763,-0.38823864,-0.04239665,0.93535453,0.4909919,-0.4136911,0.6423683,-0.4038439,-0.24804844,-0.061387315,0.18908939,0.36109307,-0.23472154,0.043467242,0.17772304,-0.20036015,-0.035411403,-0.050895985,0.07783247,-0.50732076,0.5656258,-0.035756953,-0.016505275,0.4277183,0.36982247,0.93280435,0.13000092,0.8610335,0.27798808,0.047337223,0.094099276,0.40503892,0.57807446,0.016809192,-0.59810346,0.56478703,-0.16173878
-0.29897314,0.17888379,0.04088567,-0.15113108,0.29259786,-0.2921121,0.27902097,0.6719644,-0.17182273,-0.1388322,-0.043029275,-0.5642543,0.014868258,0.024329208,0.08833811,-0.22062343,-0.19009823,-0.65624166,-0.54848564,-0.5376252,0.27707732,-0.004240323,0.24813023,-0.3993969,-0.035584647,0.045104038,-0.1620426,-0.21790135,-0.24687499,0.11732997,0.25212422,0.3478975,0.025487684,-0.65747076,-0.2530473,0.56946856,0.012844921,-0.29109582,-0.09546938,-0.44439542,-0.0027983654,-0.31866154,-0.05618804,-0.07010491,0.5223339,-0.33899558,0.078365415,0.058578808,0.39372987,0.2970998,-0.009178914,-0.2604571,0.13347673,0.0011039749,0.11816374,-0.07105334,0.13573968,-0.0022731647,-0.13210441,0.361763,0.023627944,-0.019206982,-0.07160737,-0.32574493,-0.4210692,0.16789861,0.8504837,0.6745912,-0.5196562,0.22836672,-0.38307965,-0.19191429,-0.13526124,-0.033213586,0.28512093,-0.23061486,0.076695375,0.23154767,-0.049747948,0.48641634,-0.07756281,0.32178372,-0.18019544,0.45479894,0.07533347,0.24768938,0.35130566,0.56827956,0.57819223,-0.0271297,0.38384408,0.023001023,0.07415369,-0.010404348,0.40036264,0.2946867,-0.05971147,-0.62404585,0.49028996,-0.44757706
-0.211679,0.5532381,0.017937189,-2.9146671e-05,0.1298401,-0.5975796,0.566804,0.6655901,-0.2352397,0.10853045,0.55112576,-0.7878325,-0.07152847,-0.30114436,0.14818087,0.30870563,0.23573516,-0.4506406,0.041979358,-0.6448254,-0.1804329,-0.451529,0.15596482,-0.68575627,-0.4821962,0.31954432,-0.21979076,-0.26289728,-0.33971325,-0.15417644,0.8503036,0.60477203,-0.025338324,0.31268156,-0.5843448,0.20667683,0.2624013,-0.879818,-0.5178638,-0.37420452,0.34335765,-0.5718436,0.24678183,-0.7623144,0.3492471,-0.3045316,-0.68203086,-0.5509319,0.37279198,0.2624226,-0.08141666,-0.17002662,0.065645605,0.42670795,-0.4658686,0.4816418,0.25877047,-0.075875275,-0.51227254,0.23669714,0.1615431,-0.52412826,0.106820464,-0.33051127,-0.7442951,0.47760737,0.3423618,-0.06856949,-0.019521652,0.7454986,-0.48100632,0.33298132,0.40074265,0.18187048,0.2362277,-0.22355422,0.7157787,-0.22629976,-0.35922155,0.5415313,0.25920054,0.052469026,0.033943832,0.55312747,-0.45175365,-0.24523002,-0.59843946,0.3919715,0.39108884,0.17380391,0.3770765,0.38949335,-0.19073562,-0.47037286,0.8607944,1.0022144,-0.2026504,-0.32031468,-0.0012084272,0.61068445
-0.48730096,0.40097597,-0.0135207,0.28399506,0.37053335,-0.35386053,0.1342022,0.47004247,-0.25793716,0.012563114,-0.18511577,-0.18250526,0.073122844,-0.20832182,0.14765294,-0.0053717247,0.2617411,-0.27088204,0.0387165,-0.7243056,0.3604809,0.15133303,0.17257802,-0.4471257,-0.29610258,0.50343794,-0.5576629,-0.2715449,-0.3006737,0.25630847,0.5050491,0.5421743,0.101761214,-0.3614132,-0.38077426,0.3407186,-0.4410648,0.1480111,0.102923594,-0.7690656,0.3475299,-0.04226305,-0.18251403,-0.04092012,0.36147955,-0.37590584,-0.09464389,-0.2882047,0.1829418,0.19534086,-0.14083602,-0.27856544,0.43673804,0.07200081,0.17611241,-0.010013361,0.2066006,0.19398262,-0.68647355,0.21933313,0.01984275,0.18618648,0.0014496843,-0.4354304,-0.26452318,-0.04487743,0.90569663,0.5175299,-0.48407683,0.4669125,-0.26830217,-0.28033698,0.25934437,0.37076747,0.43596768,-0.07760676,-0.051862422,0.2246865,-0.24021201,-0.050129104,0.058940966,0.14760034,-0.61690456,0.5133479,0.2572014,0.3391848,0.39603052,0.6089275,1.0271395,0.21382546,0.94974476,0.24448466,-0.103433184,0.31473592,0.34408537,0.5078681,0.03460823,-0.4777998,0.41010746,-0.38695058
-0.63223165,0.15368919,0.034592357,0.2438292,0.24758872,-0.4151123,0.14019014,0.3946996,-0.3679829,-0.0142582655,-0.34521627,-0.013518623,-0.035153273,-0.37753993,0.3074105,-0.002831458,0.34334603,-0.507618,0.05861206,-0.83260816,0.27836883,0.2530227,0.1441886,-0.39712134,-0.14856638,0.67012274,-0.55580086,-0.41513234,-0.2713122,0.2509207,0.62729365,0.38313407,0.16688217,-0.40263864,-0.2859727,0.37035295,-0.7251688,0.25965843,0.13131979,-0.90322393,0.27043158,-0.15223561,-0.30303133,0.19242874,0.28109118,-0.4204384,-0.22628082,-0.4117113,-0.027711911,0.25079653,-0.41996887,-0.16420355,0.54159105,-0.10365354,0.28751057,-0.008523014,0.0118250195,0.3855013,-0.74732304,0.29610834,0.13795504,0.047402095,0.039071966,-0.58350945,-0.37076533,-0.051060498,0.96871847,0.52458185,-0.55263203,0.6638107,-0.14440112,0.0087346025,0.4003002,0.34748653,0.5931091,0.053248152,0.018705983,0.17765667,-0.33383495,-0.06984752,0.032213256,0.25069916,-0.80914205,0.57921624,0.27547824,0.3920066,0.35455883,0.728903,1.1306382,0.11426125,1.0396,0.2907963,-0.015572881,0.5062967,0.4322569,0.62171566,0.12596427,-0.5043679,0.4926757,-0.4343612
-0.5782934,0.36833048,-0.2363397,-0.121090114,0.3466622,-0.4414935,0.032807454,0.66507685,-0.3690095,-0.03332356,0.18002051,-0.46475264,0.16581768,-0.135786,0.11554215,-0.20507313,0.014722969,-0.62469494,-0.09628158,-0.8269915,0.34205744,0.020296738,0.24851263,-0.359632,-0.41509414,0.32045898,-0.4284025,-0.26290235,-0.235116,0.10445001,0.6543145,0.36051944,0.12072394,-0.18270417,-0.33080038,0.1410027,-0.20267506,-0.13863845,0.047114536,-0.647389,0.14561285,-0.27029547,-0.31622118,-0.058350742,0.33024225,-0.16787814,-0.15474716,-0.12519024,0.434041,0.038886774,-0.09516578,-0.08352947,0.29048374,0.0022052806,0.11995962,-0.14635062,0.13154483,0.18874961,-0.6010582,0.49867296,0.0038537013,0.10637189,0.001454539,-0.37715945,-0.2109438,-0.022824727,0.861914,0.38966855,-0.3819162,0.4119568,-0.44426632,-0.2874231,-0.030882267,0.1280956,0.34541497,-0.09998909,-0.071512386,0.04464422,-0.24274188,0.11786291,0.046216145,0.17308085,-0.48087952,0.5649135,0.0800646,0.08890623,0.18997467,0.41986802,0.7034866,0.020974847,0.68716097,0.16909854,0.018092873,0.21219282,0.28145012,0.47786522,0.13595355,-0.64537257,0.49599728,-0.1896671
-0.16322327,0.32769746,0.029413186,-0.002614984,-0.04575654,-0.4853225,0.353601,0.5029503,0.08428168,0.10099534,0.38739428,-0.42579746,-0.124417774,-0.31758404,0.27340564,0.33622628,0.16742586,-0.16740201,0.015508057,-0.4601844,-0.12310927,0.040235884,0.16945076,-0.4219249,-0.31955716,0.028988022,-0.27987275,-0.18635038,-0.3295545,-0.041442104,0.35144743,0.6252091,0.03638246,0.30576187,-0.53046966,0.15280865,0.30077136,-0.7128446,-0.4288975,-0.18889786,0.00028324127,-0.17465177,0.26498383,-0.49202168,0.20265351,-0.08267489,-0.5920488,-0.07911529,0.1789981,0.17310818,0.19866855,-0.24909045,-0.06190624,0.16069865,-0.304893,0.39941427,0.21626975,-0.33757433,-0.27700573,0.21882138,-0.05990935,-0.28855684,-0.24608707,-0.26451656,-0.69222075,0.39086345,0.06589757,0.020177752,0.020702448,0.27970913,-0.41265064,0.058857627,0.27657884,-0.07440182,-0.18492721,-0.097855635,0.449519,-0.46412584,-0.48120132,0.48681924,0.43076757,0.19826582,0.23951483,0.39564916,-0.235708,0.020295633,-0.63870436,0.34985796,0.06992902,-0.117880136,0.3297525,0.32920346,-0.1835862,-0.22468656,0.50452113,0.494047,-0.13161458,-0.25866848,0.084471226,0.122986756
-0.4353231,0.20667844,0.1197452,0.110592216,0.12957603,-0.3145353,0.15685946,0.39678013,-0.44039154,-0.032664575,-0.46675715,-0.26518166,-0.025558164,-0.2816025,0.25171736,-0.094418235,0.19171828,-0.6246596,-0.076474875,-0.82392144,0.29269668,0.110611856,0.12695289,-0.42623746,-0.042912755,0.53202474,-0.4069558,-0.48466694,-0.32413614,0.21398404,0.5053498,0.46874115,0.16721782,-0.5608297,-0.20822276,0.45384777,-0.6928073,0.09704891,-0.040576514,-0.8319212,0.16274777,-0.20259756,-0.21050201,0.22084814,0.32075277,-0.40539503,-0.2295066,-0.3900231,0.06267444,0.32588446,-0.43098885,-0.12913781,0.44360328,-0.050753314,0.34664077,0.025111355,0.0008541147,0.3869464,-0.67075706,0.3061127,0.18762371,-0.04549351,0.034003213,-0.4987222,-0.34968504,0.018916305,1.0573989,0.6155411,-0.69794875,0.7421071,-0.038969114,0.07040062,0.38660914,0.2595473,0.62362987,-0.13240117,0.1512883,0.19523814,-0.110950984,0.11317269,-0.16628721,0.18995225,-0.7848009,0.6022314,0.24131693,0.34510776,0.4039237,0.7992013,1.157975,0.16403751,1.0246153,0.29594254,0.02965494,0.51750714,0.33596736,0.56688815,0.08993921,-0.6020563,0.47423846,-0.48123202
-0.52114403,0.6370689,-0.14414838,-0.21920958,0.44089317,-0.35914433,0.1371251,0.7799391,-0.73835146,-0.17740467,-0.20506696,-0.83461845,0.11067283,0.186562,-0.01624359,-0.45917124,-0.17537098,-0.6706797,-0.15200707,-0.63207304,0.3407789,-0.08633275,0.25641528,-0.4677741,-0.40524015,0.43471485,-0.2944228,-0.4814507,-0.37539586,0.09708921,0.9859606,0.47356978,-0.017373962,-0.24239191,-0.3272353,0.3237408,-0.46043006,-0.15973613,-0.1390158,-0.7357305,0.33402553,-0.13007352,-0.1911836,-0.15944338,0.26556754,-0.1649718,-0.3003041,-0.1748875,0.5387382,-0.10374973,-0.052049734,-0.045782495,0.4471837,0.06246234,0.15343067,-0.23685786,0.25856197,0.316596,-0.67429596,0.43732625,0.28741443,0.07001819,0.11898042,-0.29816523,-0.2781815,-0.03840682,1.1527574,0.6114456,-0.49816695,0.7975276,-0.15118304,-0.2748745,0.09577882,0.370125,0.3584517,-0.20546004,0.07027926,0.05977524,-0.07773701,0.020830682,-0.3507021,0.041021362,-0.6079357,0.6204049,-0.03741774,0.079807684,0.50217855,0.38592577,1.2195842,0.09013347,1.053205,0.2719261,-0.043161836,0.28334436,0.29714304,0.63677764,0.0818576,-0.83080465,0.48299274,0.02135553
-0.1743856,0.50901896,0.11485943,-0.039552238,0.24316317,-0.58009034,0.67087036,0.6702648,-0.023789613,0.11846357,0.6362297,-0.7363286,-0.16704081,-0.30816725,0.12035819,0.35610488,0.11006837,-0.15565324,0.17084998,-0.55655473,-0.27920014,-0.27127355,0.030978942,-0.7617243,-0.4345123,0.33038887,-0.018820198,-0.35176435,-0.5382302,-0.26737228,0.61865425,0.62400454,0.08082932,0.241749,-0.64509875,0.24496682,0.124002345,-0.80558187,-0.62939614,-0.23421432,0.61891764,-0.4224232,0.3863428,-0.87634206,0.27615854,-0.29880702,-0.6554837,-0.48248187,0.3495848,0.38160515,-0.029491534,-0.38446334,-0.035343062,0.57743675,-0.5114414,0.44853154,0.37060794,0.044580832,-0.497871,0.09252449,0.1956091,-0.4173354,0.15620042,-0.26166353,-0.7348156,0.6376439,0.35061076,0.007247384,0.09147503,0.74342436,-0.42760968,0.37992862,0.51617485,0.070677705,0.35276613,-0.06658506,0.6546366,-0.2836486,-0.529015,0.7035441,0.24672978,0.14842196,0.037357192,0.371173,-0.5771365,-0.21899705,-0.54383093,0.37030542,0.33001712,0.08526188,0.2956524,0.44734764,-0.2108814,-0.30173776,0.7282494,0.82154876,-0.26654765,-0.2210734,-0.016235387,0.70566434
-0.41431668,0.40930104,-0.17568727,0.26707914,0.067651235,-0.30441788,-0.012936212,0.4519861,-0.4228963,-0.15366252,-0.40026,-0.04878151,0.14289321,-0.22773354,0.14709954,-0.083202034,0.49749693,-0.47622252,-0.029082365,-0.82102394,0.3557031,0.12703846,0.22311278,-0.22563933,-0.15634198,0.42640683,-0.82050014,-0.15669711,-0.11740929,0.45257488,0.6108241,0.4355992,0.10155029,-0.19029127,-0.21287262,0.20442663,-0.48337522,0.028729565,0.32345185,-0.9785671,0.05348335,0.008648526,-0.35810432,0.06675559,0.42022026,-0.2720449,-0.08627894,-0.35611284,-0.05982737,0.016600383,-0.14056791,-0.0782998,0.43075228,-0.20761423,0.31327882,-0.0034685284,0.030123817,0.10369291,-0.6503189,0.3073478,0.03337313,0.18683986,-0.22731079,-0.35558817,-0.2103457,-0.16169919,0.73003954,0.34272268,-0.5113304,0.4593489,-0.1370555,-0.309827,0.14432938,0.43021965,0.18058681,-0.18276739,-0.16741966,0.16973875,-0.082808994,-0.32768968,0.06525446,0.017556116,-0.72342175,0.7994718,0.3795577,0.5195318,0.47885013,0.5686486,0.99760675,0.20649143,0.9427986,-0.009788464,-0.1500015,0.23881684,0.5077339,0.44305602,0.122287005,-0.6467634,0.3888491,-0.5974633
-0.14486858,0.6132656,0.28589028,0.22016673,0.3557197,-0.5056855,0.5824487,0.6532456,-0.1208676,0.29370356,0.6809938,-0.7539491,-0.04938599,-0.24986692,0.15896164,0.42828014,0.023924047,-0.045593694,0.20459436,-0.5498488,-0.19626461,-0.21214184,0.15062548,-0.73633933,-0.2705836,0.24330625,-0.19533306,-0.18556534,-0.41266024,-0.1353001,0.41140798,0.71461236,0.109628804,0.25468093,-0.67565113,0.2578434,0.2609909,-0.6469306,-0.4303365,-0.36949518,0.5160127,-0.5926708,0.30247748,-0.7434467,0.36367416,-0.3791853,-0.39825335,-0.37942058,0.27252853,0.45350206,0.08094012,-0.47674283,0.010426221,0.68935126,-0.4720639,0.54490656,0.48311177,-0.1333098,-0.4895964,-0.049712013,0.1317992,-0.23465276,0.13977264,-0.26296893,-0.6979189,0.49173337,0.09227526,0.047796857,0.0049657226,0.6044001,-0.59653515,0.2448451,0.7166461,0.15886886,0.17993616,-0.10350876,0.5378671,-0.23691963,-0.28938496,0.53607774,0.5335218,-0.13373592,0.012225473,0.28535974,-0.29569557,-0.18167199,-0.6399713,0.56013477,0.23275536,0.36423543,0.2802246,0.5318659,-0.29758653,-0.2705011,0.81194454,0.95831853,-0.29292342,0.03436959,0.015627038,0.48544443
-0.20872386,0.51427376,-0.05893456,-0.16608885,0.30610353,-0.2527737,0.1340003,0.55109155,-0.4096188,-0.10674139,-0.0116220815,-0.7494575,0.06514302,0.12270536,-0.03716646,-0.33100137,-0.08613797,-0.4097554,-0.10079334,-0.47563475,0.20548964,-0.17514203,0.27936643,-0.307931,-0.30667928,0.21229792,-0.18834352,-0.2664362,-0.16119622,0.10633037,0.646155,0.3645784,0.039894532,-0.14666641,-0.29231012,0.22728124,-0.17421256,-0.20230731,-0.105091944,-0.52348185,0.24498203,-0.101741955,-0.12314226,-0.29229406,0.18999219,-0.12246488,-0.07911911,-0.13267711,0.35272604,0.02980048,-0.030161634,-0.0718584,0.20243183,0.13691637,-0.030576468,-0.076565996,0.2813317,0.18882914,-0.42500216,0.28237477,0.21752504,0.05866735,-0.054868657,-0.1361064,-0.22001794,0.039902736,0.65225667,0.39698166,-0.4123043,0.6451802,-0.14572084,-0.19804534,0.10358606,0.2550645,0.17185402,-0.19162409,0.04680218,0.12691665,0.02679187,0.0679236,-0.20349817,-0.11168947,-0.38022488,0.43633375,-0.10641408,0.029372673,0.22903422,0.22114566,0.73042583,0.1823738,0.6702502,0.07735375,-0.23712067,0.00046362504,0.2824233,0.42782435,0.0024577775,-0.6197286,0.15380426,-0.008562463
-0.3084905,0.5611701,0.11995744,0.05605455,0.2660954,-0.70252943,0.86012995,0.675429,-0.038897794,0.1945796,0.71460605,-0.54992616,-0.19004746,-0.53298235,0.21131821,0.5044526,0.31200248,-0.12753129,0.26697022,-0.63223386,-0.4033628,-0.23813689,-0.037025243,-0.8748239,-0.44341323,0.49448985,-0.059902433,-0.30129716,-0.53912795,-0.2527189,0.7552919,0.6581886,0.1035929,0.38158464,-0.7395255,0.1265385,0.07485533,-0.81468576,-0.5106349,-0.3162991,0.71565765,-0.5243388,0.33959863,-1.047717,0.3497829,-0.40027636,-0.6908195,-0.68971807,0.21797457,0.3990618,-0.16228619,-0.5120035,0.023935588,0.5462612,-0.5055863,0.5638882,0.3234988,0.08566554,-0.61755353,0.06639493,0.3295811,-0.49031675,0.22621171,-0.29951885,-0.83370996,0.6626768,0.2715576,-0.17555648,0.22983547,0.8956636,-0.4868486,0.43384486,0.70135134,0.17767829,0.366375,-0.019862667,0.6411316,-0.34236884,-0.5691695,0.6115247,0.53818154,0.028565427,-0.085647464,0.49224934,-0.5040384,-0.21225566,-0.620439,0.39022774,0.32807636,0.09534944,0.28315017,0.50678724,-0.22363187,-0.38500226,1.0058374,0.9580269,-0.3066121,-0.1602455,-0.025527861,0.68697727
-0.36497775,0.2871811,0.007935357,-0.040535185,0.44609776,-0.3198119,0.33006984,0.49196577,-0.31955412,0.14235924,0.04152772,-0.43434146,-0.006222256,0.11187383,-0.11431754,-0.2886037,-0.032422133,-0.122369,-0.06109151,-0.41247055,0.06513778,-0.00401919,0.15093686,-0.3828981,-0.3662014,0.24992062,-0.09660924,-0.20142157,-0.2118872,0.0875472,0.7792986,0.38031584,0.030101884,-0.07136147,-0.328898,0.018851744,-0.08406242,-0.049117144,0.13349874,-0.4564445,0.29648226,-0.15378009,-0.2542161,-0.33049622,0.30051303,-0.22744985,0.0032209626,-0.1613235,0.2746339,-0.121538565,-0.033772875,-0.23064347,0.29989094,0.09366335,-0.10555067,0.10401004,0.19773236,0.23499978,-0.41891822,0.38885754,0.40742636,-0.005943007,0.08459263,-0.1937364,-0.24459182,-0.122984506,0.41299278,0.26984122,-0.30530906,0.69018084,-0.3632498,-0.2964502,0.16554062,0.19063798,0.271972,-0.06968717,0.048671246,0.17048147,-0.13732617,-0.17578377,0.06379333,-0.14860143,-0.4964326,0.35899612,-0.036453307,-0.13288394,0.20823555,0.15716682,0.6484879,0.19830965,0.68632174,0.1322945,-0.0387272,0.018375674,0.45951906,0.34764388,0.08826934,-0.41829103,0.22784135,-0.041682623
-0.6604995,0.43931663,-0.06281223,-0.04390762,0.55194384,-0.3638736,0.4761341,0.598842,-0.5342161,-0.06647215,-0.021581264,-0.4414875,-0.089775234,-0.071021035,-0.019422576,-0.24355836,-0.011886665,-0.47362086,-0.2207455,-0.3579748,0.0795504,-0.1166578,0.1253581,-0.5498392,-0.51945263,0.45735216,-0.0452435,-0.37817946,-0.31614622,0.06826396,0.8994881,0.3364235,-0.06784639,-0.2271326,-0.4746108,0.13806514,-0.16368411,-0.15344705,-0.016284795,-0.40187988,0.47760594,-0.07640976,-0.15591769,-0.41419342,0.28496373,-0.2660753,-0.29031196,-0.2647348,0.3464887,-0.13970046,-0.22476153,-0.2975501,0.41772586,-0.03191333,0.016869307,-0.15066981,0.20811027,0.25725555,-0.5898893,0.45234784,0.45608327,-0.15356247,0.1275104,-0.34572336,-0.40110204,-0.036957815,0.8448477,0.35525277,-0.32145342,0.84764975,-0.31933573,-0.20553079,0.022810161,0.27899286,0.4413501,-0.16637094,0.07051525,0.20646735,-0.21947342,-0.08909905,-0.02533585,-0.10764346,-0.6649495,0.6474032,-0.047159206,-0.02611218,0.39613,0.22858086,0.924143,0.09584477,0.79053056,0.2767928,-0.0037460774,-0.0016214163,0.51397246,0.5719303,-0.07114727,-0.5662168,0.42954245,-0.08767483
-0.6254219,0.5487421,-0.18601373,-0.011506596,0.5318793,-0.40738222,0.12639378,0.6702803,-0.6416862,-0.09539324,-0.164457,-0.49055347,0.037181724,0.07883756,0.033056486,-0.32708395,-0.00028712608,-0.6367939,-0.06593725,-0.67991555,0.31906724,0.028175378,0.2358894,-0.41187993,-0.24414285,0.5509291,-0.41248265,-0.3056938,-0.29157087,0.20344667,0.91643035,0.32195234,0.0030997708,-0.3185078,-0.29002967,0.24800174,-0.44192913,0.041474257,0.120314315,-0.7844532,0.26014015,-0.11670395,-0.26767862,-0.11005656,0.31842646,-0.24779631,-0.19691658,-0.2506214,0.38684222,-0.027884688,-0.13343537,-0.13968804,0.51978177,-0.08670255,0.16775753,-0.22263277,0.16431051,0.36187673,-0.6443052,0.4434407,0.2638685,0.14749272,0.17887294,-0.28551677,-0.1720991,-0.17038073,0.98775,0.5867251,-0.36383203,0.6657449,-0.22865121,-0.2593285,0.13205959,0.37746796,0.38401318,-0.099150054,-0.0187409,0.10675149,-0.08480605,-0.12762992,-0.12382026,0.009989863,-0.74905676,0.5752067,0.090457015,0.16287515,0.583015,0.4093697,1.0770779,0.14029326,0.9035233,0.19640699,-0.04273186,0.2873814,0.44125664,0.70942175,0.123324074,-0.6147685,0.5073932,-0.058662906
-0.2821962,0.5627883,0.060034633,0.14283277,0.2545497,-0.6190392,0.6407017,0.6639727,-0.12317908,0.17638002,0.5983823,-0.6846125,-0.11066302,-0.36663318,0.20705594,0.4034041,0.23851945,-0.2849596,0.0632646,-0.5926063,-0.202285,-0.2949095,0.14808303,-0.74884915,-0.4413778,0.36188236,-0.25298825,-0.20312083,-0.40926632,-0.16750519,0.66613096,0.67121536,0.02496829,0.28616247,-0.6827522,0.13236551,0.31012937,-0.792772,-0.44660985,-0.31090295,0.43669823,-0.44879043,0.2510333,-0.8152291,0.2986362,-0.34739587,-0.62168354,-0.46751514,0.32501546,0.2939907,-0.07055696,-0.3685967,0.07177801,0.46678117,-0.43716553,0.4557241,0.3295707,-0.1263883,-0.5051981,0.22090937,0.17364697,-0.46409556,0.052343607,-0.36270964,-0.7255521,0.47897992,0.27851492,-0.07731721,0.056186825,0.64802986,-0.55696136,0.26715776,0.4136144,0.13661425,0.19571777,-0.15452605,0.6206803,-0.24980842,-0.4754922,0.49558076,0.46602336,0.11641556,0.038264986,0.47201946,-0.43918112,-0.18387033,-0.5319988,0.45565775,0.3167329,0.14024243,0.34809494,0.3969103,-0.21190034,-0.4249638,0.8589461,0.92673904,-0.2547706,-0.21507198,0.0773797,0.4988276
-0.30454263,0.50880146,-0.018063236,0.06898261,0.2003411,-0.5581846,0.58897984,0.5350012,-0.18378027,0.053798735,0.46180028,-0.4955747,-0.12445504,-0.44491318,0.16732143,0.30520764,0.37540594,-0.37697503,0.082781434,-0.6422033,-0.19055203,-0.27540666,0.087648354,-0.6691558,-0.44411153,0.43431735,-0.2351805,-0.24537383,-0.37975565,-0.08634979,0.74266976,0.4912235,0.046655983,0.22450434,-0.5677792,0.085716106,0.098823056,-0.6866842,-0.33117026,-0.36940077,0.40416005,-0.40495205,0.12991366,-0.7624348,0.29191908,-0.3241393,-0.6120738,-0.5947604,0.21574299,0.23947033,-0.18298313,-0.3354151,0.09342573,0.2374067,-0.3596229,0.39136764,0.18267138,0.06851639,-0.58590233,0.2802954,0.23186506,-0.42645293,0.043631136,-0.29064587,-0.6275479,0.38495645,0.36098477,-0.11974839,0.026313616,0.75109464,-0.44253716,0.2903934,0.37652737,0.13188508,0.2953458,-0.13222282,0.49584723,-0.18676624,-0.40689346,0.3554531,0.32313123,0.0130171245,-0.25127393,0.61143386,-0.3569846,-0.13821045,-0.36792046,0.3346698,0.37559608,0.11927061,0.38162532,0.3220835,-0.20501289,-0.33938166,0.82232285,0.83297634,-0.17627528,-0.29864317,0.07816774,0.3929193
-0.49760145,0.1299641,-0.004819961,0.3139622,-0.06597481,-0.33209342,-0.042205893,0.30969426,-0.35320637,-0.14200833,-0.42878032,0.09067516,0.057953738,-0.3856323,0.2590695,-0.022488564,0.51593125,-0.5967603,-0.02507459,-0.87008065,0.29999745,0.14734402,0.20708935,-0.13493222,-0.08041916,0.44096485,-0.7373823,-0.27995834,-0.099226676,0.47611183,0.55131996,0.3134291,0.16445398,-0.3471343,-0.16845267,0.3571372,-0.56371343,0.073741116,0.24284963,-1.0529901,-0.045605563,-0.11872182,-0.3699947,0.30143738,0.42857853,-0.32699895,-0.1593387,-0.40037984,-0.15136904,0.21102364,-0.2990293,-0.0126185175,0.41940936,-0.25140372,0.31842738,0.089185104,-0.06865854,0.15486033,-0.66495764,0.27082995,-0.08859994,0.11675657,-0.19088233,-0.51531416,-0.3689793,-0.1186532,0.7197586,0.43821588,-0.69578063,0.51814544,-0.10076932,-0.031587087,0.2583824,0.3673695,0.3739006,-0.030630212,-0.0677703,0.18609598,-0.19675589,-0.13984986,0.023448259,0.10716524,-0.69077885,0.7250272,0.42578202,0.54415137,0.221261,0.70358557,0.97301453,0.24012296,0.95668566,0.087369844,-0.11983524,0.34328595,0.48448735,0.55295956,0.1647392,-0.57691425,0.3580277,-0.6646437
-0.5839013,0.21046552,0.03539394,0.2147717,0.2708337,-0.38689184,0.12165067,0.36677217,-0.3787237,0.00993599,-0.28473422,-0.14548525,-0.00027476027,-0.30327603,0.2939365,-0.00048127907,0.2252199,-0.4719086,-0.022288827,-0.7602775,0.2997406,0.19735685,0.17966889,-0.39241287,-0.19660372,0.60940677,-0.5051616,-0.385466,-0.2868479,0.21277213,0.5663728,0.43949062,0.13218907,-0.37852547,-0.32607305,0.31844708,-0.57786226,0.16786574,0.060250506,-0.80849016,0.25892556,-0.12145806,-0.267779,0.16282278,0.25624362,-0.3803385,-0.2190586,-0.33853033,0.10120602,0.1955499,-0.3600975,-0.18519445,0.51207346,-0.03737012,0.2721689,-0.00818864,0.070200235,0.27961236,-0.6919592,0.29984117,0.08684342,0.054840922,0.01647403,-0.55432934,-0.3566071,-0.03562611,0.9490873,0.51699585,-0.5259458,0.5940055,-0.18759017,-0.06778563,0.30815583,0.3312876,0.5230903,0.0118162725,0.045773674,0.1588906,-0.29959047,-0.041415766,0.040342238,0.25411084,-0.6435141,0.50052166,0.23189567,0.3238684,0.31657758,0.6694835,1.0273658,0.11148458,0.97603136,0.30915225,0.0017205491,0.42944565,0.3427451,0.6001596,0.1048347,-0.45292312,0.46313345,-0.37601978
-0.5813291,0.6447551,-0.11379562,-0.03914986,0.41099143,-0.46654138,0.05819743,0.66848785,-0.6769535,-0.17858347,-0.16163751,-0.7050296,0.12090731,-0.04960248,0.23572126,-0.16812328,-0.034042872,-0.7113117,-0.16308264,-0.6277344,0.3334035,-0.054103594,0.4034051,-0.35157833,-0.34498674,0.5128518,-0.5093646,-0.33045107,-0.1728065,0.1531132,0.77691585,0.3699696,0.038150407,-0.116165,-0.4217651,0.29882377,-0.28228045,-0.030441249,-0.049902327,-0.74860543,0.21530466,-0.08038767,-0.2799545,-0.032289572,0.07477091,-0.18977447,-0.3523649,-0.17159116,0.35486084,-0.026916761,-0.16958603,-0.01885266,0.48018646,-0.06307046,0.15086195,-0.25639805,0.2803499,0.08790359,-0.6487792,0.43400127,0.11502236,0.028123975,-0.03724867,-0.42606744,-0.32803506,0.0023818382,0.9525579,0.49992275,-0.457929,0.56519246,-0.26888242,-0.15980716,0.11769569,0.4159696,0.21710205,-0.088038124,0.013693583,0.05366672,-0.21369798,-0.10568087,-0.08698185,0.18797418,-0.4784736,0.5721157,-0.050094254,0.18002015,0.36909112,0.50413096,0.97497976,0.014837971,0.9809783,0.24502206,-0.16190113,0.18395552,0.44446445,0.8382244,0.056911997,-0.6843936,0.44770956,-0.16221245
-0.46048647,0.6070022,-0.16165347,-0.11635953,0.43010134,-0.37802717,0.058914293,0.6279195,-0.5511936,-0.08122434,-0.026655952,-0.72733,0.11408208,0.024263004,0.08732204,-0.28158873,-0.055938754,-0.6004991,-0.10762253,-0.61845285,0.32220355,-0.089216255,0.30907556,-0.38738653,-0.34310633,0.43224755,-0.38291916,-0.29076844,-0.22639988,0.09741803,0.7421891,0.39697966,0.034613628,-0.16157846,-0.35067815,0.19838667,-0.27608588,-0.0789364,-0.0518575,-0.629029,0.24446373,-0.13182347,-0.22037397,-0.1591861,0.15501675,-0.16164686,-0.21251722,-0.15815161,0.43369576,-0.012271007,-0.13122629,-0.079010956,0.3663687,0.055567827,0.096623175,-0.22973251,0.26977807,0.22162558,-0.57485265,0.4044065,0.16098462,0.08763617,0.027025346,-0.28358683,-0.186543,-0.002085105,0.90224063,0.47810102,-0.37252644,0.59270793,-0.25450227,-0.23958842,0.065830894,0.3037726,0.25124785,-0.143301,0.0041781925,0.07782404,-0.08269334,-0.0002835526,-0.112831056,0.05292093,-0.4882612,0.50129175,-0.047994614,0.070618376,0.3456184,0.3369604,0.86409754,0.086962335,0.81999,0.16615416,-0.14783147,0.15020832,0.31376696,0.6110565,0.08270185,-0.64191425,0.37722757,-0.039938234
-0.4636539,0.341011,-0.10191129,-0.013161254,0.17459406,-0.4276284,0.0778401,0.5662938,-0.22665964,-0.009872948,0.1533499,-0.30488002,0.05595304,-0.3053836,0.21084563,0.033910807,0.11026752,-0.41427776,-0.0013486876,-0.66716737,0.17742674,0.043491933,0.32344076,-0.2939912,-0.45428216,0.25463367,-0.44376957,-0.17995316,-0.17095445,0.16830578,0.5452261,0.3290553,0.1591821,0.0024883614,-0.3087979,0.14455663,-0.095139764,-0.14094569,0.037561093,-0.6659727,0.0810327,-0.21327919,-0.26459247,-0.10522138,0.3069174,-0.17408603,-0.22648199,-0.11104494,0.17634225,0.07418251,-0.07028394,-0.08095503,0.207387,-0.027369358,0.0185676,0.021992955,0.13254672,0.0019262367,-0.53337926,0.3480391,-0.069935985,0.09305562,-0.15874207,-0.45914084,-0.31694403,0.046941057,0.5263958,0.21471599,-0.37412548,0.373392,-0.39175034,-0.1890867,0.11550861,0.16006249,0.18707605,0.009205301,-0.026454749,-0.037207846,-0.36291328,0.033558305,0.1626125,0.11472992,-0.30960143,0.566772,0.0017722812,0.12927592,-0.08353397,0.42310965,0.5130225,-0.04224702,0.65958714,0.20879692,-0.114424534,0.07882677,0.43406665,0.5370076,0.058670025,-0.5824201,0.27487782,-0.2761918
-0.19272748,0.3746931,0.0076418067,0.040487446,0.23404358,-0.44952297,0.5507219,0.47414973,-0.11842207,0.123730145,0.46740562,-0.4803778,-0.17014882,-0.22117369,0.087230116,0.25465024,0.20542333,-0.18714489,0.14931983,-0.54415566,-0.17851792,-0.22007552,0.08246815,-0.5746926,-0.3951278,0.25935954,-0.1116461,-0.22703335,-0.37379646,-0.11186747,0.6943886,0.4784539,0.024861239,0.17635375,-0.45296484,0.081109576,0.18067583,-0.68456674,-0.34118265,-0.32138255,0.329402,-0.3531345,0.15408498,-0.7066964,0.29507992,-0.24107195,-0.4891822,-0.41507307,0.25891465,0.19685537,-0.00993664,-0.31582502,0.03288386,0.28679398,-0.41733867,0.47206926,0.19303736,0.05420033,-0.4692659,0.23967537,0.20249373,-0.33256596,0.08464789,-0.1940856,-0.53957206,0.28522873,0.21923183,-0.089416616,0.04503589,0.67528874,-0.40263906,0.20036776,0.36582667,0.06295853,0.23789634,-0.11037838,0.52028465,-0.21479505,-0.36272967,0.37054986,0.25521562,-0.031571433,-0.12311892,0.41235673,-0.34147692,-0.20063287,-0.4038925,0.2625634,0.27955735,0.14441459,0.31235567,0.32354838,-0.13874194,-0.26670468,0.64458156,0.7146424,-0.13279708,-0.17381303,0.011298075,0.50928897
-0.6326369,0.24101561,0.024511877,0.21760018,0.35872304,-0.42496848,0.16582744,0.50713277,-0.36435458,-0.014830124,-0.26172388,-0.19892609,0.010958418,-0.22431557,0.31612545,-0.02630023,0.027609665,-0.422504,-0.019034907,-0.71650237,0.34364954,0.29844052,0.17438567,-0.48159975,-0.2893536,0.69036186,-0.49374261,-0.4161714,-0.34722173,0.14879431,0.62719893,0.48850006,0.09955256,-0.35175467,-0.40908778,0.42285764,-0.6594037,0.21996309,0.017178735,-0.8159678,0.45907763,-0.10874888,-0.22202617,0.18205778,0.28501475,-0.44114128,-0.17183043,-0.25878495,0.22395846,0.19444197,-0.26822773,-0.23189285,0.64901596,0.07010399,0.25487792,-0.04601236,0.2260863,0.2512456,-0.7284774,0.2563431,0.07988832,0.15663639,0.08263155,-0.6801849,-0.3856421,-0.017754469,1.0221505,0.5761347,-0.5151696,0.583992,-0.19154775,-0.1363869,0.31262872,0.41914073,0.60502964,0.06891692,0.059642646,0.1700286,-0.3981207,0.002240791,0.036781434,0.3737014,-0.58680403,0.4008545,0.1815863,0.35001373,0.3543564,0.7397188,1.1904259,-0.010567766,1.0163838,0.37591273,0.046526305,0.47396505,0.28819293,0.65255207,0.053275354,-0.5045605,0.5585307,-0.31645927
-0.5623554,0.7888789,-0.026151985,-0.0015113726,0.6701303,-0.475357,0.30581373,0.96634406,-0.76452136,-0.1280024,-0.056933198,-1.0379031,-0.0046017803,0.20559743,0.11686694,-0.41383964,-0.37806684,-0.6299256,-0.2312555,-0.46248847,0.17802006,-0.07747492,0.46487835,-0.53847957,-0.4757698,0.522944,-0.35556412,-0.29925776,-0.1894665,0.13536741,1.087637,0.45367077,0.05148851,-0.08641167,-0.56642586,0.29765356,-0.15067334,-0.07502205,-0.0662506,-0.8436016,0.55163616,-0.17178752,-0.2523255,-0.26324654,0.23406303,-0.28564733,-0.10248563,-0.06876993,0.48620015,-0.08657102,-0.07884356,-0.22607157,0.6167129,0.21704543,-0.009653337,-0.18143848,0.55832666,0.060143754,-0.58808166,0.37041196,0.39971027,0.186875,-0.018452132,-0.52589935,-0.39105397,-0.02244991,0.77781206,0.61419034,-0.5870179,0.92961174,-0.28902382,-0.26252636,0.249672,0.56246865,0.24889958,-0.068499,0.015365116,0.09271833,-0.19828211,-0.1915432,-0.042157754,-0.039482728,-0.5936305,0.5734315,-0.26573074,0.02081202,0.3997788,0.40596783,1.058767,0.112090975,0.98212886,0.23716629,-0.28760016,0.043984983,0.69741225,1.0021611,-0.0681681,-0.7720779,0.46498483,-0.06425122
-0.30910176,0.5829453,-0.26451293,0.18213871,0.22163552,-0.437802,0.05876073,0.5715579,-0.16031896,-0.09221676,-0.12032553,-0.22851716,0.0866557,-0.24758935,0.19239743,0.016399417,0.50761896,-0.4081483,-0.09188766,-0.75411624,0.35151494,0.23119542,0.28434777,-0.29964983,-0.24112494,0.300465,-0.8336238,-0.027402721,-0.17878482,0.36029866,0.52702904,0.47995716,-0.030280195,-0.043008193,-0.45063645,0.18580143,-0.09903192,-0.07565749,0.24908887,-0.61207956,-0.06894496,0.1279822,-0.1430326,-0.22903259,0.26332426,-0.23289305,-0.10649558,-0.17283791,0.098874666,0.037656173,0.05148749,-0.21457894,0.28675166,-0.223713,0.1292732,-0.10124791,0.20075305,-0.10184515,-0.50448215,0.398024,0.0011236618,0.13411015,-0.32786432,-0.20674795,-0.2909499,0.013311286,0.5920359,0.35647222,-0.29126862,0.22535618,-0.38597754,-0.4818996,0.066881865,0.22550671,-0.12652946,-0.22153208,-0.18371332,0.090471104,-0.19935644,-0.19004737,0.28987706,0.07370501,-0.53689545,0.79891443,0.2765342,0.49457848,0.36925498,0.49975336,0.7058957,0.08718077,0.8032212,0.03615059,-0.21657239,0.055442397,0.577673,0.34725237,0.077501275,-0.5692945,0.3913273,-0.5705754
-0.20051564,0.39296684,0.13740598,0.0062791165,0.19267379,-0.5618234,0.5619388,0.56396896,0.053183023,0.18987952,0.5106483,-0.5569794,-0.18904394,-0.36321858,0.24228631,0.36155182,0.022883086,-0.119123384,0.09262411,-0.40030518,-0.2636494,-0.048299026,0.019933907,-0.6523476,-0.3581564,0.30245897,-0.058678433,-0.21366273,-0.43540895,-0.27769944,0.42072093,0.52809924,0.07098823,0.28418052,-0.6501995,0.14429413,0.19592546,-0.55260074,-0.4930073,-0.10639624,0.44991112,-0.35394594,0.32113573,-0.6469728,0.17988294,-0.31050318,-0.56393915,-0.24019314,0.28704178,0.32721716,-0.025966948,-0.39517814,0.045735583,0.43846235,-0.38639385,0.37137106,0.3973543,-0.10614873,-0.35025755,0.09328117,0.1300502,-0.36195225,0.12354005,-0.36466923,-0.63850296,0.5539154,0.14324385,-0.0027254259,0.110485315,0.4975233,-0.4076726,0.2955316,0.46154496,0.017880276,0.23720899,0.01650565,0.54130924,-0.30093846,-0.58184564,0.55016226,0.41140568,0.2512364,0.102535754,0.24682117,-0.446923,-0.20630437,-0.5367025,0.41210708,0.18437119,-0.087402895,0.2276048,0.44512853,-0.06715796,-0.22787827,0.64008045,0.71085733,-0.19620286,-0.13144584,0.10610535,0.43626204
-0.7249356,0.11713214,0.0654396,0.30248892,0.37313086,-0.48284188,0.13433143,0.3816266,-0.32799512,0.16151425,-0.25603577,-0.08950985,-0.06844798,-0.35972992,0.3986234,0.06098126,0.2487761,-0.49400753,-0.027166516,-0.8899365,0.31943765,0.29736125,0.20551896,-0.463397,-0.13971892,0.7590064,-0.59023714,-0.3977003,-0.33121935,0.23234737,0.60719377,0.5164735,0.16919877,-0.5067175,-0.37374687,0.34214944,-0.6389004,0.29541376,0.14057672,-0.88932806,0.2731144,-0.20327604,-0.31481868,0.26024166,0.29471755,-0.484186,-0.17424664,-0.35484925,0.105452396,0.2770637,-0.4936105,-0.24767986,0.61383104,-0.0027926585,0.30877075,0.00022864237,0.06014528,0.360227,-0.70890373,0.39529085,0.116918154,0.06676327,0.06564728,-0.67297214,-0.39370674,-0.07064852,1.0173024,0.66764444,-0.56141216,0.6603024,-0.307513,-0.0598788,0.36964488,0.33006495,0.6457138,0.08604962,0.11699928,0.19320926,-0.36785758,-0.016498059,0.18056072,0.3830526,-0.69690484,0.43788928,0.2677659,0.3447581,0.31467357,0.80716914,1.088358,0.12112865,1.0429465,0.3302802,0.053553544,0.5449269,0.39547855,0.6815954,0.16365327,-0.4137169,0.5626839,-0.39743593
-0.5706879,0.72175956,-0.21310169,0.009531864,0.42717925,-0.46166718,0.18395402,0.71712774,-0.7236263,-0.026831096,-0.102921814,-0.6992988,0.023128001,0.04801103,0.036971398,-0.3105387,0.058529224,-0.57214075,-0.10224836,-0.73055476,0.22352849,-0.06693378,0.39200637,-0.41872683,-0.52860683,0.47216126,-0.5354052,-0.2496778,-0.24011303,0.24601378,1.1385643,0.5248643,0.09197552,-0.07493039,-0.3844303,0.047087595,-0.17566043,-0.10981006,0.18208642,-0.93553835,0.23324381,-0.023526175,-0.37306425,-0.27548963,0.3549816,-0.18514848,-0.15045662,-0.21755286,0.36599866,-0.18035997,-0.09384294,-0.1122624,0.500895,-0.0063100173,0.07508524,-0.041176412,0.28789905,0.22132386,-0.71477944,0.54103273,0.30927312,0.15335064,-0.09603142,-0.33668104,-0.27879643,-0.17641072,0.8166122,0.46735084,-0.48464268,0.899992,-0.2978365,-0.4532261,0.15222223,0.50782466,0.22244844,-0.22047476,0.009871525,0.100624084,-0.119984716,-0.30936795,-0.029162206,-0.16790833,-0.7003886,0.7410171,0.03465714,0.09655604,0.39554042,0.3754303,1.0734197,0.27687037,1.1111426,0.13683476,-0.20964862,0.0912112,0.6522485,0.78360575,0.15251057,-0.75511914,0.36706093,-0.14144693
-0.2524782,0.6200146,-0.03645234,0.03630433,0.54038006,-0.40048993,0.22043861,0.5682149,-0.55276054,0.008685093,0.013019343,-0.8032224,0.012447153,0.13106246,0.09872177,-0.21179219,-0.05749263,-0.30609053,-0.04253124,-0.48473516,0.17450072,-0.14881365,0.38568708,-0.41666794,-0.3248379,0.36813262,-0.35120654,-0.13834661,-0.08645762,0.08842522,0.7624252,0.437706,0.0448594,0.04313494,-0.39164174,0.051409964,0.026057055,-0.012888268,-0.023402631,-0.5817657,0.39362144,-0.15612087,-0.18485779,-0.25281325,0.06357572,-0.18217207,-0.088237636,-0.1736402,0.3057165,-0.11879637,-0.03943952,-0.1878701,0.38874686,0.12649338,-0.06925074,-0.03918568,0.37871477,0.09403536,-0.4555763,0.30628687,0.36372256,0.09149968,-0.0048708227,-0.23931563,-0.14966662,-0.012102936,0.46466568,0.3797407,-0.3910943,0.68918437,-0.29201728,-0.23320542,0.31633583,0.37712693,0.061577138,-0.046975866,0.056016456,0.02035624,-0.08310734,-0.2603573,0.03862481,-0.09797043,-0.5301603,0.38469014,-0.22312766,-0.16879402,0.28664234,0.29935005,0.580452,0.18738027,0.7833908,0.16582973,-0.30691105,0.034719035,0.6247625,0.74834347,0.06913787,-0.41841912,0.25008926,-0.01004907
-0.31498417,0.5138677,0.08335251,0.0602457,0.13924384,-0.73983973,0.5290524,0.730423,-0.022440184,0.19567312,0.70155644,-0.7374552,-0.045861546,-0.49578297,0.3311977,0.5001898,0.19938047,-0.38915738,0.05922647,-0.66216195,-0.15629895,-0.27914053,0.18632595,-0.7454199,-0.45905495,0.3844452,-0.3213888,-0.2281112,-0.4325968,-0.26263744,0.5288613,0.7044439,-0.0038656096,0.3572055,-0.7432137,0.23627645,0.2610348,-0.8047988,-0.60227364,-0.21015966,0.41361803,-0.627844,0.339162,-0.666724,0.23181136,-0.3474773,-0.79830426,-0.4194019,0.40940228,0.38933653,-0.09076468,-0.27735916,0.040387377,0.5196563,-0.41297802,0.37347662,0.36305177,-0.22932482,-0.47340536,0.1527951,-0.053465426,-0.49224535,0.033935294,-0.51355827,-0.8045564,0.67821085,0.3187704,-0.025488194,0.061116405,0.44457245,-0.6455003,0.4194487,0.4077021,0.0743216,0.19718443,-0.021595491,0.7048502,-0.35023683,-0.6395343,0.7266598,0.5057628,0.38882196,0.30141136,0.4140002,-0.50511575,-0.19194046,-0.77377963,0.5760121,0.22148699,-0.05258216,0.2703343,0.48800194,-0.16773452,-0.40251178,0.7797461,0.9844393,-0.24809088,-0.22871552,0.11401268,0.5335796
-0.3224626,0.52813137,-0.061725557,-0.07512953,0.48473364,-0.2621623,0.49030718,0.6054883,-0.48679417,0.038326416,-0.050502826,-0.599128,0.02068801,0.18646875,-0.20631401,-0.2889383,0.01902872,-0.23306355,-0.18740034,-0.3931674,0.09662909,-0.22598398,0.09421706,-0.51993525,-0.53404236,0.2166005,-0.06951575,-0.3016388,-0.36647388,0.06484465,0.9543659,0.5263232,-0.1335835,-0.10824927,-0.4087902,0.07000755,0.014984933,-0.39503387,-0.08594228,-0.36811155,0.3542307,-0.07490781,-0.08462934,-0.5505598,0.36266607,-0.21589813,-0.21722873,-0.28828573,0.46951303,-0.2295365,0.03785774,-0.243099,0.28189537,0.0979615,-0.10976418,0.08900671,0.21606724,0.1487972,-0.5266289,0.4431468,0.4585812,-0.19818701,0.13335161,-0.11392979,-0.35783178,-0.07787738,0.7133854,0.23162451,-0.30966547,0.7841636,-0.3434549,-0.32446414,0.02068267,0.23506026,0.28199506,-0.3430001,0.20741789,0.1866538,-0.103509486,-0.102171324,-0.116332635,-0.18456466,-0.47246474,0.587669,-0.07614338,-0.1351978,0.3382427,0.14468724,0.92422307,0.243962,0.82759154,0.24572042,0.021824332,-0.11621443,0.47386804,0.43660793,-0.057164073,-0.53386045,0.27951723,0.088922516
-0.41805267,0.78134906,-0.16169195,-0.09967109,0.5397339,-0.4158797,0.26801553,0.81777704,-0.7648742,-0.14540528,-0.07702692,-0.9406735,0.034533396,0.2427743,-0.07520704,-0.48624885,-0.09795151,-0.5609483,-0.114887185,-0.60907793,0.18494704,-0.2103608,0.41589683,-0.46433672,-0.46373925,0.46596345,-0.31761035,-0.2387464,-0.17231342,0.20297602,1.1748478,0.4103758,0.038461186,-0.0683052,-0.35227293,0.1499006,-0.2187368,-0.13064049,0.055089433,-0.8753861,0.46254396,-0.08880095,-0.2988906,-0.40238184,0.283793,-0.18576878,-0.081467465,-0.24727602,0.39851528,-0.16546394,-0.08246084,-0.13275091,0.48661074,0.077858895,-0.03870648,-0.11794329,0.37222096,0.32296598,-0.6234342,0.42643878,0.48138285,0.17079566,-0.009385108,-0.25173026,-0.18089703,-0.1049846,0.7531289,0.48234612,-0.4915336,1.0036817,-0.19949864,-0.321113,0.19690426,0.54713196,0.20254585,-0.15235168,0.0013358295,0.12200585,-0.009833736,-0.2888234,-0.21226577,-0.23438302,-0.75272226,0.6591902,-0.2353697,-0.031930823,0.4969218,0.23368418,1.0480392,0.26906013,0.97550654,0.054615058,-0.34868285,-0.009489693,0.7014113,0.81394094,0.056287777,-0.8184863,0.28185135,0.040633284
-0.69351447,0.21854454,0.06694081,0.23463774,0.3284489,-0.45081127,0.23081169,0.42084572,-0.3754452,0.027691364,-0.33465937,-0.042300973,-0.052803542,-0.42839405,0.30650744,-0.01100953,0.33015668,-0.53703165,0.028135682,-0.8141266,0.29732934,0.25202703,0.14530452,-0.49785137,-0.20714448,0.75386465,-0.49637774,-0.4211202,-0.33054936,0.24384418,0.6502385,0.44389537,0.13224329,-0.45553768,-0.3582684,0.3884928,-0.74506813,0.26810363,0.099843904,-0.867507,0.36241785,-0.17790157,-0.24215373,0.12697463,0.2996953,-0.48914358,-0.25657514,-0.45129025,0.06391322,0.26545224,-0.46809804,-0.26083285,0.62054116,-0.09493904,0.31534207,-0.049946893,0.0634311,0.4122124,-0.7839768,0.277581,0.18056929,0.031121498,0.116060026,-0.62159145,-0.38656056,-0.028898986,1.0696187,0.58877635,-0.5603252,0.70500296,-0.18145666,-0.028280545,0.40759152,0.40925914,0.655899,0.03398834,0.028085373,0.20680833,-0.3303378,-0.046573985,0.061817195,0.28237107,-0.86569047,0.60009044,0.26321384,0.36644566,0.40597743,0.752201,1.2037219,0.08946608,1.0883628,0.3590823,-0.0020388176,0.47305337,0.46356618,0.70298487,0.09559023,-0.5489363,0.5507701,-0.46077165
-0.046833113,0.40590587,-0.024892092,-0.060324162,0.24657518,-0.36441174,0.17191285,0.4409469,-0.2865512,-0.031561967,-0.11572509,-0.51015097,-0.059604082,0.025204748,0.020576114,-0.24941622,0.10965264,-0.36290994,-0.00182057,-0.5729626,0.13967314,-0.03918788,0.20178305,-0.3248258,-0.007658752,0.25159088,-0.23562454,-0.077470824,-0.053390894,0.12971333,0.51659983,0.29427963,0.06765488,-0.12943055,-0.18287456,0.15472032,-0.14098744,0.027466351,0.030243216,-0.51101613,0.1775107,-0.21884602,-0.08192758,-0.1818254,0.18419516,-0.22429115,-0.005279973,-0.24118172,0.14794338,0.096482195,-0.061383825,-0.17305358,0.25145027,-0.021677831,0.02243449,0.043747768,0.1695445,0.2611432,-0.26742312,0.18000978,0.33592346,0.08074332,0.053383946,-0.09024167,-0.019223474,0.046038628,0.3565522,0.45585087,-0.34257627,0.57792974,-0.08442291,-0.096047856,0.39856693,0.25620702,0.10672992,-0.050134495,0.06741112,-0.0017584991,0.05210792,-0.06726387,-0.058353264,-0.0813405,-0.6376789,0.41244543,-0.063035056,-0.08902612,0.31479698,0.362586,0.45357004,0.13667099,0.55437404,0.042383686,-0.17643316,0.08532501,0.6142866,0.49826014,0.18769227,-0.41086435,0.20677201,-0.13010126
-0.46163067,0.67591196,-0.20448199,-0.022472616,0.6033221,-0.47278586,0.15140133,0.7640358,-0.56869453,0.03198368,0.06897912,-0.82805204,-0.06143863,0.22148046,-0.008452697,-0.3566612,-0.049635638,-0.45963487,-0.027271042,-0.691873,0.21952808,-0.07833476,0.46138805,-0.41117978,-0.3903649,0.46747208,-0.4125778,-0.17618814,-0.20413819,0.21197443,1.0773464,0.4278659,0.058811832,-0.12191228,-0.35986865,0.07521185,-0.12811506,-0.010591269,0.15607993,-0.8268692,0.33165693,-0.08170535,-0.29123643,-0.33039543,0.25101462,-0.1797773,-0.017956603,-0.16035049,0.40598878,-0.114500664,-0.08364718,-0.14837962,0.44053173,0.09184293,-0.054116666,-0.124521255,0.35754344,0.30550942,-0.52685654,0.47014695,0.37789106,0.27066487,-0.022361588,-0.22898579,-0.1352649,-0.11072004,0.6736991,0.6053258,-0.4049508,0.86558455,-0.337071,-0.39997572,0.21930659,0.44145113,0.17263255,-0.066977374,0.02120589,0.08291379,-0.08080937,-0.24429278,-0.02944764,-0.17507204,-0.6671481,0.5331684,-0.1509355,-0.019278273,0.3871785,0.29030254,0.87440455,0.26906943,0.90534973,0.07597004,-0.30797902,0.09928213,0.65763867,0.76309836,0.16584076,-0.6289724,0.28624898,0.058975022
-0.6069989,0.44363227,0.02632859,0.18929002,0.50054777,-0.47098708,0.1944997,0.60295856,-0.3221568,0.005103926,-0.21968131,-0.39542738,-0.03887529,-0.14989951,0.28903407,-0.01767425,-0.07426424,-0.4376788,-0.15079299,-0.567584,0.37985405,0.29874653,0.21513824,-0.54212874,-0.33897227,0.6149346,-0.4356885,-0.3669975,-0.4203032,0.08808834,0.53211623,0.5628799,0.0045201806,-0.36329573,-0.5512044,0.45767027,-0.39859134,0.1735006,-0.06796109,-0.5771254,0.41340536,0.061949812,-0.071221545,0.039071836,0.17362471,-0.41350704,-0.23455887,-0.08342129,0.42365924,0.16048522,-0.14694951,-0.29663467,0.6050052,0.083774626,0.22513762,-0.19991289,0.36630034,0.09993096,-0.5917059,0.27074578,0.055305243,0.12177129,0.073825225,-0.59421057,-0.41257423,0.06195588,1.0303999,0.7417859,-0.4214416,0.43403816,-0.2731566,-0.2558405,0.20334859,0.3953969,0.43665352,-0.00950175,0.070816316,0.14824846,-0.4364191,0.06332646,0.062506124,0.4614624,-0.42162126,0.35066372,0.081793725,0.2757252,0.4436903,0.7251409,1.1268456,-0.07735131,0.9834855,0.43547902,0.05503737,0.35876364,0.3068151,0.66987544,0.020124936,-0.4976275,0.616773,-0.30187312
-0.17073527,0.3624036,0.120202266,0.02533406,0.22457743,-0.58320576,0.6205984,0.582888,0.10563241,0.24645755,0.72208095,-0.56385183,-0.18633991,-0.414386,0.24208663,0.42432877,0.15867037,-0.122585446,0.26285756,-0.6481165,-0.23005635,-0.13616472,0.10543502,-0.7848444,-0.4020514,0.35198385,-0.09101659,-0.23431772,-0.44567165,-0.17532301,0.561157,0.70006424,0.038691938,0.31691003,-0.61801994,0.20192163,0.15306716,-0.7580866,-0.5922499,-0.31167662,0.5673747,-0.6552328,0.41905552,-0.79217386,0.40584856,-0.35172832,-0.58466965,-0.41520515,0.28666717,0.39332312,0.007985137,-0.46572167,0.043295547,0.5114892,-0.52301764,0.62393916,0.33044696,0.018362004,-0.4636311,0.042581506,0.14680086,-0.27983317,0.14123219,-0.381277,-0.6248908,0.54174626,0.075216696,-0.08029726,0.0841008,0.7004436,-0.5100019,0.30521944,0.6313784,0.051484346,0.26828754,0.0346298,0.66876304,-0.40971914,-0.46811974,0.6917836,0.532754,0.076156035,0.0021507172,0.34729818,-0.47284693,-0.26733494,-0.7938454,0.3765376,0.08650194,0.003685737,0.19670226,0.41557187,-0.2595208,-0.30062175,0.7435297,0.806447,-0.18031043,-0.15542902,-0.05174438,0.614987
-0.42416567,0.16818456,0.058634702,0.25187662,0.123867005,-0.29709393,0.034962732,0.30444768,-0.2738626,-0.057279035,-0.3487092,-0.0399637,0.0074513187,-0.2625293,0.1307363,-0.12761633,0.33933207,-0.44683778,0.025153393,-0.83350915,0.24867967,0.15764193,0.14893323,-0.24596547,-0.08705725,0.47085476,-0.5312314,-0.3092082,-0.22888601,0.404798,0.5353849,0.2979078,0.19874965,-0.467253,-0.186688,0.3644231,-0.5927608,0.13512394,0.21519142,-0.9638779,0.09361534,-0.08170315,-0.3285688,0.14337973,0.48081997,-0.36933702,-0.034509785,-0.38149586,-0.040166434,0.30853656,-0.28240263,-0.1477235,0.397534,-0.10680851,0.22360535,0.12168981,-0.02059954,0.3392513,-0.6382591,0.2476151,0.036442053,0.17775927,-0.045291983,-0.40382484,-0.2839958,-0.12524119,0.7014952,0.5384823,-0.6233951,0.6606384,-0.092219524,-0.05473462,0.3266121,0.290328,0.50842965,-0.026034983,-0.064606056,0.2310949,-0.13324466,-0.055866864,-0.051723976,0.033403024,-0.7960491,0.55670506,0.32053888,0.3902043,0.31471568,0.5990354,0.9300797,0.31955552,0.86797667,0.094033,-0.10863201,0.3666193,0.4046982,0.45669797,0.17398518,-0.49858147,0.31452256,-0.47717124
-0.4505894,0.8531414,-0.184888,-0.11453246,0.5986136,-0.4533476,0.29616156,0.8826749,-0.83252615,-0.15422168,-0.076948285,-1.0302585,0.04289353,0.26336005,-0.086528875,-0.5243808,-0.09390853,-0.6052524,-0.11964356,-0.6689023,0.20577474,-0.24308793,0.44546062,-0.5206185,-0.5147092,0.5181208,-0.34310365,-0.26420444,-0.19837959,0.20715897,1.284639,0.45797828,0.0342163,-0.07409043,-0.37961295,0.1597101,-0.24600764,-0.14644328,0.052062448,-0.9406599,0.52218956,-0.092478976,-0.31786984,-0.45452532,0.3012623,-0.20340987,-0.09681402,-0.28461033,0.4395327,-0.17903689,-0.0989172,-0.14677337,0.53229386,0.08988396,-0.04351149,-0.13320628,0.39873675,0.37241438,-0.68851805,0.46961346,0.5377759,0.17803733,0.00065631076,-0.26267785,-0.18604352,-0.11038772,0.83918965,0.51829153,-0.52193254,1.1038007,-0.21611997,-0.35217002,0.21141367,0.5977431,0.23089544,-0.17413568,0.01242148,0.14045902,-0.0023481536,-0.31343776,-0.2407495,-0.24942,-0.82947433,0.7148666,-0.271144,-0.041171197,0.5559793,0.24506852,1.149705,0.29320297,1.0644991,0.056585405,-0.37865728,-0.012408861,0.7535697,0.87999684,0.057248253,-0.89087975,0.30043986,0.065395415
-0.14967881,0.6391877,0.26898485,0.20059437,0.34551755,-0.4508503,0.5242443,0.6721182,-0.08956458,0.18560773,0.60405153,-0.81562114,-0.04239926,-0.21529163,0.23546618,0.38672492,-0.120509855,-0.038014058,0.046832863,-0.2769349,-0.15784562,-0.0732435,0.17962001,-0.6511707,-0.30807924,0.14566384,-0.18523268,-0.24599823,-0.4135506,-0.16811803,0.26391968,0.6498079,0.07735474,0.3293465,-0.7803833,0.29680032,0.32726955,-0.5579062,-0.4846587,-0.12420745,0.45300624,-0.34253326,0.35039333,-0.6280194,0.12663388,-0.24590565,-0.4277365,-0.10574703,0.2703911,0.35864064,0.19152075,-0.44135752,-0.02744326,0.6065678,-0.42983598,0.30078948,0.6092282,-0.35411006,-0.38641647,-0.041239794,0.048381127,-0.24044847,-0.03171368,-0.28411,-0.7965238,0.5589743,0.10749679,0.12205624,0.010625294,0.3937133,-0.5629182,0.15400435,0.5448746,0.050540242,-0.0009515421,-0.095078565,0.39215544,-0.23686457,-0.40208825,0.5056002,0.49788454,-0.0035532604,0.15337305,0.22710352,-0.31735504,-0.060924526,-0.58179337,0.5145071,0.21407543,0.18154468,0.31116128,0.5659551,-0.31141397,-0.20677337,0.634114,0.805026,-0.3372531,0.025506396,0.15259741,0.28878313
-0.35728958,0.51173735,0.056079444,0.13304174,0.4919898,-0.34340262,0.40486744,0.53965044,-0.6901267,-0.0017115215,-0.019878909,-0.58906597,-0.02949794,0.0914693,-0.042572573,-0.15756898,-0.044317313,-0.21559618,-0.03297286,-0.4255231,0.066641785,-0.03332185,0.31469586,-0.37093714,-0.37075955,0.20778958,-0.22721064,-0.20255983,-0.16260275,0.16235833,0.8152473,0.36069283,0.16046526,0.12852192,-0.36852115,-0.032989893,0.15096857,-0.18716405,0.078028046,-0.70840913,0.2400884,-0.10181467,-0.3138499,-0.28640413,0.14421852,-0.10716661,-0.19659609,-0.18829724,0.14670883,-0.25890347,0.08924437,-0.285111,0.32304332,-0.08898196,-0.13242245,0.23032756,0.2289302,-0.015675176,-0.5814593,0.3911305,0.41097602,-0.035263587,-0.072966285,-0.16237074,-0.33556744,-0.139703,0.31268474,0.19380523,-0.3795141,0.700383,-0.3611406,-0.23398063,0.38092223,0.28051123,0.059816405,-0.10586782,0.03545042,-0.05739131,-0.15892687,-0.4148695,0.090307355,-0.25518134,-0.6236686,0.49467844,-0.10032578,-0.17395753,0.25684294,0.29862416,0.591062,0.27284324,0.88437825,0.2979952,-0.19467573,0.05384749,0.7720346,0.7621871,0.047728073,-0.2867275,0.30264458,-0.1615531
-0.24422884,0.50175,-0.044801585,0.03830482,0.40084738,-0.3814055,0.2556528,0.5333371,-0.43630385,-0.109517045,0.12514836,-0.64842314,-0.0012720592,0.05578057,0.0020183297,-0.13788448,0.06834641,-0.2780558,0.11328289,-0.54234284,0.06795904,-0.15489607,0.31516236,-0.3585292,-0.28846183,0.292966,-0.28978336,-0.16147195,-0.13254479,0.0961848,0.75520205,0.32395345,0.07467934,0.081318475,-0.3244799,0.119653925,-0.048683286,-0.25172582,-0.079528086,-0.6363355,0.3776709,-0.16758105,-0.15140015,-0.40321973,0.116329804,-0.14568993,-0.2096231,-0.2794397,0.18319209,0.01784194,0.015888803,-0.16394478,0.23240095,0.10990568,-0.20917928,0.15240258,0.25881308,0.18089703,-0.5095127,0.27987936,0.27983698,0.021851249,-0.027115041,-0.14725739,-0.22262621,-0.00039928654,0.32414702,0.17278408,-0.2561068,0.6956437,-0.2448706,-0.017918501,0.3201578,0.29207462,0.12089315,0.004853767,0.114119545,-0.04285981,-0.1737203,-0.1292527,-0.03334478,-0.10389501,-0.45830834,0.42662507,-0.30042052,-0.0580608,0.12519182,0.22217296,0.53051096,0.21933569,0.60424024,0.10159598,-0.34907737,-0.06036526,0.5975675,0.73344594,-0.024738625,-0.40470102,0.10505119,0.17957145
-0.50679076,0.47045946,-0.077343926,-0.116635844,0.45758104,-0.34336513,0.28369853,0.5247649,-0.55335176,-0.10847306,-0.09829123,-0.5325211,0.0761248,-0.1309085,0.11025278,-0.21575603,-0.018916864,-0.55839545,-0.1613786,-0.5090602,0.1628165,-0.07495558,0.11192377,-0.5080894,-0.29650164,0.49117884,-0.21641436,-0.33900404,-0.26222152,-0.02639104,0.63757247,0.3051642,0.06802109,-0.2129189,-0.39319095,0.14993726,-0.34881637,-0.058042865,-0.019765079,-0.4594957,0.41084108,-0.13471459,-0.2450392,-0.22927096,0.14159182,-0.25917572,-0.2635051,-0.2880764,0.25270835,0.02231567,-0.30565804,-0.19683245,0.35806063,0.017458558,0.13068488,-0.17479362,0.17361745,0.34671503,-0.6093935,0.44037956,0.3921567,-0.15470672,0.11254982,-0.31824702,-0.25887465,0.019058336,0.8860688,0.26776165,-0.29276115,0.70991033,-0.2315042,-0.04923847,0.083107054,0.2010696,0.44246584,-0.15319906,0.022242215,0.16055657,-0.14968069,-0.032461863,-0.059172332,0.081220284,-0.6443026,0.52888006,-0.089314006,0.02834681,0.4656187,0.36147252,0.85316885,0.04672172,0.70771027,0.20585367,-0.006575136,0.12906203,0.3733772,0.5361534,-0.024410922,-0.5540794,0.4628281,-0.10048258
-0.37659264,0.68225574,-0.10518702,-0.08159125,0.5520244,-0.32595855,0.17747577,0.7377817,-0.6213291,-0.098807216,-0.05181184,-0.83201545,0.04009077,0.22927491,-0.07371964,-0.37406382,-0.16687827,-0.4826467,0.006830492,-0.5902337,0.2910524,-0.08508496,0.2862244,-0.47236413,-0.25698915,0.42086977,-0.25184992,-0.36225352,-0.32827693,0.10344088,0.82759476,0.41585165,0.05657675,-0.2256311,-0.3160615,0.28505617,-0.38706255,-0.08253057,-0.08873331,-0.68669236,0.42381755,-0.14749804,-0.12200499,-0.2805122,0.18049754,-0.16258131,-0.14393052,-0.22676142,0.40726608,0.017239109,-0.020107534,-0.16963924,0.36833763,0.12399507,0.027091423,-0.183307,0.32251582,0.35213062,-0.6163534,0.30569023,0.34222227,0.17870267,0.1225543,-0.14322941,-0.15171446,-0.022968745,0.9291629,0.6020116,-0.3682899,0.75760543,-0.17841814,-0.23127972,0.2755486,0.35523883,0.31208476,-0.15857676,0.04761759,0.0601678,0.033797316,-0.0028831118,-0.27407613,-0.13918899,-0.69687396,0.49866813,-0.079204105,0.055985857,0.49181363,0.36156416,1.030521,0.23522823,0.87836283,0.24067387,-0.22481824,0.28082812,0.37931517,0.69299173,0.010187228,-0.55198586,0.37329617,0.11023573
-0.76387364,0.221559,0.05772236,0.2666875,0.35030767,-0.45172724,0.16914341,0.42832515,-0.52081436,0.03191229,-0.44815883,-0.16837594,0.0024333198,-0.39924732,0.43454924,0.012976791,0.2579573,-0.6216502,-0.09705896,-0.9388091,0.39375445,0.24027477,0.20302771,-0.518802,-0.25505945,0.8313529,-0.63672143,-0.54378223,-0.3744472,0.24058078,0.71170646,0.58466357,0.15098314,-0.5474239,-0.41353622,0.4331627,-0.79872906,0.25800616,0.047477502,-0.99874026,0.37112215,-0.14551549,-0.3445843,0.29031402,0.29705235,-0.5095642,-0.2892454,-0.43321568,0.130804,0.24073623,-0.55811065,-0.2127827,0.7017433,-0.03145228,0.40757665,-0.04714024,0.08161874,0.38166648,-0.89232963,0.41418678,0.13644262,0.013888917,0.038344383,-0.78139174,-0.47253588,-0.05707625,1.317511,0.6529409,-0.7143095,0.7815656,-0.21454692,-0.04994931,0.3444683,0.43374476,0.7430915,-0.011242366,0.10950552,0.26663974,-0.38468832,-0.03782328,0.022083316,0.41090897,-0.80495816,0.6038874,0.2963056,0.4419385,0.4436776,0.8855759,1.4075801,0.10231071,1.2882339,0.4039836,0.056962423,0.587017,0.35702068,0.751665,0.110938035,-0.60502785,0.6340995,-0.4953452
-0.2290549,0.44915742,-0.018349063,-0.10183714,0.2121094,-0.67028224,0.62740177,0.8205963,-0.07796414,0.16160576,0.7555123,-0.76722777,-0.068520196,-0.3704458,0.28845254,0.4870129,0.17417136,-0.29858255,0.16057421,-0.7599931,-0.17009486,-0.34476566,0.20421073,-0.7613009,-0.6462106,0.281869,-0.22496936,-0.35614267,-0.469048,-0.25370336,0.8204674,0.7667249,-0.04609725,0.39255673,-0.690692,0.26010802,0.25427085,-1.0235448,-0.7081159,-0.34616068,0.48976347,-0.6720964,0.2948184,-0.8063857,0.3202552,-0.266151,-0.8216688,-0.44156832,0.4393193,0.25278413,0.027033458,-0.2650583,-0.0018911107,0.5025067,-0.5275212,0.5091459,0.34826493,-0.15159377,-0.60542357,0.24898346,0.03421092,-0.48149213,0.018255174,-0.4960949,-0.8512123,0.6152925,0.39054897,-0.1956195,-0.026773592,0.6547853,-0.6769102,0.33339235,0.37856916,0.039430983,0.233217,-0.045357533,0.7781562,-0.38158354,-0.7038897,0.7335498,0.38191646,0.2576166,0.2529611,0.53356266,-0.57278806,-0.21782063,-0.8596815,0.4442448,0.29857677,-0.06856304,0.42557654,0.52380264,-0.16931646,-0.362694,0.7235876,0.95154536,-0.26657683,-0.374592,0.012373301,0.6993782
-0.35828832,0.556945,-0.08316427,-0.14742704,0.46748784,-0.30000573,0.37045243,0.6313597,-0.7619491,-0.17774571,-0.1968351,-0.7335365,0.08910492,0.18746403,-0.11143941,-0.4380394,-0.07917903,-0.39282435,-0.08526772,-0.51127744,0.13431647,-0.18545942,0.28089997,-0.43647254,-0.52630025,0.36370382,-0.17032924,-0.3403999,-0.14999309,0.12911348,1.1154772,0.35888633,0.05749216,-0.012443793,-0.32705817,0.09008155,-0.25046965,-0.13025331,0.07015668,-0.78027993,0.49840167,-0.08791388,-0.35523736,-0.35352167,0.24748492,-0.19701451,-0.092224754,-0.28362745,0.26916423,-0.25633302,-0.083786346,-0.097721934,0.4649386,0.010295687,-0.036687337,0.024657115,0.2726426,0.33924314,-0.67321014,0.43794405,0.58045095,0.0020335838,0.020953393,-0.23337466,-0.24074803,-0.17649293,0.706129,0.23199907,-0.51667464,1.023787,-0.15084939,-0.28289187,0.20997444,0.45839372,0.31401685,-0.16412008,-0.005204916,0.20847712,-0.06171199,-0.38885134,-0.25831556,-0.24435456,-0.80598676,0.6488121,-0.1631538,-0.09399787,0.49910498,0.2080963,1.0535849,0.24669433,1.0252923,0.15251714,-0.18478358,0.037395224,0.58811915,0.6566791,0.040651977,-0.7452844,0.26680928,-0.056803796
-0.36580557,0.46690294,-0.003417739,0.3402698,0.5747704,-0.4310358,0.23768672,0.58413357,-0.22895792,0.25800633,0.5066972,-0.5568035,-0.06607476,-1.03626935e-05,0.046253916,0.16033253,-0.0016264574,-0.07142635,0.15522514,-0.5679706,0.11939883,-0.11071105,0.3732961,-0.50931126,-0.27503318,0.27109542,-0.32853603,0.0032145977,-0.2562395,0.100624084,0.44724438,0.48498672,0.12225576,0.014570748,-0.3670701,0.036901798,0.24608043,-0.16187443,0.046936195,-0.5369896,0.36408567,-0.3599895,-0.053932857,-0.37049875,0.3217314,-0.23560497,0.00378822,-0.23141675,0.2891344,0.13489985,0.046066176,-0.33701706,0.20829675,0.3273005,-0.20201442,0.116015606,0.30273432,0.012919322,-0.41512823,0.18996061,0.10862131,0.21580681,0.08001916,-0.22692743,-0.15174112,0.07319005,0.3318138,0.37272018,-0.13072674,0.40875128,-0.5558188,-0.2985997,0.41917863,0.2430543,0.12358301,-0.057615466,0.13533828,-0.07609449,-0.092727326,0.0073512876,0.3430731,-0.19849896,-0.33629304,0.26437026,-0.0313855,-0.11082212,-0.024343712,0.44369772,0.3050559,0.3568556,0.4388252,0.25818455,-0.27663913,0.06486233,0.65565175,0.7740258,-0.027404685,-0.0036923417,0.19964029,0.11772837
-0.48178312,0.5511889,0.06964105,0.02139112,0.57838446,-0.38544315,0.29857233,0.80684334,-0.65853345,-0.11105337,-0.051964797,-0.8274396,0.017720932,0.11822508,0.17906642,-0.27833322,-0.38277367,-0.45773035,-0.11063854,-0.32895297,0.14492258,0.024267009,0.40412852,-0.4778392,-0.4379711,0.44006804,-0.27708375,-0.3040401,-0.116561964,0.058311876,0.86600333,0.37137341,0.075372756,0.07125169,-0.5217649,0.22485825,-0.15537019,0.009383389,-0.09857963,-0.70465505,0.5663691,-0.269097,-0.23049071,-0.10095872,0.09089566,-0.25551334,-0.10364555,-0.041985698,0.33923882,-0.120732956,-0.06539117,-0.19147007,0.5922057,0.20183577,0.0028379601,-0.12035726,0.5002964,-0.048535142,-0.53696615,0.23583595,0.37039512,0.13537939,0.0028926176,-0.5572117,-0.38350525,0.003933549,0.58535707,0.42478582,-0.5457712,0.75878865,-0.25230715,-0.17773025,0.36914724,0.47678208,0.23275635,0.038558014,-0.008132979,0.015765686,-0.26636183,-0.2531032,0.044372816,0.01623456,-0.53334415,0.45994547,-0.21567039,-0.047995698,0.25856584,0.41213948,0.84119374,-0.011770861,0.8849222,0.3593953,-0.17495513,0.16442332,0.58842725,0.9082691,-0.08759122,-0.5688605,0.46081224,-0.13032538
-0.21420006,0.18136716,-0.027569529,-0.13334379,-0.056774676,-0.104816936,0.15349145,0.4486292,-0.4152388,-0.28497726,-0.3319016,-0.31905222,0.01213457,0.083505735,-0.11661656,-0.37109882,0.07289575,-0.4731876,-0.25728327,-0.35493428,-0.00020683705,-0.10955165,0.08455579,-0.09367948,-0.12569599,0.00430576,-0.15586564,-0.3427927,-0.11759801,0.1997675,0.5838195,0.14370933,0.03875884,-0.20262253,-0.13072392,0.20119143,-0.20233297,-0.3594044,0.014421999,-0.51159203,-0.057911098,0.020556288,-0.26558542,-0.09861536,0.3015437,-0.05635757,-0.19386446,-0.11318743,-0.008044621,-0.079035506,-0.054776527,0.058571212,0.019807367,-0.16902265,0.041876722,0.0626128,-0.03202932,0.10091654,-0.31976473,0.39680296,0.24880485,-0.2147812,-0.20637897,-0.14260548,-0.38672644,-0.057107083,0.40439147,0.16139725,-0.51290935,0.6170172,-0.016628578,0.0644607,-0.107636645,-0.005342445,0.14997019,-0.22058623,0.019517612,0.11849649,-0.11494436,-0.028926712,-0.31831867,-0.15546328,-0.38371703,0.6329726,0.0031305938,0.19293487,0.24341115,0.20580056,0.7240742,0.16289023,0.5705225,-0.011028545,-0.024585351,0.027488714,0.29488844,0.13247946,-0.024000542,-0.61944073,0.21916416,-0.2890381
-0.7270532,0.16479455,0.041947633,0.25370407,0.30999717,-0.48274046,0.1617198,0.45857587,-0.43126053,-0.028431786,-0.39051357,-0.041021287,-0.037660882,-0.43959972,0.36523873,-0.0054384302,0.37127417,-0.6055857,0.08045656,-0.955671,0.31652957,0.26349247,0.16826655,-0.46488476,-0.14697915,0.8079769,-0.61924934,-0.5031774,-0.31264162,0.26849645,0.7118938,0.42801756,0.18531401,-0.48913437,-0.32666942,0.4523378,-0.8874986,0.30351928,0.11385706,-1.0301107,0.3624965,-0.21427187,-0.33425006,0.23686631,0.29037204,-0.488529,-0.28442398,-0.50092846,-0.018411713,0.31142938,-0.5223162,-0.18330795,0.63464963,-0.106414646,0.32572624,-0.037109017,0.016625077,0.48626983,-0.8571909,0.31929305,0.16350096,0.04705174,0.07702889,-0.6856397,-0.4150995,-0.03464131,1.1516659,0.6099093,-0.64360243,0.77310973,-0.15799922,0.07017415,0.45306778,0.40282604,0.7289038,0.0876397,0.038234904,0.20700401,-0.3864945,-0.040701076,0.013585995,0.3297254,-0.921745,0.63170016,0.26557288,0.4414858,0.4107299,0.83830374,1.3044312,0.10846174,1.1722765,0.33485878,-0.030594204,0.5874743,0.4717393,0.7456532,0.1340365,-0.58110493,0.5634864,-0.44991717
-0.31085953,0.27878082,-0.09895334,-0.11493222,0.3138796,-0.33585897,0.15276212,0.5584726,-0.39465842,-0.10647254,-0.13301596,-0.4208647,-0.030258596,0.06754745,-0.02735424,-0.38405928,0.0053541777,-0.48947245,-0.054749124,-0.50903904,0.14299148,0.023371993,0.24389076,-0.27192116,-0.13796325,0.30641362,-0.18780178,-0.1603062,-0.039053407,0.17117074,0.71185875,0.11737642,0.04133887,-0.14625579,-0.17045635,0.1527612,-0.24384409,0.09569304,0.15977547,-0.5830975,0.17653579,-0.2300195,-0.2620269,-0.061149105,0.22252809,-0.1998346,0.017657014,-0.16341783,0.13694476,-0.05545705,-0.11634867,-0.06421085,0.34675947,-0.15146948,0.045395933,-0.118007906,0.1130666,0.27443048,-0.34874615,0.3144646,0.39389434,0.09899829,0.07192962,-0.2118459,-0.0887376,-0.06647102,0.4507681,0.44370815,-0.41275766,0.60893303,-0.12220439,-0.13955684,0.23381312,0.21073356,0.23326693,0.015192987,-0.064490534,0.084678285,-0.04439308,-0.21562521,-0.11510427,-0.11946625,-0.7460605,0.515169,-0.0063928086,-0.02826947,0.3986605,0.3024541,0.63240963,0.088486746,0.6360725,0.061042547,-0.07420613,0.18153286,0.579733,0.48654562,0.18482317,-0.50949645,0.34644,-0.22229686
-0.20602089,0.5674045,0.08153596,0.100253455,0.37239087,-0.54383904,0.6178721,0.6988051,-0.21643429,0.28908116,0.600113,-0.8201517,-0.09498322,-0.15186203,0.11967958,0.33841455,0.087677285,-0.20429893,0.0886041,-0.5682876,-0.16677228,-0.3203439,0.1475389,-0.76200104,-0.4276016,0.29639784,-0.16289666,-0.24495,-0.46931648,-0.18815766,0.7539254,0.7082222,-0.037196144,0.26284036,-0.6469938,0.1704709,0.31460324,-0.76905924,-0.5047052,-0.27145144,0.44365188,-0.5545486,0.2915638,-0.7497025,0.30651236,-0.30829152,-0.55910635,-0.43513906,0.42601508,0.22130685,0.012049124,-0.35343286,0.09086674,0.506973,-0.4787444,0.45624998,0.3810795,-0.08643335,-0.5111985,0.22305107,0.21888198,-0.40475208,0.19352542,-0.29903305,-0.67934465,0.4326749,0.33103284,0.05203322,0.019295083,0.67320687,-0.60900086,0.19590192,0.48286125,0.122502804,0.2643498,-0.1773106,0.7156603,-0.2112733,-0.36539137,0.49225533,0.35236982,-0.0014220801,0.01639229,0.40227032,-0.38330308,-0.26857817,-0.52862835,0.42875898,0.4061321,0.22436315,0.4303094,0.505217,-0.14971697,-0.27307928,0.7919523,0.971771,-0.22972876,-0.06857235,0.09700096,0.6382065
-0.091229305,0.5442789,0.122990325,-0.05780483,0.5534394,-0.2128325,0.33119875,0.62095296,-0.71121657,-0.19562303,-0.1486724,-0.90997523,0.020483255,0.44539338,-0.14927235,-0.281687,-0.27962378,-0.23734874,-0.058333144,-0.32937583,0.051115967,-0.2310852,0.3172454,-0.2938023,-0.22446641,0.07119128,-0.11044238,-0.2799888,-0.15334179,0.09226484,0.75452816,0.3270976,-0.031730708,-0.0454794,-0.30733874,0.24711019,0.14551069,-0.25972912,-0.13983864,-0.59496415,0.2469224,-0.08182083,-0.15262015,-0.26636028,0.15042214,-0.076706536,-0.1510085,-0.06438796,0.30002335,-0.16583379,0.2529129,-0.09000922,0.22997293,0.07276805,-0.22334829,0.119949594,0.26128194,0.018968021,-0.45021644,0.36040333,0.49271256,-0.09360202,0.037843723,0.0069785225,-0.2824402,-0.17355767,0.37819985,0.25469804,-0.52074015,0.7391899,-0.19059204,-0.1144176,0.34188706,0.1852659,0.004770441,-0.18233706,0.14912069,0.010719881,-0.024616268,-0.28861555,-0.24454461,-0.25059378,-0.5021273,0.3515842,-0.2387321,-0.20897077,0.42708826,0.3277053,0.6914915,0.38788414,0.8528192,0.3352195,-0.18419361,0.13318868,0.55837923,0.63919985,-0.013821736,-0.3998827,0.1635365,0.1136698
-0.3371273,0.6532151,-0.10388956,-0.17264491,0.553776,-0.34872103,0.33384845,0.73590803,-0.72474307,-0.15119836,-0.10436984,-0.8320691,0.07605904,0.27777007,-0.16144991,-0.49361858,-0.11259335,-0.38034195,-0.040546015,-0.53357595,0.15503958,-0.19070995,0.26857203,-0.423872,-0.4711442,0.3239833,-0.18444034,-0.3109087,-0.20706122,0.107699454,1.107702,0.3823724,0.012114523,-0.029547215,-0.34211865,0.10667155,-0.20432694,-0.14248809,0.01967283,-0.7186712,0.47523078,-0.06484697,-0.28380802,-0.41595012,0.22430284,-0.1518031,-0.11055298,-0.24945441,0.3802437,-0.22011666,0.031088853,-0.12075404,0.39630705,0.047705177,-0.07050464,-0.052384235,0.3187394,0.34528822,-0.64448094,0.42215824,0.5350059,0.054996185,0.065020785,-0.13105161,-0.20622365,-0.13841945,0.70511425,0.32557154,-0.45349783,0.95764524,-0.190905,-0.30071682,0.21758766,0.40390453,0.24222998,-0.1491181,0.00052641035,0.1342624,-0.07327594,-0.30909878,-0.28071886,-0.24541402,-0.7594665,0.60238457,-0.21953006,-0.11942595,0.5105258,0.19364972,1.0204188,0.26245683,0.98576087,0.16893406,-0.2232801,0.052990437,0.5786089,0.6449398,0.045614075,-0.7142407,0.28016603,0.055690385
-0.44198406,0.7034038,-0.15228312,-0.021760033,0.73683554,-0.44180238,0.264972,0.8293164,-0.48426363,0.038537726,0.060184892,-0.86523974,0.002715352,0.28032163,-0.0736952,-0.37933546,-0.0631782,-0.455441,-0.15331973,-0.67866707,0.27960062,-0.12161605,0.3437517,-0.5010825,-0.34908038,0.40006813,-0.3507895,-0.21943839,-0.31822854,0.16154361,0.9330232,0.5149818,-0.058086686,-0.317531,-0.46733373,0.19465671,-0.053393498,-0.13082846,0.057799514,-0.5874034,0.32424924,-0.074455276,-0.17893483,-0.4347879,0.28580976,-0.23014142,-0.055769756,-0.17496593,0.582803,-0.040267285,-0.021306835,-0.27629307,0.3838432,0.11380028,-0.053154375,-0.1855328,0.36107108,0.23483637,-0.5246494,0.5310648,0.37244654,0.104557075,0.07820368,-0.13476938,-0.2248618,-0.07217832,0.85887426,0.6652372,-0.38477626,0.7197885,-0.46283084,-0.40322357,0.07456288,0.28534925,0.23920642,-0.21309097,0.07905762,0.18808255,-0.059574824,-0.06351447,-0.04599252,-0.078847565,-0.58805215,0.5161008,-0.100985125,-0.02514571,0.53176033,0.3421981,0.9680424,0.2901555,0.8815203,0.15784703,-0.17447798,0.04924623,0.547375,0.63859737,0.04510959,-0.58654785,0.40867603,0.048245523
-0.44045752,0.19360067,0.08441371,0.22865714,0.49308035,-0.39091912,0.21831013,0.43778697,-0.3554948,0.08425706,0.06873661,-0.18196422,-0.07445505,0.016668614,-0.012789338,-0.14213206,0.06525808,-0.17730334,0.2270583,-0.5213777,0.060369875,0.19114256,0.25120294,-0.21099797,-0.052691218,0.28111523,-0.28958598,-0.07869569,-0.07988436,0.25137696,0.6234156,0.12409504,0.19296299,-0.037145358,-0.23609124,0.026448347,-0.061796132,0.15691301,0.3113429,-0.7265498,0.09563906,-0.29054305,-0.34439254,-0.05084664,0.2276214,-0.20034935,0.023780607,-0.1620255,-0.011056002,-0.005789853,0.037189454,-0.2632501,0.31987113,-0.14206052,-0.12478864,0.1770671,0.055337902,0.13815257,-0.4557865,0.28764823,0.29285896,0.1582825,0.07930512,-0.1615839,-0.19228664,-0.24363047,0.09543018,0.3400391,-0.2831454,0.5145364,-0.37147328,-0.108841136,0.5145805,0.14092436,0.16870552,0.19176546,-0.110011764,-0.067329265,-0.15900637,-0.3525507,0.26695132,-0.21737514,-0.73641676,0.30366722,0.09680504,-0.08927936,0.20231314,0.35690656,0.35884494,0.29459703,0.6178086,0.2363338,-0.16786402,0.27469453,0.6970231,0.6601828,0.1806038,-0.076910324,0.31232694,-0.18182759
-0.29158533,0.53475505,0.0748614,0.07223474,0.27671212,-0.70448625,0.63686216,0.6712942,-0.10636413,0.2278452,0.6563023,-0.6822304,-0.109477304,-0.37826955,0.25524682,0.47998208,0.22152844,-0.30230406,0.12890728,-0.70863456,-0.14126898,-0.2831711,0.1294827,-0.81007326,-0.4525954,0.45642707,-0.24347396,-0.23597747,-0.4893746,-0.20085007,0.7177821,0.7402668,-0.049133457,0.25942734,-0.69628716,0.22946993,0.20307131,-0.7943142,-0.5641044,-0.3266269,0.50138056,-0.59896594,0.34082964,-0.81127703,0.3499808,-0.40437028,-0.7421631,-0.5623822,0.45120165,0.34304008,-0.0438313,-0.3928751,0.13878366,0.48905697,-0.4492734,0.5126119,0.32611963,-0.04367801,-0.53649586,0.14507255,0.06587488,-0.44639122,0.19239832,-0.38350353,-0.7458103,0.55696785,0.38308448,-0.0019418381,0.12926829,0.61431795,-0.616781,0.31899646,0.48524246,0.17098086,0.2709845,-0.061386608,0.7511067,-0.32418,-0.5183966,0.65756583,0.47252437,0.22898163,0.13139763,0.4015473,-0.4574645,-0.22488584,-0.641505,0.48211262,0.3239628,0.047693785,0.31480882,0.47693408,-0.14342469,-0.4194322,0.8428259,1.0494376,-0.20791174,-0.16969424,0.07068342,0.66678405
-0.27114534,0.19938532,-0.11238659,-0.04606443,0.36894497,-0.33426368,0.34037113,0.5397762,-0.31470716,0.073625736,0.04385862,-0.37957346,-0.11467067,0.037833348,-0.08286556,-0.12055376,0.12333414,-0.26794887,-0.111864924,-0.52152413,-0.0121783,-0.08243748,0.08761578,-0.3660734,-0.29156473,0.077019766,-0.1969158,-0.14054054,-0.21250258,0.008771493,0.7011181,0.34609535,-0.07055162,-0.09276803,-0.31833535,-0.046968184,0.21774755,-0.32228845,0.07546827,-0.33809376,0.04235826,-0.17071034,-0.20198654,-0.3578118,0.35152066,-0.20510904,-0.15635732,-0.14838772,0.24430527,-0.124658264,0.014625816,-0.1958314,0.13746467,-0.03599381,-0.14405128,0.18401685,0.050316755,0.08436232,-0.32710522,0.5590423,0.38707054,-0.24200353,0.06356415,-0.13182579,-0.27526176,-0.071931735,0.3265774,0.114878245,-0.25546077,0.5610012,-0.41393968,-0.18120347,0.049894877,-0.06293481,0.18294835,-0.22106713,0.19833262,0.06167672,-0.23610656,-0.1172934,0.13138697,-0.108748704,-0.41153166,0.52657956,0.00048666046,-0.16346233,0.2019147,0.24365894,0.4530804,0.17911245,0.56554663,0.15838477,0.16676427,-0.03263385,0.5875334,0.3004829,0.0807097,-0.31274545,0.26504728,-0.031931106
-0.4814056,0.36554495,-0.09721057,-0.04156365,0.33186245,-0.3724741,0.47522306,0.4839006,-0.37618744,0.016725607,0.04585177,-0.35014105,0.011346919,-0.23750037,0.045483246,-0.13331279,0.2175418,-0.4297878,-0.23548639,-0.5374096,0.03499949,-0.16062792,0.118812956,-0.52241015,-0.49784482,0.3655014,-0.18705085,-0.2447073,-0.20554689,0.06713405,0.7762476,0.38672876,0.044159517,-0.13823321,-0.40378103,0.020190638,-0.041333757,-0.24787834,0.058829688,-0.44765073,0.30556652,-0.1494449,-0.28193358,-0.4479112,0.35760048,-0.31270963,-0.18830967,-0.34996986,0.19988286,-0.064151675,-0.2729734,-0.26751813,0.2623372,-0.030079287,-0.026170198,0.11362437,0.10915679,0.23601845,-0.56330705,0.52910084,0.41614926,-0.266042,-0.011575015,-0.33323035,-0.371708,-0.00051226094,0.644411,0.10128078,-0.3252817,0.77867794,-0.38014686,-0.16938262,0.011967044,0.17078832,0.38776073,-0.25642562,0.1023312,0.2394224,-0.2030627,-0.054952525,0.09162849,-0.07749642,-0.61809194,0.70672077,-0.03500906,-0.03760657,0.23074648,0.29431725,0.7586063,0.13151038,0.6972104,0.098667234,-0.03780286,-0.16224399,0.6080767,0.414235,-0.011900098,-0.5781257,0.3346714,-0.22639458
-0.3098614,0.37058792,-0.1350706,-0.00035607815,0.39644966,-0.44765386,0.46134207,0.5767977,-0.20612556,-0.025128273,0.08950543,-0.3142219,-0.10870108,-0.17172204,0.015428052,-0.011814204,0.38778993,-0.38832033,-0.08381904,-0.5785503,0.009786751,-0.11470179,0.034319952,-0.5041775,-0.2663271,0.26090398,-0.2839227,-0.14615342,-0.25153163,0.025851749,0.6809654,0.33621514,-0.14081012,-0.10829398,-0.41679794,0.06420705,0.07531065,-0.36514816,-0.026167365,-0.23470998,0.17161056,-0.14661528,-0.033845846,-0.5630281,0.24235398,-0.26985028,-0.33770117,-0.38986644,0.18568678,0.029419096,-0.10103715,-0.31146288,0.1476884,-0.115268104,-0.12281937,0.07471222,0.04656373,0.1569905,-0.4220496,0.46402624,0.3850651,-0.35984403,0.03454293,-0.11991294,-0.3461817,0.11100686,0.52430546,0.09486491,-0.092756175,0.5570455,-0.4187988,-0.045801762,0.07903845,-0.0013249044,0.1932992,-0.21779771,0.19850783,0.053903475,-0.2786319,0.021136217,0.16247305,0.013694245,-0.5300504,0.7090805,-0.101002455,-0.01831148,0.25364926,0.28699934,0.53687894,0.08503144,0.5097463,0.14227095,-0.0070578335,-0.16905826,0.70764595,0.43271688,-0.05813926,-0.36894295,0.32034943,-0.012914135
-0.47705963,0.43440711,-0.08790938,0.046908606,0.4852889,-0.39207843,0.45192066,0.564879,-0.3595548,0.0016921908,0.03008621,-0.3795731,-0.08172246,-0.09675548,0.013265274,-0.096832305,0.18329732,-0.4021523,-0.15450397,-0.44834337,0.060952067,-0.11347133,0.113758326,-0.5213983,-0.3554102,0.37709984,-0.19528711,-0.21973713,-0.29061642,0.06873215,0.7331622,0.36822835,-0.10211796,-0.17504834,-0.43754208,0.08725822,-0.03158168,-0.23554395,-0.02583257,-0.30503237,0.333378,-0.1101267,-0.067191996,-0.44380665,0.23554146,-0.25242546,-0.3025262,-0.33780488,0.289717,-0.055595394,-0.17177118,-0.3008212,0.30236185,-0.045388486,-0.02227264,-0.05438781,0.13855812,0.16834144,-0.48196116,0.42200315,0.37512276,-0.22432965,0.08849916,-0.21764182,-0.34644088,0.03347931,0.67501545,0.26767033,-0.18728107,0.63077956,-0.3769351,-0.12260515,0.06390042,0.17904879,0.2881818,-0.18921967,0.15256055,0.11330981,-0.20497958,-0.050288185,0.08977035,-0.008864635,-0.53297496,0.6146671,-0.07569039,-0.02055628,0.3318319,0.27576065,0.72099024,0.10805935,0.63264817,0.21753085,-0.023950124,-0.081381865,0.5869437,0.540748,-0.06835555,-0.41067788,0.3781953,-0.030361086
-0.20654315,0.48511744,0.072541855,-0.06582993,0.16490814,-0.5584527,0.5718046,0.585647,-0.111253045,0.19696642,0.48981366,-0.6712239,-0.1765908,-0.4243082,0.31229678,0.40924084,0.10197505,-0.35046956,0.04473832,-0.5648232,-0.16319099,-0.22547181,0.120390564,-0.77981234,-0.41659644,0.41002426,-0.14868402,-0.33138946,-0.45124373,-0.24498715,0.57975036,0.674933,0.0024194529,0.27383062,-0.60582393,0.23302138,0.10707296,-0.7175885,-0.63061446,-0.25322422,0.4363507,-0.4991374,0.31799755,-0.67540234,0.20977485,-0.32187682,-0.7321306,-0.39807442,0.31277928,0.34080467,-0.16876344,-0.3352083,0.09999546,0.38667598,-0.34458712,0.43927732,0.33583173,-0.017911773,-0.47843218,0.2065262,0.19350792,-0.47414938,0.10281465,-0.43262878,-0.66083336,0.56051946,0.38184118,-0.077838,-0.031674337,0.7166315,-0.43894222,0.32654262,0.43749082,0.041404713,0.2894129,-0.16451184,0.7105689,-0.32399777,-0.4724214,0.6292867,0.3458891,0.20206083,-0.01749981,0.44316933,-0.46681738,-0.1849434,-0.5800647,0.49460992,0.3462603,-0.09023323,0.3853515,0.44749725,-0.12528977,-0.2451275,0.6409201,0.8636021,-0.23333655,-0.31861293,0.106759034,0.46024287
-0.4456059,0.33062357,0.10480694,0.21390404,0.49519637,-0.3264369,0.37197238,0.36547923,-0.36528915,0.19195214,0.15490536,-0.26979163,-0.051053744,-0.06808513,0.037084322,-0.020183679,0.09682949,-0.083860435,0.17844807,-0.47478485,0.08732969,0.080466166,0.14782457,-0.44334146,-0.23383914,0.36050823,-0.18629934,-0.26919594,-0.28583166,0.13896954,0.64477974,0.406434,0.12978052,-0.04633807,-0.36665672,0.04418478,-0.2314935,-0.071400665,0.004854296,-0.52373856,0.4068241,-0.3309771,-0.12832333,-0.25064626,0.17746292,-0.17365338,-0.15758686,-0.3889241,0.12197488,0.0032164305,-0.09195096,-0.43482628,0.31982732,0.094897844,-0.050392933,0.20468281,0.1428587,0.19294463,-0.6127494,0.1763635,0.28945106,0.042558424,0.11453998,-0.20383058,-0.3361117,-0.026099833,0.4844257,0.28640515,-0.19262005,0.6315179,-0.40587372,-0.14353964,0.50202876,0.23846279,0.31515533,0.025487479,0.09598296,-0.052178342,-0.10408943,-0.092018776,0.2155669,-0.18747106,-0.5811971,0.35428086,0.1288158,-0.038671877,0.027789457,0.30677444,0.57044303,0.26312664,0.71326506,0.37890816,-0.17894104,0.24780777,0.4711332,0.67782766,-0.0042476547,-0.037020154,0.2941112,0.024428321
-0.5229555,0.6484509,-0.110466234,-0.007656008,0.5490179,-0.43314373,0.55715585,0.8855008,-0.6475627,0.1147317,0.10960035,-0.80614364,-0.010644857,0.2882756,-0.20954742,-0.40515432,0.074484736,-0.31239474,-0.07137769,-0.5361568,0.13011056,-0.22376806,0.3968611,-0.5940293,-0.5324128,0.39802885,-0.15428613,-0.2385779,-0.32209697,0.16591606,1.2584722,0.69805586,-0.10667726,0.015032705,-0.4264799,-0.07478666,-0.0529692,-0.35350972,-0.008218224,-0.6369449,0.5074488,-0.19853109,-0.12503222,-0.6329887,0.31247175,-0.20642596,-0.104238614,-0.31432986,0.48559263,-0.42053708,0.019453542,-0.29050514,0.41270074,0.1326468,-0.05185023,-0.02434194,0.28042376,0.16682333,-0.5482816,0.35903195,0.61697406,0.017234035,0.030034032,-0.16987735,-0.29024914,-0.04084741,0.77027863,0.45476517,-0.36653268,0.9656804,-0.4014885,-0.5234143,0.19190192,0.5468305,0.033002354,-0.20508946,0.13862649,-0.022400357,-2.8043985e-05,-0.24862695,0.03748794,-0.3631254,-0.6364088,0.7863897,-0.06892287,-0.13132615,0.35131085,0.19775347,1.0175935,0.34117416,1.0056703,0.19584306,-0.22638342,-0.046420105,0.79727924,0.62286067,-0.019684123,-0.6229468,0.33467034,0.10455111
-0.3213188,0.50507045,-0.03559181,0.10109541,0.41295058,-0.6907767,0.8515084,0.70247805,-0.15718424,0.20768066,0.66996,-0.59615433,-0.20903249,-0.35661536,0.15739958,0.45143682,0.43273473,-0.24916077,0.20926574,-0.7724458,-0.25552282,-0.3838262,0.048398606,-0.8859742,-0.51488185,0.502415,-0.18711954,-0.29616362,-0.5185323,-0.2068827,1.0248314,0.6919974,-0.06366945,0.24840623,-0.6798333,0.08622533,0.20637539,-0.9147901,-0.47107378,-0.35066423,0.59989804,-0.57762104,0.24548525,-1.0509586,0.38939995,-0.40286645,-0.7219436,-0.75435054,0.34814382,0.23498349,-0.1361118,-0.4777552,0.095305815,0.4102423,-0.5520879,0.56945807,0.23354653,0.10785417,-0.6670049,0.32685822,0.36396822,-0.5700244,0.22312711,-0.30775827,-0.74704254,0.4783019,0.43434817,-0.20102876,0.15881738,0.91781354,-0.6239909,0.3355362,0.49134997,0.13116962,0.4009352,-0.13816465,0.76474476,-0.25080264,-0.53906536,0.50001526,0.4448232,0.0051334575,-0.19026576,0.6170978,-0.47169963,-0.26885644,-0.4705725,0.35957307,0.4380801,0.15865679,0.40954176,0.44756588,-0.15324885,-0.40505788,1.0015699,1.0213338,-0.24058625,-0.16835617,0.04558532,0.7812432
-0.42023385,0.38617656,0.08230076,0.0037231876,0.41894805,-0.46205854,0.35506204,0.5825579,-0.31712043,0.0797483,0.21421978,-0.6425381,-0.037999045,-0.26707318,0.28428787,0.10216726,-0.081386015,-0.43124282,-0.12154329,-0.4397678,0.07698204,-0.09631713,0.21365012,-0.5860457,-0.35678756,0.45020565,-0.20148778,-0.2865423,-0.29783332,-0.14252089,0.4458796,0.45625544,0.043971922,0.0010976973,-0.5483501,0.18574607,-0.016546233,-0.20387751,-0.34180257,-0.25328758,0.4785649,-0.38314444,0.029489093,-0.21637113,0.03304965,-0.27713954,-0.43871474,-0.22030014,0.33896244,0.11740702,-0.2633784,-0.2741159,0.28943315,0.23337708,-0.03781881,-0.08241698,0.28084242,-0.00070387457,-0.45328534,0.24966536,0.15750504,-0.22234719,0.06063251,-0.51307654,-0.41939196,0.33110884,0.65204334,0.2664028,-0.23789065,0.47954756,-0.42312402,0.12290946,0.23072213,0.122221604,0.33209282,0.00603179,0.25403288,-0.0737535,-0.399697,0.22797376,0.21389662,0.3325642,-0.21993162,0.36800516,-0.32482135,-0.120576054,-0.033883147,0.44662774,0.45383173,-0.1451608,0.5180593,0.3710566,-0.052363485,0.02033997,0.47858396,0.7278324,-0.12566113,-0.339616,0.39772794,0.023206647
-0.38558245,0.2474069,0.13647352,0.0488714,0.2627355,-0.4329894,0.36171868,0.45344853,-0.2084073,0.124051504,0.15454315,-0.33786738,-0.06930489,-0.3532648,0.16094382,0.0065610744,0.10378289,-0.36412942,-0.0016738316,-0.55639887,-0.03050428,0.03870937,0.1498238,-0.4868418,-0.23366462,0.36020568,-0.18565984,-0.16992545,-0.21444315,0.07310618,0.4912635,0.38492218,0.12936233,0.033010915,-0.40023473,0.059274554,-0.063599914,-0.19995718,-0.10796956,-0.47193453,0.23281856,-0.45328698,-0.08446422,-0.25600323,0.32312533,-0.31148538,-0.26205745,-0.26738283,0.08878965,0.15818071,-0.20406143,-0.35040048,0.2539592,0.028284209,-0.07253664,0.24045771,0.060704086,0.1010726,-0.43818137,0.24312882,0.27604833,-0.1313393,0.062423497,-0.38602868,-0.35743222,0.12297999,0.24280746,0.17475589,-0.24752022,0.63949233,-0.35854903,0.07241288,0.4222858,0.0535764,0.25091353,0.031720478,0.14763503,-0.15979828,-0.23289001,0.077838205,0.37921056,-0.046585273,-0.49176052,0.4765381,-0.10675464,-0.15466605,-0.14416344,0.3484768,0.2779502,0.012543912,0.46310392,0.24148242,-0.10431094,-0.000511532,0.6641829,0.56126547,0.01883214,-0.28539827,0.25834402,-0.14424433
-0.19844945,0.50098705,-0.16028497,-0.16036034,0.472131,-0.4626566,0.2818552,0.6977303,-0.4871999,-0.06244417,-0.04612723,-0.69955254,0.05297135,0.15162063,-0.06637199,-0.40940812,0.15885246,-0.5055813,-0.014385584,-0.78994054,0.21711683,-0.22294281,0.28559697,-0.506578,-0.19640978,0.4533796,-0.25778165,-0.10050937,-0.0764273,0.16282298,0.94932884,0.33873975,-0.01659354,-0.15553851,-0.18912561,0.14909807,-0.2650775,-0.012256782,0.11196067,-0.69736415,0.43215236,-0.39368436,-0.2117088,-0.32116732,0.29968292,-0.28151172,0.02971702,-0.45564756,0.29488456,-0.03001605,-0.17781037,-0.1442699,0.4253354,-0.005067941,0.0036721874,-0.05983911,0.17565052,0.48699662,-0.45362678,0.3165383,0.54021865,0.10541695,0.15184318,-0.14689875,0.049102757,0.0017780861,0.6873434,0.43009925,-0.3977921,0.8286717,-0.21196963,-0.20725729,0.31665292,0.40369764,0.29380193,-0.06346189,0.06719232,0.13536532,0.09248262,-0.19785826,-0.16561024,-0.10148001,-0.8680782,0.6122587,-0.18650573,-0.14849806,0.521698,0.2933214,0.76084477,0.16558722,0.7318508,-0.030142749,-0.21303172,0.020037415,0.79753846,0.6861071,0.17703652,-0.67329854,0.28239945,0.013106744
-0.4241176,0.6640909,-0.0946682,-0.044401407,0.6609142,-0.35468072,0.3403057,0.79306966,-0.63683313,-0.05792677,-0.05455055,-0.8532976,0.021746151,0.34366977,-0.15592934,-0.4144969,-0.11103246,-0.39471158,-0.14551856,-0.5373929,0.24591985,-0.22678159,0.32976085,-0.51434094,-0.48302165,0.37629163,-0.21085416,-0.29871166,-0.32201496,0.16858505,1.070056,0.5287677,-0.11076865,-0.2353859,-0.39384606,0.22289701,-0.116481096,-0.23192401,-0.05632136,-0.6541764,0.46424696,-0.09109687,-0.13542198,-0.442718,0.3430159,-0.21471609,-0.13312282,-0.23749818,0.566824,-0.17191304,0.02621305,-0.20470628,0.44691464,0.13678797,-0.06619464,-0.11600349,0.32798535,0.22947071,-0.5720111,0.41412804,0.41879645,0.077998206,0.11355528,-0.18699537,-0.2586397,-0.11339429,0.9051708,0.55534536,-0.4581913,0.84796274,-0.32298246,-0.4008373,0.08665815,0.42898217,0.2572316,-0.20991072,0.11210067,0.17971438,-0.044719037,-0.14460939,-0.20606504,-0.14293575,-0.5722783,0.56080854,-0.15832792,-0.058571197,0.5187129,0.22648066,1.0667964,0.27736387,0.9632103,0.18472429,-0.17580254,0.012062546,0.5296891,0.6878245,-0.016414406,-0.6770707,0.3183869,0.12035148
-0.80169106,0.2677037,0.04364049,0.26999804,0.37808576,-0.47718856,0.16515388,0.47424194,-0.57998806,0.013225608,-0.45968032,-0.22529905,0.022445714,-0.40649542,0.45443916,0.014175954,0.2794079,-0.689567,-0.1275569,-1.0008792,0.42770025,0.21008503,0.2287762,-0.55143297,-0.2656685,0.848123,-0.69141465,-0.57836264,-0.39538583,0.26524875,0.74635893,0.63191706,0.14081475,-0.5839527,-0.44355893,0.45399484,-0.7972975,0.20949787,0.036347438,-1.0413768,0.3640349,-0.17181326,-0.35954392,0.2951854,0.3138965,-0.51212484,-0.33993432,-0.45983088,0.16268684,0.23064403,-0.57062453,-0.21428157,0.7141096,-0.047819633,0.4261322,-0.06394259,0.07946388,0.3780769,-0.9352937,0.46012723,0.12145561,0.0007782926,0.016863571,-0.8046978,-0.4938588,-0.048383344,1.4111485,0.68674713,-0.75736266,0.8031412,-0.25719044,-0.063043974,0.31771967,0.43718803,0.7626302,-0.048306406,0.11880493,0.2714174,-0.37977076,-0.023851207,0.02334477,0.42611775,-0.82451767,0.6669216,0.31032136,0.45853445,0.4681938,0.9291491,1.4608344,0.115650624,1.3474125,0.413293,0.050806433,0.59343076,0.37684977,0.802628,0.113402344,-0.6443376,0.6759785,-0.51764816
-0.34141013,0.40006658,-0.15184781,0.19608113,0.073143035,-0.31478727,-0.03872184,0.3516541,-0.15676692,-0.006364421,-0.20117752,-0.014325764,0.14797391,-0.2480388,0.13194239,-0.0664542,0.3959813,-0.3893898,-0.11734181,-0.82456154,0.39013824,0.13285616,0.20742077,-0.22547875,-0.21228768,0.2875017,-0.70908076,-0.054752424,-0.121465005,0.44585758,0.41805056,0.42274463,0.14415978,-0.30221575,-0.20902653,0.21902649,-0.23551136,0.047812145,0.3334449,-0.82317394,-0.090206295,-0.021894034,-0.28540125,0.032120235,0.5499604,-0.29200923,0.059865296,-0.22717258,0.10767944,0.13475573,-0.030465506,-0.17784385,0.32143438,-0.18459412,0.26626143,0.090404354,0.106113896,0.066459455,-0.5270845,0.33083454,-0.13509949,0.27011287,-0.16154593,-0.27979943,-0.114860505,-0.15145127,0.61623085,0.46454933,-0.5138041,0.28794518,-0.30040133,-0.467024,0.06455821,0.28851873,0.23384438,-0.22678556,-0.16222152,0.22843835,-0.020579895,-0.10236781,0.10748179,0.046951547,-0.63031596,0.65024304,0.45974308,0.40498817,0.32388175,0.58991456,0.7397316,0.21244825,0.76315826,-0.029403707,-0.0940761,0.13817309,0.4132658,0.3359176,0.20352024,-0.58664393,0.37859216,-0.67023337
-0.32943678,0.5309071,-0.009709585,0.12491813,0.36230913,-0.71111584,0.86293894,0.70037705,-0.109606095,0.17465092,0.6932662,-0.57864547,-0.24688905,-0.41878155,0.20434974,0.50617695,0.41027722,-0.23917688,0.19909151,-0.70276165,-0.30610287,-0.3486666,0.018202862,-0.8857771,-0.4940832,0.500496,-0.16994129,-0.31076288,-0.5273273,-0.23053506,0.93462455,0.6812742,-0.031558763,0.28652886,-0.7148749,0.10525497,0.22003695,-0.9189275,-0.51624477,-0.2922914,0.63127136,-0.51483375,0.3123583,-1.0630627,0.33688736,-0.39894992,-0.7723645,-0.7237356,0.31621566,0.29561484,-0.13265836,-0.4859765,0.06843725,0.43988544,-0.5504158,0.5639196,0.27420875,0.05992696,-0.6342946,0.26289478,0.33462772,-0.59067315,0.19386367,-0.319001,-0.7893287,0.55494964,0.3915709,-0.20267226,0.20083006,0.8907701,-0.57458484,0.38810146,0.5149028,0.1224259,0.37724015,-0.11294954,0.7637219,-0.29407638,-0.5984959,0.56453454,0.46460697,0.0580955,-0.12604198,0.5876983,-0.52070004,-0.23293757,-0.53278226,0.38519475,0.3960121,0.117531896,0.35969433,0.45955864,-0.17933635,-0.4295243,1.0111618,1.0243801,-0.28421286,-0.15589255,0.043335754,0.7697009
-0.37476918,0.5948186,-0.012448412,0.020863254,0.45543587,-0.49183995,0.372997,0.5917775,-0.5167801,-0.016890574,0.15786584,-0.7267173,-0.02035577,-0.15586337,0.14335953,-0.04702892,0.00759573,-0.4026968,0.0011677486,-0.51277333,0.08310969,-0.18049404,0.2970998,-0.5809407,-0.45324412,0.5376459,-0.24037504,-0.2277251,-0.1927066,-0.0016751904,0.7584459,0.40556175,0.0986084,0.13876429,-0.4909801,0.07518155,-0.08989756,-0.117905594,-0.1430639,-0.54539955,0.5977324,-0.28588682,-0.099377595,-0.36149198,0.08480768,-0.2584467,-0.3433935,-0.3589694,0.27804276,-0.018620536,-0.22533205,-0.23678197,0.39478347,0.15860024,-0.09433309,-0.036031388,0.34331036,0.16628034,-0.5962097,0.24636252,0.34761825,-0.065916725,0.056178108,-0.3926007,-0.27061427,0.17995232,0.57642686,0.22594596,-0.28791538,0.76307714,-0.29253042,-0.025781536,0.37458542,0.38006562,0.2758657,-0.017967021,0.1411401,-0.03697807,-0.23503242,-0.10307968,0.09455422,0.010867414,-0.56825745,0.49824333,-0.33674914,-0.1826582,0.15036851,0.36618888,0.62252676,0.06099899,0.7139881,0.2928511,-0.27255672,-0.022056714,0.6900782,0.8863673,-0.028824879,-0.46340215,0.28666028,0.06825245
-0.12959753,-0.18435545,0.30061144,0.058425214,-0.2659804,-0.4680958,0.04109233,0.27985412,0.531993,0.09024964,0.3242769,0.21900941,-0.1894249,-0.6199999,0.12760398,0.04935289,0.26444432,-0.20872173,0.35382447,-0.5952969,-0.07711591,0.455251,-0.0018839879,-0.2495818,0.28159812,0.13581629,-0.08526534,0.07402183,-0.046810556,0.30653098,-0.11741003,0.07084473,0.259459,0.10769152,-0.107671216,0.29034656,-0.28587145,0.05953751,-0.052655566,-0.4772108,-0.073524766,-0.73301965,0.24251863,-0.063175775,0.6146323,-0.34220046,0.016035074,-0.14373104,-0.34736744,0.6884803,0.044745762,-0.37984523,-0.0057416684,-0.12770042,-0.12462735,0.4451453,-0.11957437,0.10502883,-0.0412018,-0.31133106,-0.023125058,0.28557938,0.10260892,-0.24862565,-0.1534229,0.33561954,-0.48310906,0.3336826,-0.13958529,0.29586574,-0.070657656,0.16366501,0.85813755,-0.19375165,0.076989934,0.38806823,-0.06871237,-0.459685,-0.07767619,0.4288583,0.5544325,-0.27537557,-0.5515604,0.35396108,0.18120444,-0.0014247766,-0.6058836,0.37374738,-0.4163187,-0.06419585,-0.11666066,0.06425411,-0.2804058,0.10251575,0.71668583,0.15330382,0.1858193,-0.06813763,-0.00062487595,-0.42216524
-0.18319337,-0.13102417,0.29431134,-0.017494312,-0.15669157,-0.39067215,0.14145862,0.2617645,0.49187356,0.021903027,0.24172954,0.24548705,-0.16691811,-0.6529018,0.061914228,-0.04154911,0.24292901,-0.23733024,0.27709812,-0.68373746,0.0049801446,0.40955162,-0.05147487,-0.32019424,0.19514701,0.19744416,0.03241435,-0.035901792,-0.13257237,0.3062374,-0.17119004,0.042139135,0.34969538,-0.23293917,-0.08958265,0.3685637,-0.45323855,0.1354454,0.023555335,-0.51670086,0.053954385,-0.58566976,0.12301952,-0.13375905,0.6321099,-0.38929355,0.10605271,-0.22660458,-0.26990262,0.75391185,-0.06713155,-0.512872,-0.008002408,-0.14783138,-0.008332143,0.35305005,-0.12400299,0.34124312,-0.18266454,-0.25960428,-0.010971809,0.30917183,0.11936641,-0.19788772,-0.08495883,0.2917871,-0.11156915,0.44197863,-0.22998235,0.35905373,-0.063104704,0.12888089,0.7284634,-0.15727828,0.33358407,0.29636216,-0.18915349,-0.233215,-0.032505702,0.5018116,0.34656066,-0.20171766,-0.76524806,0.38395196,0.21805242,0.07842553,-0.29840702,0.40730304,-0.17788363,-0.053121217,-0.05542011,0.04131828,-0.23172852,0.14733776,0.553877,0.064560674,0.15066138,-0.22785231,0.121636964,-0.5661055
-0.43710968,-0.28496373,0.3660803,0.07895806,-0.08426711,-0.5451547,0.4564618,0.5994326,0.5678056,-0.26536828,0.16566257,0.61265016,-0.30780497,-0.6895216,-0.12340968,-0.119314425,0.22871438,-0.11398589,0.52370673,-0.61633044,-0.3886198,0.83226514,-0.16073333,-0.21629915,0.22363886,0.28161916,0.19455004,-0.09766591,-0.36285827,0.2817955,0.16906008,-0.45563933,0.4816261,-0.17112184,-0.19613314,0.49568886,-0.86278915,0.15400307,0.38717517,-0.7963461,0.23787403,-0.38889578,-0.22262333,-0.40416297,0.7715874,-0.5189996,0.18555257,-0.25119594,-0.54343766,0.8945722,0.036524035,-0.6810463,0.012091847,-0.19222373,-0.15505594,0.38617846,-0.15459642,0.44637984,-0.34483448,-0.41726926,0.04475875,0.40332234,0.17553417,-0.20394708,-0.5375965,0.3356757,-0.42986128,0.30265677,0.016360724,0.49737793,0.012387777,0.48747766,0.9472603,-0.06164319,0.39361873,0.7415876,-0.5987722,-0.26073402,-0.53105706,0.30637202,0.414643,-0.27752265,-0.8685853,0.45531437,0.10428517,0.3532925,-0.0938385,0.27727544,0.02049156,-0.12834595,-0.21697825,0.16204958,-0.04656849,0.18983497,0.89152056,0.103172764,0.0703736,-0.25167316,0.07266394,-0.46180642
-0.40649217,-0.40459508,0.28655463,-0.2351764,-0.21249203,-0.46271163,0.40653166,0.4745999,0.46211797,-0.34516698,0.24415138,0.5257286,-0.29732543,-0.8410487,-0.09617796,-0.20535941,0.24700871,-0.28414458,0.64313424,-0.7963588,-0.33084333,0.6686033,-0.19429654,-0.19702318,0.089614734,0.25065538,0.3617699,-0.34113747,-0.31259137,0.175312,0.26842898,-0.4788917,0.6137868,-0.17474636,-0.07410805,0.41972026,-1.0238874,0.056545805,0.1846129,-0.8563674,0.3008119,-0.57630295,-0.2895495,-0.3386943,0.62628496,-0.36478177,0.05925255,-0.3557789,-0.58972955,0.85423833,-0.10862495,-0.5525631,-0.11784581,-0.2547507,-0.12271283,0.3816858,-0.28499365,0.73387253,-0.5627754,-0.31949437,0.12644067,0.32635835,0.15977655,-0.18606749,-0.41443294,0.36300272,-0.2067472,0.17664297,-0.11916922,0.80345964,0.13187845,0.59628284,0.9682689,-0.18473248,0.5663524,0.7270164,-0.5676142,-0.34796584,-0.46655273,0.45099074,0.15788695,-0.41104874,-1.1318676,0.61213565,0.09139583,0.20751107,-0.24338356,0.19453992,-0.029885475,-0.1626974,-0.09525199,0.22330669,-0.05233865,0.40122357,0.6258104,0.013553185,0.14914756,-0.42923513,0.027494356,-0.40794578
-0.429478,-0.30873355,0.32589144,0.009807575,-0.1339907,-0.5532616,0.4981014,0.47589716,0.514609,-0.28853458,0.22311722,0.5829864,-0.36143154,-0.85233796,-0.08731837,-0.12091282,0.384091,-0.20325926,0.663005,-0.7550844,-0.41941658,0.6997531,-0.20270821,-0.27780616,0.23793557,0.36497232,0.25050953,-0.24541163,-0.36923662,0.23344961,0.2661397,-0.4692205,0.59073967,-0.14568,-0.15706213,0.3672993,-0.97084206,0.10494738,0.27666816,-0.82765335,0.3382617,-0.54102135,-0.23537625,-0.45220292,0.65664804,-0.46019918,0.07104749,-0.48036867,-0.64776593,0.8941629,-0.1426135,-0.691189,-0.09186403,-0.23104902,-0.17130396,0.41550738,-0.26360413,0.6601747,-0.5065816,-0.3553991,0.20087002,0.32662106,0.20313372,-0.13399418,-0.47668457,0.40093753,-0.34229085,0.22809544,-0.011664084,0.8002041,0.08859457,0.6608682,1.1045369,-0.14011922,0.5265792,0.75661886,-0.52995574,-0.35184607,-0.47655582,0.35373586,0.33780444,-0.4444728,-1.1493475,0.5718362,0.091585174,0.19818394,-0.16848092,0.24492384,-0.045753818,-0.054352306,-0.14628695,0.2074909,-0.1363148,0.33152106,0.88948685,0.11799851,0.15006657,-0.20116928,0.021056807,-0.3588528
-0.42401,-0.24187413,0.39565268,0.024570806,-0.062480308,-0.5426298,0.5862163,0.5454773,0.64336866,-0.35954455,0.2675947,0.60779417,-0.3450997,-0.9086321,-0.1093879,-0.11520004,0.40066233,-0.18038255,0.6144619,-0.76245177,-0.39452222,0.7462127,-0.22760773,-0.32016176,0.2569346,0.3406467,0.28005263,-0.23221198,-0.445704,0.31646582,0.13379073,-0.4885085,0.5683697,-0.30096626,-0.23952852,0.56293863,-1.0010387,0.06337854,0.28516078,-0.8307114,0.37707606,-0.48672733,-0.15287568,-0.6136927,0.8036031,-0.5528524,0.16934,-0.47324154,-0.6396194,1.0845606,-0.06696337,-0.86820406,-0.14211404,-0.22934936,-0.19070083,0.3917751,-0.21207017,0.6237761,-0.5029683,-0.47703943,0.13624269,0.39863822,0.17382212,-0.10801793,-0.5519829,0.486123,-0.27674556,0.28807533,-0.007852801,0.7317772,0.04166977,0.61877275,1.0822157,-0.1453298,0.5341354,0.734572,-0.6524258,-0.26012948,-0.44331005,0.49762738,0.3886672,-0.4663372,-1.165063,0.6226777,0.12152128,0.38739336,-0.109294936,0.25897437,-0.03330535,-0.049500052,-0.24307112,0.17842855,-0.20907737,0.22879559,0.9222128,0.044769622,0.015917039,-0.2801578,0.025280248,-0.4874388
-0.3402028,-0.26695594,0.3239453,0.018575938,-0.10835364,-0.5220708,0.5192222,0.43391973,0.52564675,-0.18458614,0.22370619,0.5272062,-0.34576476,-0.7407817,-0.106957085,-0.100851126,0.34407306,-0.12477035,0.5947859,-0.7104316,-0.39638135,0.68313384,-0.19944654,-0.27941874,0.22585057,0.31357107,0.2546678,-0.17951065,-0.3953224,0.18237992,0.24295507,-0.3768811,0.5218305,-0.14430174,-0.15367828,0.33423,-0.83051676,0.036635775,0.234473,-0.73909277,0.28136548,-0.50294995,-0.16991802,-0.47918615,0.65430725,-0.47051698,0.09256777,-0.44495085,-0.51435256,0.8479437,-0.07068575,-0.6989566,-0.08857768,-0.18303607,-0.20877697,0.47436216,-0.2190299,0.5772657,-0.43530938,-0.3420655,0.18512823,0.28909498,0.22505909,-0.09658292,-0.44968927,0.37793615,-0.34020373,0.20441833,0.03406066,0.68544364,0.03277086,0.57427555,1.0388855,-0.12478277,0.47726423,0.653836,-0.436573,-0.33165696,-0.4211437,0.38588008,0.34910053,-0.37475184,-1.007517,0.49516895,0.075719,0.17163728,-0.17384821,0.24500774,-0.055401202,-0.05124669,-0.16582957,0.21214579,-0.07425716,0.26022694,0.8482447,0.11165888,0.13593541,-0.15018351,0.009739383,-0.2825861
-0.43596274,-0.385391,0.40838608,0.13870597,0.030058734,-0.62031543,0.6617861,0.64735126,0.8618652,-0.3000968,0.34610274,0.7832903,-0.37160927,-0.78322875,-0.20060712,-0.1372512,0.4866833,-0.014140748,0.6768611,-0.8708898,-0.44853523,0.9771031,-0.18988143,-0.23757441,0.3373012,0.27366948,0.2505855,-0.08152881,-0.49203238,0.43050754,0.269294,-0.5853661,0.5762585,-0.35979804,-0.23803943,0.5915945,-0.95525384,0.07345292,0.55699825,-0.9718523,0.28898823,-0.4865543,-0.29444778,-0.69356346,0.9736467,-0.6515434,0.40474927,-0.45011982,-0.6641395,1.1423259,0.08821188,-0.9966544,-0.1361392,-0.2443067,-0.28587255,0.521468,-0.21885696,0.591251,-0.4475533,-0.4863053,0.08433288,0.56110966,0.17021993,-0.043614693,-0.66742265,0.4232845,-0.47681358,0.37139043,0.051527288,0.6395112,-0.11156419,0.53007245,1.1218786,-0.12855074,0.45671442,0.9008891,-0.79006755,-0.20690298,-0.555192,0.42676485,0.5272794,-0.45617956,-1.1317153,0.56957644,0.18224846,0.5056843,-0.07493523,0.2530564,-0.0725667,0.047524825,-0.3365412,0.14094663,-0.13276273,0.21437891,1.1255307,-0.0036912197,0.095246464,-0.22551332,-0.006119988,-0.50498176
-0.4832974,-0.49419537,0.5442251,0.030373001,-0.11464963,-0.64048374,0.5896309,0.5849185,0.7485584,-0.29468918,0.19365864,0.7460487,-0.4574739,-0.8697156,-0.13369372,-0.21574524,0.2050395,-0.13128197,0.7062503,-0.8397671,-0.49339628,1.0879862,-0.2587745,-0.26595473,0.388116,0.3145854,0.42161092,-0.25111416,-0.53880274,0.2662101,0.12303156,-0.5677188,0.7112154,-0.3651545,-0.17801864,0.55932057,-1.1332467,0.17022869,0.35940006,-0.9502638,0.30107886,-0.5562701,-0.26626784,-0.41588718,0.8805834,-0.60398734,0.22971494,-0.3441402,-0.6636608,1.1708748,0.0035065054,-0.93107545,-0.08660709,-0.21058795,-0.15959866,0.56937987,-0.29113108,0.71849334,-0.47654802,-0.51630676,0.09782045,0.49457473,0.2732566,-0.17376025,-0.6179751,0.43748766,-0.49175277,0.46742922,-0.026893124,0.75507694,0.09383352,0.73141944,1.3180836,-0.2246001,0.5997203,0.9741799,-0.67856055,-0.42791218,-0.61766046,0.53424346,0.40821847,-0.37751573,-1.1838436,0.44373137,0.16480295,0.2789552,-0.15192914,0.38315082,-0.09424697,-0.11111826,-0.2939095,0.3084506,0.029936712,0.4558896,0.92589474,0.020543117,0.21549828,-0.16873308,0.11740704,-0.51666766
-0.44427022,-0.3070217,0.35509053,0.04237534,-0.03235136,-0.5543171,0.5703263,0.54469585,0.5708935,-0.3082977,0.22681262,0.6110454,-0.34304902,-0.75179297,-0.16233425,-0.14508079,0.34512144,-0.114885114,0.6611204,-0.7032937,-0.4298468,0.77691436,-0.21060596,-0.27212146,0.24518174,0.36293566,0.28976825,-0.2247375,-0.4560136,0.22506164,0.26784,-0.498088,0.5334173,-0.21430913,-0.18009205,0.46833307,-0.9999759,0.103845045,0.3237343,-0.8216009,0.384118,-0.45026895,-0.21476418,-0.53257436,0.7180717,-0.5065836,0.14442219,-0.46019182,-0.5973105,0.9309578,-0.03254959,-0.7466183,-0.07608353,-0.21332242,-0.22556248,0.39435357,-0.23250999,0.6572189,-0.4870388,-0.4082001,0.19381285,0.36958483,0.24336095,-0.085678235,-0.53881204,0.38418925,-0.32468426,0.25249395,0.0682214,0.71189666,0.044046316,0.62156695,1.0677587,-0.113534756,0.51950574,0.79080194,-0.5874375,-0.29254067,-0.51952577,0.386553,0.3361884,-0.39769936,-1.0911708,0.51187277,0.06278153,0.28648204,-0.058937814,0.22776574,0.032997504,-0.06376463,-0.17751254,0.20336223,-0.11691756,0.30833408,0.8994985,0.08021543,0.08288505,-0.18467025,0.009800021,-0.31063306
-0.39701617,-0.40688792,0.4440768,0.021896355,-0.03305717,-0.5492236,0.5234644,0.56467766,0.6244455,-0.26692283,0.15634345,0.6374338,-0.35171565,-0.63353753,-0.20198245,-0.23293713,0.16282947,-0.038049627,0.66022533,-0.7153768,-0.39932147,0.9392345,-0.22593416,-0.22869939,0.3335166,0.2783387,0.3675392,-0.20501846,-0.48685583,0.22551616,0.15913077,-0.49169192,0.5609837,-0.28876355,-0.13366908,0.5102926,-1.0430751,0.17491104,0.33951414,-0.81450975,0.32303995,-0.45075879,-0.21726343,-0.39241514,0.7457723,-0.5101366,0.22493216,-0.31073308,-0.5475408,0.9705951,0.07900067,-0.78519905,-0.03862581,-0.1917358,-0.18183717,0.459827,-0.23766764,0.6696956,-0.42108944,-0.46278974,0.13188717,0.4556198,0.27883065,-0.080164395,-0.49487114,0.332766,-0.39351436,0.39704657,0.024647357,0.6155669,0.07019464,0.5814113,1.1234355,-0.16760902,0.52022743,0.85653126,-0.6062733,-0.33199006,-0.51465946,0.4160093,0.3009678,-0.3250207,-1.0460813,0.3617488,0.109938726,0.2540975,-0.032109592,0.2949383,0.016776873,-0.09281953,-0.21431297,0.24991316,0.0034949838,0.40773058,0.7908976,0.0034582152,0.16390347,-0.15095516,0.08846969,-0.37496403
-0.55558115,-0.43345767,0.34353763,-0.18634067,-0.11717179,-0.6774458,0.49919406,0.62360585,0.6699334,-0.35820144,0.43333912,0.667148,-0.28673676,-1.020312,-0.09417247,-0.100761995,0.32571036,-0.22131412,0.8276794,-1.0001911,-0.37118465,0.8753733,-0.22686705,-0.34244305,0.018418547,0.4142953,0.3518384,-0.33615372,-0.5482153,0.19874036,0.33919662,-0.5009722,0.65745807,-0.15149058,-0.19242427,0.51740354,-1.2471877,0.08256109,0.22029883,-1.032979,0.47655013,-0.68154013,-0.318785,-0.5210113,0.83726233,-0.5427312,0.042143125,-0.51447034,-0.5505848,1.050245,-0.058052965,-0.7610508,-0.06802866,-0.19863182,-0.17780402,0.4460663,-0.3047485,0.82597125,-0.71408683,-0.47164783,-0.0064798743,0.46746176,0.31205788,-0.27036166,-0.5859539,0.5248164,-0.18131778,0.23668568,0.030836541,0.79179573,0.026485674,0.65724325,1.1700261,-0.15486592,0.6623274,1.0022914,-0.6738945,-0.4524204,-0.7556919,0.5775016,0.35431483,-0.33529782,-1.1359915,0.607275,0.047172815,0.25594994,-0.32424518,0.18076584,-0.055300564,-0.2568835,-0.1877624,0.29287517,-0.027554259,0.39182207,0.8267077,0.09659452,0.18960737,-0.3957279,0.006002851,-0.323065
-0.42174146,-0.29106158,0.37611267,0.005270604,-0.0075627915,-0.51738715,0.55966824,0.61505526,0.60738367,-0.3457904,0.20657541,0.6327368,-0.26906577,-0.70571595,-0.19944139,-0.20689954,0.2541466,-0.0662612,0.6063885,-0.7092333,-0.3571285,0.8593654,-0.20006043,-0.27524167,0.20949395,0.28673172,0.3065328,-0.17512603,-0.46095285,0.3049775,0.1778238,-0.48434055,0.52232116,-0.261711,-0.19051558,0.54551876,-1.03392,0.12146037,0.39096817,-0.8357801,0.3838474,-0.40933332,-0.23258536,-0.53544587,0.81307507,-0.51821464,0.25240156,-0.34552166,-0.5691201,0.9516656,0.068863,-0.8096866,-0.04202946,-0.23160006,-0.16399837,0.37900725,-0.19948256,0.6237232,-0.47887838,-0.45366392,0.11501792,0.46370122,0.20009668,-0.08448825,-0.5065417,0.35196826,-0.30705482,0.3011804,0.03159159,0.6074211,0.02280727,0.47798464,0.99689895,-0.106865294,0.47076526,0.78897667,-0.705415,-0.23851275,-0.47648087,0.35871068,0.34356248,-0.38161746,-1.0655938,0.5143317,0.10880482,0.3765905,0.0066227666,0.21856773,0.0821115,-0.100692905,-0.1995433,0.15543379,-0.1049166,0.25450024,0.8251803,-0.010287741,0.045837242,-0.29943785,0.07953557,-0.47848973
-0.38181219,-0.29905057,0.39537096,0.040000424,-0.018784372,-0.53932863,0.64494526,0.60037893,0.6853104,-0.29329422,0.25838682,0.63886815,-0.3346119,-0.7242711,-0.19949228,-0.15143223,0.3294882,-0.042984188,0.6245259,-0.7319977,-0.40689373,0.8504965,-0.20596714,-0.29372084,0.26234138,0.27778083,0.30957446,-0.15392748,-0.46825075,0.28137937,0.18890113,-0.47365907,0.5189657,-0.2826989,-0.20454861,0.5718129,-0.9474403,0.048288047,0.3711422,-0.82990855,0.35035104,-0.44809034,-0.18135335,-0.62148786,0.8336354,-0.5730972,0.2646429,-0.3861254,-0.56279045,1.0243423,0.07209489,-0.8703209,-0.104181506,-0.20623074,-0.26413834,0.46615073,-0.17221893,0.5792689,-0.41487914,-0.470218,0.13002048,0.43480933,0.19598113,-0.058775123,-0.57485825,0.4013715,-0.37229693,0.29675928,0.05959409,0.6061169,-0.037895095,0.546985,1.0419488,-0.117521696,0.48571727,0.77615,-0.6444479,-0.23757611,-0.49130166,0.47530797,0.40235025,-0.35171926,-1.0279504,0.50649387,0.07804007,0.37128994,-0.072248176,0.25556275,0.0126261925,-0.071438305,-0.26489612,0.17191434,-0.11616656,0.1988789,0.92746145,0.020350635,0.020632865,-0.24823605,0.028744329,-0.4096405
-0.09349,-0.04981862,0.34634873,-0.10485113,-0.20313805,-0.37703535,0.17392391,0.20924516,0.37807286,0.17093457,0.0022397826,0.21470532,-0.15067206,-0.5255232,-0.012063745,-0.21035185,0.15409237,-0.24656339,0.104911424,-0.71563077,0.15293333,0.5944286,-0.047157135,-0.36697996,0.1745105,0.16342348,0.08817315,0.09641388,-0.19558749,0.36644995,-0.13331282,0.2024042,0.29857704,-0.31188104,-0.022867072,0.23775777,-0.37318784,0.1837348,0.13421522,-0.55808073,-0.13857277,-0.5486659,0.065138966,-0.098932,0.78965014,-0.48685214,0.22680026,-0.14500429,-0.06923982,0.58217746,0.02558726,-0.642562,0.168106,-0.28919265,0.18511547,0.47269925,-0.116973355,0.32005545,-0.1285715,-0.2232412,0.028890442,0.3777069,0.20366326,-0.1582855,0.10245847,0.140912,-0.07976156,0.5771417,-0.29311192,0.31279147,-0.06186663,-0.21339387,0.7111943,-0.0663178,0.2408188,0.15425406,-0.23567323,-0.25560254,0.16255571,0.35303354,0.366228,-0.22542477,-0.88974094,0.43792832,0.4141918,-0.009829716,-0.09983274,0.4438083,-0.12394149,-0.10172029,0.0840662,0.054872647,0.008789783,0.12283234,0.569648,0.03406973,0.32301533,-0.3378647,0.28742793,-0.84730244
-0.06621449,-0.25942677,0.26457608,-0.032753162,-0.054906204,-0.50968283,0.5404976,0.5712695,0.79702306,-0.4327089,0.14513654,0.54154503,-0.29211584,-0.68198305,-0.13182455,-0.20506099,0.537113,0.016085923,0.75576985,-0.85090864,-0.31576887,0.8350508,-0.27082208,-0.14412846,0.4398685,0.03511028,0.078437716,-0.14138004,-0.35681778,0.26501477,0.19596389,-0.40863988,0.43044427,-0.17528012,-0.2947368,0.39229432,-0.8393346,-0.043752387,0.26339185,-0.6131839,0.24717876,-0.4573622,-0.1337018,-0.63064057,0.58929557,-0.36623758,0.22190112,-0.383778,-0.6699369,0.9185245,0.28247958,-0.8434438,-0.34662884,-0.28835067,-0.24159577,0.45996854,-0.15979049,0.5040157,-0.44139227,-0.3849451,0.16335799,0.37143734,0.054449074,0.22935747,-0.53347284,0.4140789,-0.4967149,0.21059689,0.017092671,0.6295056,0.02655609,0.54984754,1.1152151,-0.35298195,0.15031266,0.76386905,-0.7241926,-0.35318586,-0.49395725,0.36679068,0.38959128,-0.5291874,-1.1054261,0.63632053,0.22642715,0.356102,-0.03701783,0.19337004,-0.1276536,-0.03896599,-0.17539571,0.23459631,-0.17347321,0.34169477,0.8174694,-0.2177607,0.1806549,-0.12761438,0.0022606514,-0.45245117
-0.44883522,-0.07558201,0.10435,0.015012841,0.10261265,-0.44275782,0.18186651,0.44270858,0.13528274,-0.20088716,0.1271904,0.20154098,-0.2246623,-0.5517331,0.07816535,-0.069711976,0.23789695,-0.33631226,0.402897,-0.52273774,-0.07538343,0.33339953,-0.087362416,-0.31101522,0.13239744,0.4336827,-0.064677894,-0.24810511,-0.14866869,0.09786287,0.18403292,-0.1516751,0.27201852,-0.14370942,-0.18898648,0.35041174,-0.6837141,0.2584276,0.059504516,-0.4950843,0.35185692,-0.38176394,-0.016212067,-0.10233345,0.25837624,-0.3094891,-0.11751609,-0.29640478,-0.3467072,0.5474619,-0.20333496,-0.301105,0.1251844,-0.12966146,-0.032848276,-0.0024044644,-0.061760906,0.49120894,-0.35449713,-0.10718464,0.21119782,0.12833801,0.15689826,-0.27244785,-0.21734361,0.24363841,0.1464251,0.32300746,-0.099044584,0.51586586,0.019525059,0.37115029,0.62794805,-0.059505075,0.47246826,0.40442467,-0.1884605,-0.1598841,-0.3603684,0.22563702,0.1536466,-0.056534953,-0.85462993,0.41784626,0.02289503,0.15994719,0.034527786,0.37396547,0.22876927,-0.089529596,0.15578008,0.13684618,-0.19835874,0.34703153,0.5560535,0.2926473,0.029106464,-0.23482756,0.237656,-0.23630962
-0.52689165,-0.01433101,0.18855043,0.16525266,0.14670537,-0.60768247,0.38280967,0.44354966,0.19473681,0.045028668,0.34481838,0.16050105,-0.37337092,-0.61822414,0.25132835,0.13034798,0.17281796,-0.275242,0.41069958,-0.45331278,-0.19220538,0.39631593,-0.023854624,-0.45487097,0.078207046,0.59549665,-0.06225809,-0.14171767,-0.1571168,0.01920547,0.3227344,-0.043810457,0.2917938,0.014122855,-0.33934224,0.26004732,-0.4916275,0.23411442,0.030335296,-0.48750153,0.46577975,-0.5359932,0.08005703,-0.23238546,0.24774972,-0.50015515,-0.13347034,-0.35959986,-0.22598605,0.60476273,-0.27259466,-0.47274172,0.3063263,0.055521775,-0.14157535,0.19704929,0.14688645,0.3310853,-0.31274557,-0.18786654,0.23312627,0.10201413,0.22223233,-0.45467937,-0.33532166,0.3634682,0.040552124,0.3206988,-0.0037846228,0.5731283,-0.11190805,0.35471675,0.82858545,0.115936786,0.49489048,0.45459574,-0.009930245,-0.24317063,-0.42882127,0.31477392,0.45091408,0.018538475,-0.74772245,0.3437648,-0.040490653,0.078335,-0.26516372,0.47362453,0.16718756,-0.12400174,0.12656568,0.27060804,-0.21228887,0.17343909,0.815728,0.63560754,0.0037344694,-0.10851874,0.25267798,-0.090651706
-0.1566177,0.04050933,0.069875196,-0.0076449052,0.3118159,-0.50862366,0.25719538,0.51300484,0.2945364,-0.048179924,0.09898531,-0.0011303681,-0.22096437,-0.31671128,0.047954705,-0.14537092,0.31053928,-0.25311646,0.396161,-0.76445204,0.0015321545,0.4047267,-0.074755274,-0.29395592,0.4042563,0.2875171,-0.22463532,-0.09570634,-0.1893736,0.00821919,0.13222419,-0.017173568,0.18905663,-0.34536114,-0.25531355,0.29963467,-0.50302905,0.22323735,0.15807176,-0.33768895,0.15829693,-0.35945776,-0.054847915,-0.247395,0.15641107,-0.35281634,0.02283488,-0.26526102,-0.15912724,0.63946426,-0.08791826,-0.47659245,0.020655984,-0.12614046,-0.074368104,0.04815933,0.017396921,0.49090457,-0.2607567,0.083604105,0.27892968,0.059782278,0.1705785,0.026282975,-0.13406275,0.19762981,0.13145287,0.48015738,-0.059977736,0.37879923,-0.20239878,0.32244813,0.6411256,-0.20585912,0.31316411,0.30135062,-0.13967794,-0.089759864,-0.28985843,0.28547713,0.23052807,0.045363646,-0.84474784,0.31862706,0.047338765,0.112104155,0.25816128,0.48567557,0.23751535,-0.0045233318,0.18599252,0.13018812,-0.075475775,0.35797414,0.5671713,0.16718674,0.15444739,-0.12499449,0.3241029,-0.1823321
0.24903658,0.1440365,0.13333972,-0.123378836,0.14453855,-0.29206425,0.1693853,0.5809851,0.34782308,-0.25303635,-0.19034186,-0.19304994,-0.12105207,-0.0047967792,-0.19187066,-0.3473781,0.15162072,-0.13922183,0.37106016,-0.61572653,0.0672654,0.38356394,-0.11173872,-0.19261552,0.5586334,-0.04598687,-0.108155824,-0.16528629,-0.21381839,0.022980282,-0.05311209,0.009991294,0.1431164,-0.4312757,-0.12965362,0.53041536,-0.5694524,0.121275604,-0.020077582,-0.25849786,0.071120664,-0.17657639,0.068051666,-0.23165631,0.1373465,-0.23264177,0.10036366,-0.076844096,-0.18671378,0.6777243,0.22254768,-0.34960532,-0.20982985,-0.07103731,-0.10362879,0.059769094,0.07437752,0.43461165,-0.12244256,-0.07101159,0.24746239,0.110728726,0.058397006,0.27181163,-0.0708579,0.21127427,0.06653224,0.53888834,-0.19136342,0.2945403,0.052503437,0.3402604,0.59276175,-0.30543178,0.1445441,0.19166672,-0.19837141,-0.047789704,-0.14298785,0.37780073,-0.18105054,-0.022739775,-0.72933364,0.27992716,-0.02153642,0.1924884,0.43772435,0.4517664,0.34304675,0.046107914,0.16804834,0.045294702,-0.11420877,0.3904711,0.31985784,-0.13253808,0.08573923,-0.26869482,0.2180833,-0.2453608
-0.23116302,-0.029839031,0.16363034,-0.07608573,0.2822932,-0.65693057,0.4555074,0.6719757,0.5157884,-0.24330677,0.104780346,0.18293636,-0.29905647,-0.42688575,-0.043816105,-0.15301296,0.23735362,-0.10775196,0.6281832,-0.68593764,-0.17895,0.73439616,-0.18301599,-0.39492312,0.3146231,0.47566217,0.007867906,-0.2158287,-0.4464088,-0.083458595,0.2528963,-0.17217366,0.19757983,-0.20314698,-0.339858,0.5748252,-0.9554566,0.25672057,0.059889093,-0.3903033,0.51587766,-0.24454,0.08733811,-0.48163605,0.22714703,-0.45542398,-0.09249462,-0.3022338,-0.26053825,0.8394425,0.03628632,-0.5596543,0.074130796,-0.078551866,-0.2238746,0.0964675,0.07263327,0.7190173,-0.33612067,-0.21350844,0.28481615,0.1603088,0.31472087,-0.038341075,-0.3610679,0.3736843,-0.0025386512,0.42724657,0.21008267,0.48478344,-0.015946828,0.5612779,0.88098925,-0.10190278,0.41278568,0.66828513,-0.23675363,-0.22452562,-0.65400577,0.44858515,0.16702026,0.20656818,-0.81280136,0.22797173,-0.2485636,0.21770643,0.22473867,0.3931241,0.36766773,-0.29335168,0.04367258,0.2154315,-0.10477189,0.34324586,0.63057405,0.18727961,0.04553601,-0.21721047,0.21759364,0.07030967
-0.47873467,0.024716645,0.13717763,0.08393126,-0.08168182,-0.4115929,0.28134823,0.22354865,0.03855506,-0.06284852,0.11240475,0.12526776,-0.31599364,-0.6554727,0.17334116,0.14207807,0.22170982,-0.35086077,0.10192414,-0.41579342,-0.178502,0.23775384,-0.04808197,-0.29770607,-0.10027486,0.2753663,-0.019210365,-0.28883478,-0.2583601,0.11444728,0.14712565,0.043723494,0.36609492,-0.093655445,-0.24329838,0.13673419,-0.21369644,-0.033279322,-0.016501639,-0.4021496,0.054033607,-0.06474562,-0.05878244,-0.16994692,0.1871329,-0.20062728,-0.35395685,-0.22422016,-0.22073185,0.37772468,-0.23180154,-0.31156507,0.027962863,-0.17422487,-0.0055861017,0.1860271,-0.09790906,0.22623865,-0.35452884,0.11504798,0.085033715,-0.08233276,-0.080678865,-0.266824,-0.40821004,0.2538926,0.13125518,0.27996498,-0.08839205,0.5167009,-0.0640421,0.27215055,0.4443074,-0.051781576,0.30432943,0.14421193,0.015050948,-0.24881402,-0.38308275,0.24948105,0.2153461,0.009584477,-0.54039013,0.4412931,-0.0010720342,0.08212835,-0.18995152,0.37158963,0.14723201,-0.051235616,0.2593029,0.21215245,-0.108437404,0.13820274,0.54729456,0.32623315,0.051363766,-0.20313828,0.23040628,-0.32761496
0.059545476,0.026928207,0.12321145,-0.061758675,0.028443765,-0.25605664,0.14189416,0.42735738,0.18203656,-0.2022728,-0.20783773,-0.026351077,-0.110611655,-0.06626776,-0.11159514,-0.2661135,0.16464648,-0.19542119,0.27359223,-0.52143896,0.023149118,0.36624622,-0.051318984,-0.09459461,0.42171907,0.015902095,-0.11759783,-0.1439795,-0.16071112,0.10927534,0.09259602,-0.040958595,0.12697123,-0.29828712,-0.066089064,0.3930119,-0.5016122,0.09456093,0.08571501,-0.3568903,-0.034557857,-0.17680062,-0.030528435,-0.08267502,0.19982266,-0.19731697,0.055334456,-0.108698376,-0.21242608,0.47577047,0.12254325,-0.2330153,-0.05927033,-0.16485454,-0.02441605,0.087410346,-0.024458308,0.31587595,-0.15324478,-0.025905628,0.19121554,0.09141929,0.03483865,0.13133419,-0.15281884,0.09970438,0.035585053,0.41139975,-0.1985985,0.2885998,0.04380256,0.25209668,0.5058169,-0.16456792,0.12275533,0.17890434,-0.17485729,-0.06893083,-0.1199493,0.1937649,-0.07698505,-0.048926864,-0.6285272,0.29885393,0.096959464,0.20758142,0.29709086,0.38871288,0.31465778,0.044295985,0.21486256,0.07412919,-0.045288038,0.34632668,0.35611132,-0.0062256837,0.11759849,-0.23964748,0.19992456,-0.27754655
-0.17757401,-0.39358544,0.27993572,-0.014594138,-0.11311596,-0.52965415,0.38228166,0.5591743,0.5380684,-0.3008955,-0.04199398,0.51989883,-0.36693105,-0.41999337,-0.19401632,-0.30787742,0.40492314,-0.23002167,0.62785214,-0.7939234,-0.29229683,0.7370151,-0.1553334,-0.06393098,0.7146203,0.10651319,0.065790504,-0.118862346,-0.17185438,0.23013332,0.20701042,-0.49338445,0.43653908,-0.35921285,0.020021122,0.51946783,-0.88301945,0.210503,0.40453607,-0.7611182,-0.03771675,-0.5453942,-0.25265077,-0.19639479,0.5455559,-0.41362134,0.2392481,-0.2914062,-0.66888523,0.91050756,0.08933863,-0.5126237,-0.16627423,-0.38344613,-0.20103125,0.38018268,-0.29442704,0.60346955,-0.20326592,-0.2494725,0.28339303,0.2318159,0.17918174,0.12123172,-0.3470644,0.19867453,-0.40733027,0.46154264,-0.11681988,0.5314914,0.07388101,0.6535417,1.020728,-0.28692883,0.32351267,0.6848922,-0.49581036,-0.26506692,-0.32685074,0.3237376,0.15259652,-0.2581271,-1.1039615,0.44241902,0.19528285,0.25478232,0.14701372,0.44701535,0.026174372,0.053511623,-0.10513727,0.1024463,-0.014300933,0.4473505,0.8691789,0.0023142416,0.27949,-0.16558939,0.15362063,-0.41814318
-0.03069775,-0.18890987,0.40832657,-0.12856211,-0.31081963,-0.47316366,0.20889756,0.2373783,0.36099303,0.17454158,-0.10182125,0.16590537,-0.28830662,-0.5303223,0.055998214,-0.21694319,0.13106278,-0.2875536,0.3138934,-0.7658155,-0.10599857,0.6267574,-0.13525784,-0.31614992,0.5533165,0.19214813,0.07106056,-0.051296465,-0.2246512,0.11424066,-0.119882256,0.18376201,0.35193315,-0.22082736,-0.014172699,0.2569633,-0.59409404,0.11124328,-0.018448573,-0.51326865,-0.14136133,-0.7064502,0.09119233,0.010764758,0.56152034,-0.4197599,0.004769749,-0.18011601,-0.26937875,0.7364066,-0.1064269,-0.5083497,0.048148908,-0.16301735,0.078301,0.563453,-0.2286501,0.4753176,-0.09143503,-0.18596864,0.2397684,0.110448055,0.2668982,-0.13015637,-0.03344826,0.21639551,-0.29175472,0.50716543,-0.20165986,0.5041055,0.08193299,0.37960556,0.99904037,-0.2352628,0.26964116,0.3388886,0.0043434566,-0.5079038,0.008839647,0.50362957,0.3537061,-0.1074074,-0.798592,0.2736589,0.21065871,-0.13790974,-0.22158286,0.57561225,-0.15537049,-0.1101203,0.015459663,0.17677346,0.08649954,0.33293164,0.54413444,0.09439185,0.36619487,-0.14908975,0.22579071,-0.47545275
-0.015250289,-0.04133967,0.31316122,-0.27759412,-0.4435133,-0.22504736,0.2739359,-0.0032984961,0.041392613,0.14596984,-0.3335458,0.2066164,-0.24779336,-0.71177953,0.13080521,-0.29309532,0.21754245,-0.4101808,0.13329719,-0.69697267,-0.088928305,0.4887183,-0.1879279,-0.25782695,0.2943467,0.1528403,0.12308655,-0.17361723,-0.12615468,0.13735953,0.049843024,0.14825813,0.54069215,-0.21578743,-0.009144307,-0.07102463,-0.58673596,0.07779696,0.075893484,-0.5749412,-0.20377813,-0.5892363,-0.2425798,0.007039836,0.3927684,-0.30654788,0.011609639,-0.26388526,-0.35105288,0.43382052,-0.330769,-0.547646,0.019631602,-0.3451387,0.33705398,0.5443761,-0.21932566,0.4667,-0.3548149,0.015710235,0.34119353,0.009043053,0.09787122,-0.111579716,0.017730178,0.10643911,-0.074534304,0.26371995,-0.4227132,0.7947521,0.16400705,0.24733514,0.84990185,-0.14269878,0.32471812,0.03829018,-0.16763113,-0.37968144,0.18098646,0.19676156,0.21525006,-0.37744638,-1.1492532,0.6171502,0.4596478,-0.116644956,-0.11107907,0.4534198,-0.010593644,-0.06956086,0.3065783,0.22258042,0.19212554,0.3773582,0.38691655,0.030989194,0.3831747,-0.3576722,0.33892068,-0.8516062
-0.078794084,-0.47703388,0.42350334,0.04845728,-0.51675725,-0.52864575,0.37548763,0.2790469,0.6324325,-0.09579733,-0.0586933,0.67252946,-0.5998456,-0.8090472,-0.06805413,-0.19704258,0.45676932,-0.20563892,0.67751217,-0.96214736,-0.39537242,0.93197596,-0.12004742,-0.06884755,0.56951994,0.0376003,0.19811977,-0.039726764,-0.27577662,0.43837234,0.2260964,-0.41651672,0.70146215,-0.23306708,0.09927826,0.114305615,-0.7483398,0.06060279,0.43933624,-1.0413123,-0.20454302,-0.70561355,-0.31026754,-0.21487978,0.90478396,-0.4688249,0.3329262,-0.37933183,-0.7270254,0.88912576,-0.010606489,-0.7517584,-0.16100918,-0.3663498,0.024428604,0.773416,-0.3819452,0.49590373,-0.2760862,-0.4147944,0.1440312,0.5492928,0.14114393,-0.04226077,-0.26254407,0.31113726,-0.72682595,0.4483771,-0.2931047,0.8604395,0.25314575,0.46673262,1.4319267,-0.18359287,0.2194662,0.68239236,-0.5512198,-0.59298766,-0.18754035,0.2466858,0.4118287,-0.76833063,-1.3112726,0.6539243,0.5642985,0.1304926,-0.26073664,0.4195448,-0.39662835,0.100937724,-0.1495431,0.23598465,0.08716066,0.5254269,1.0265731,0.011194378,0.5656753,-0.10445128,0.005778985,-0.7524961
-0.027915219,-0.15198182,0.4000376,-0.2800178,-0.53925353,-0.3479263,0.21581367,0.06730492,0.15016146,0.13778725,-0.2981174,0.22386782,-0.26417735,-0.7395733,0.113465086,-0.3221477,0.22935346,-0.4982029,0.22962439,-0.8236494,-0.046091374,0.5765402,-0.13906759,-0.30448413,0.45327798,0.21009406,0.120509125,-0.14849715,-0.10757029,0.24049687,-0.022607123,0.16986133,0.4967069,-0.23040593,0.07065447,0.12933381,-0.7143151,0.1140606,-0.0055874744,-0.6952406,-0.22613905,-0.8264864,-0.07405962,0.09569248,0.5786339,-0.37896177,-0.005779949,-0.2907277,-0.39363256,0.62460357,-0.29418042,-0.5254392,0.0701885,-0.3961008,0.26272705,0.6199822,-0.3114887,0.5413757,-0.2536448,-0.123875596,0.32426032,0.10358996,0.18466397,-0.16762158,0.060204946,0.15725078,-0.18113814,0.41884702,-0.4560931,0.7741074,0.21617985,0.32336387,1.0331557,-0.17697349,0.3522791,0.19726692,-0.11183907,-0.50141066,0.2486713,0.3665936,0.2608794,-0.34378245,-1.1713697,0.5892172,0.4077192,-0.15372215,-0.24166466,0.54716426,-0.13048404,-0.12552784,0.21785112,0.17354783,0.059932787,0.38235527,0.5159944,0.103985235,0.44843632,-0.37025377,0.2845303,-0.8408963
-0.018435491,-0.021128787,0.47836915,-0.3492231,-0.45220277,-0.30541238,0.3402742,0.049350128,-0.13528787,0.16014498,-0.3533715,-0.003973268,-0.29657093,-0.82399464,0.21316904,-0.310358,0.090380035,-0.58534956,0.12130654,-0.8334461,-0.061002314,0.38347515,-0.22655757,-0.4214171,0.3911743,0.27080864,0.23764503,-0.26027155,-0.14107312,0.043076325,-0.1288966,0.20460923,0.60767454,-0.42090678,0.00686119,0.025890956,-0.6895353,0.05299435,-0.1067504,-0.6342929,-0.07118138,-0.8592653,-0.13583378,0.103935055,0.4230418,-0.48447177,-0.10808998,-0.41952124,-0.23434971,0.61886305,-0.5493175,-0.6430743,0.13330553,-0.22178173,0.422856,0.61347985,-0.22602658,0.5891451,-0.38948417,-0.08147416,0.39233422,-0.08102715,0.17391586,-0.2504871,0.07435752,0.2790004,0.2060911,0.41434297,-0.5776289,0.8986824,0.22532122,0.43833777,1.0396191,-0.1361702,0.6043551,0.028494937,-0.0075876513,-0.41580042,0.2708833,0.45677885,0.143954,-0.27465615,-1.3083086,0.6685671,0.397819,-0.2181537,-0.13543011,0.6972496,0.039537456,-0.11512577,0.3358737,0.33919582,0.18730552,0.45367718,0.45113838,0.22367209,0.3657863,-0.44867054,0.42063892,-0.91102153
0.06397324,-0.0726286,0.41874203,-0.35555616,-0.37260062,-0.13596182,0.26532575,0.075762205,-0.078071564,-0.025918305,-0.29791546,-0.029992485,-0.25337222,-0.48685947,0.015060328,-0.39066508,-0.030647133,-0.41277248,0.1351296,-0.6514152,-0.0011666904,0.27941483,-0.20169277,-0.2591695,0.34979796,0.017884139,0.36203042,-0.3034851,-0.119669065,0.11276623,-0.15773007,0.086297825,0.5010353,-0.4785778,0.10743729,0.18926513,-0.58809584,-0.010136031,-0.1073251,-0.5760934,-0.044231005,-0.63419086,-0.07875811,0.07912635,0.4055156,-0.2949223,0.015313188,-0.24492499,-0.18058185,0.53813314,-0.22945102,-0.5140631,-0.008714459,-0.21098018,0.29283777,0.5085756,-0.1877555,0.55613154,-0.29260334,-0.16674803,0.27881062,0.0870461,0.10467148,-0.03759144,0.10877703,0.18801193,0.1725938,0.45717153,-0.58335096,0.7404729,0.28327745,0.3056317,0.81142676,-0.1956494,0.52514017,0.047837608,-0.10342375,-0.28072676,0.31818685,0.43744326,-0.12747917,-0.36360937,-1.117553,0.51834184,0.34542575,-0.1327793,-0.028987885,0.5133914,0.06273878,0.007853991,0.24133356,0.24720494,0.07256671,0.41015682,0.21810198,0.08257482,0.29816145,-0.4211927,0.32178366,-0.7582497
0.13858914,-0.0881562,0.45941883,-0.42834622,-0.5397862,-0.1876763,0.2626783,-0.009618996,-0.098024584,0.09726243,-0.38815087,0.037535418,-0.30268785,-0.5994999,0.08953915,-0.42771864,0.06787439,-0.48906356,0.1042335,-0.81481946,-0.033227418,0.3343666,-0.23039885,-0.25316796,0.3885963,-0.036230586,0.31821787,-0.24244158,-0.08514076,0.13932988,-0.12011663,0.14538914,0.5723894,-0.5074501,0.12492804,0.017524116,-0.52419525,-0.035107333,-0.048941087,-0.6154363,-0.26977497,-0.7251668,-0.11255046,0.13492543,0.49638852,-0.3382272,0.014964315,-0.3011115,-0.17108718,0.5212976,-0.29500288,-0.5835868,-0.00027907043,-0.31217486,0.42381063,0.7018362,-0.22764452,0.54101765,-0.30735862,-0.08410872,0.3066329,0.02775636,0.07972931,-0.046192937,0.13180968,0.18143417,0.11316198,0.4972829,-0.6840108,0.81638193,0.25966734,0.2369657,0.9441956,-0.20458174,0.5088535,-0.04163356,-0.032786593,-0.3689292,0.39082748,0.44222632,-0.038128495,-0.41879272,-1.2847886,0.6765766,0.5444504,-0.19905992,-0.13850911,0.6250901,-0.024412595,0.0011474192,0.34502307,0.3149116,0.19753705,0.46597037,0.33213764,0.08639954,0.4474883,-0.46015024,0.35364354,-0.9615027
0.15606116,-0.06908237,0.35863024,-0.41201675,-0.40143368,-0.21267034,0.26069987,0.07792315,-0.13570838,0.07505066,-0.32497567,-0.08850271,-0.25111127,-0.4027529,0.024217067,-0.44647864,0.084786676,-0.48877957,0.08315315,-0.8058069,-0.0019328784,0.18879429,-0.15623097,-0.2600268,0.38255492,-0.0017238908,0.2944372,-0.19562368,-0.046244875,0.15500136,0.028073357,0.14926766,0.43809712,-0.5239704,0.15217789,0.069964625,-0.48309767,-0.037353907,-0.022565294,-0.59953743,-0.17786716,-0.73691964,-0.06967835,0.087807365,0.5243399,-0.33978647,0.10605733,-0.3694917,-0.08334655,0.46001357,-0.28239056,-0.45702207,0.045750726,-0.22272497,0.34528112,0.57355446,-0.21964635,0.57272,-0.23992287,-0.07195038,0.3649989,0.045593794,0.12551989,-0.020855315,0.14148049,0.1702918,0.2289917,0.5381038,-0.63406986,0.8043155,0.23860426,0.16958505,0.8656897,-0.098324925,0.48073024,-0.05593966,0.037857354,-0.249686,0.4458272,0.39688605,-0.11393654,-0.40679663,-1.1802404,0.6321299,0.46070892,-0.18746878,-0.026644612,0.5591893,0.069782846,0.083047636,0.33562952,0.21373482,0.1257726,0.39442298,0.42700282,0.14350934,0.4259842,-0.45970285,0.27420372,-0.74709433
0.14875935,-0.08089515,0.49027392,-0.47317934,-0.6067822,-0.20457329,0.26441744,-0.04982147,-0.1163454,0.15397191,-0.45413497,0.028133566,-0.31002584,-0.6905244,0.14259487,-0.44109878,0.0637371,-0.5723558,0.06939114,-0.8556026,-0.008996408,0.3700512,-0.24220835,-0.3033343,0.4259465,0.026340706,0.31154245,-0.2586622,-0.08799334,0.13633955,-0.15754473,0.20148702,0.5987394,-0.5114585,0.13598773,0.013572766,-0.58792895,0.0014601614,-0.094213985,-0.6282297,-0.29660362,-0.8140205,-0.10586082,0.19664818,0.501404,-0.37887335,-0.018310534,-0.32762262,-0.17927054,0.5542208,-0.39091727,-0.6093802,0.04851183,-0.34573647,0.48763093,0.71937877,-0.25491035,0.5746902,-0.3106967,-0.07871787,0.34237632,-0.0054786177,0.11925034,-0.10255869,0.1769868,0.20443864,0.15299653,0.5211087,-0.7288523,0.86747575,0.28978297,0.27136272,1.000126,-0.21002431,0.54723805,-0.06228255,-0.0015895133,-0.41430265,0.4422327,0.48237026,-0.006933074,-0.3937542,-1.3580722,0.7024465,0.56894153,-0.2430097,-0.1577186,0.6837428,-0.038102116,-0.055614296,0.37928936,0.32557783,0.22953863,0.48906243,0.3269021,0.09953591,0.4879772,-0.49295422,0.40723655,-1.0426913
0.12198363,-0.16191457,0.4616059,-0.31466934,-0.6336387,-0.3127243,0.13462631,-0.00456711,0.21152352,0.18771844,-0.3095847,0.17242543,-0.24316669,-0.724882,0.14082342,-0.32326236,0.2004655,-0.48980018,0.14509219,-0.8555444,0.007534263,0.5371486,-0.13957225,-0.25548714,0.5046695,0.05507729,0.12732475,-0.084525,-0.07126225,0.28685963,-0.18799672,0.23276895,0.485,-0.28234228,0.10597775,0.11503013,-0.55516165,0.035323817,-0.071620576,-0.63793284,-0.38865128,-0.8793667,0.0043984535,0.15258494,0.64390814,-0.36798334,0.031323664,-0.23569632,-0.30949605,0.648184,-0.21834369,-0.5476067,-0.0018982722,-0.3977001,0.3152774,0.70896584,-0.3238463,0.41993862,-0.16901344,-0.1607899,0.22050935,0.12383739,0.13873054,-0.13624395,0.11457215,0.19267115,-0.22626346,0.46420786,-0.5399256,0.6654937,0.19904985,0.2416332,1.0269051,-0.24327262,0.26071995,0.11307427,-0.07321976,-0.5332521,0.36136243,0.46376312,0.27843812,-0.3804687,-1.0910703,0.58841306,0.49980032,-0.17615063,-0.35035267,0.5752605,-0.28600574,-0.10887132,0.17158474,0.16630842,0.08292216,0.35181698,0.47095335,0.013557337,0.49036396,-0.3531487,0.2461475,-0.95798016
0.032736566,-0.2174276,0.3635917,-0.2808381,-0.44804415,-0.2580133,0.2983589,0.12583655,0.10909675,0.019811453,-0.34682068,0.2647632,-0.27407473,-0.5270905,-0.07273019,-0.3937309,0.23725876,-0.36604935,0.3171845,-0.86839426,-0.06774067,0.47942445,-0.20148614,-0.20911884,0.507539,0.09413295,0.24936976,-0.19737986,-0.11882772,0.25084713,0.07378132,0.0083459085,0.5322855,-0.4206609,0.1897989,0.19459207,-0.7845483,0.07404544,0.1198207,-0.7795205,-0.16182365,-0.7373713,-0.21397965,0.014852892,0.550741,-0.32115045,0.11636279,-0.3734433,-0.42707315,0.6063045,-0.19821118,-0.50239307,-0.03982171,-0.38869995,0.22564578,0.6344677,-0.36555886,0.67135495,-0.31457725,-0.13542694,0.3570152,0.14419171,0.21307099,0.06523917,0.07194288,0.085281536,-0.068376385,0.41261694,-0.46292806,0.8239064,0.276071,0.35978872,0.97687817,-0.17040393,0.45335227,0.20758422,-0.20477729,-0.35309643,0.28274685,0.3205323,0.000988841,-0.4336706,-1.2532352,0.57855004,0.41266868,-0.05663252,0.007829837,0.49692503,0.030596392,0.02867181,0.21021973,0.15173613,0.10478064,0.4409557,0.452593,0.050245523,0.39671993,-0.38227478,0.251234,-0.74615985
0.09928991,-0.03460588,0.3828608,-0.3132055,-0.4014554,-0.23777457,0.32180756,0.029345583,-0.034270816,0.1734116,-0.26625058,0.049497373,-0.2680207,-0.63904434,0.091338515,-0.2875721,0.1930001,-0.41923052,0.22338858,-0.8159723,-0.07364514,0.345765,-0.18651477,-0.344316,0.3874939,0.13531029,0.17691699,-0.18709153,-0.12297511,0.14404485,-0.00034301652,0.25625822,0.49497724,-0.27620566,0.07164749,-0.002994515,-0.55343217,-0.06510017,-0.09612932,-0.61204493,-0.15206003,-0.80125225,-0.07052478,-0.0072269114,0.45953098,-0.32841194,-0.08920355,-0.38087538,-0.28521484,0.48697096,-0.31700015,-0.5642843,0.030222539,-0.2918075,0.2562986,0.69482267,-0.28261143,0.55726886,-0.36126247,-0.042257905,0.41788405,-0.042779855,0.17188548,-0.044285066,0.117679045,0.13810536,-0.031502895,0.2990062,-0.47397223,0.86666477,0.16658174,0.33769542,1.0010937,-0.1923151,0.39644918,0.00049963297,0.037288614,-0.46284103,0.3452306,0.34855187,0.15688524,-0.44158608,-1.2269443,0.6412637,0.3831239,-0.2442315,-0.18100671,0.52292883,-0.03943618,0.013884515,0.32541716,0.25589508,0.08313449,0.3702205,0.4428367,0.13879952,0.3802011,-0.3290549,0.27065602,-0.6962809
0.2732845,-0.0947616,0.29775223,-0.41526347,-0.5492415,-0.18502179,0.18318512,0.016717363,0.011033232,0.1545914,-0.48917288,0.040848583,-0.18719506,-0.43502364,-0.020782214,-0.48426762,0.20948792,-0.5457532,0.009790245,-0.9042034,0.08896098,0.28334048,-0.16602752,-0.25832918,0.4781165,-0.0076246047,0.19041531,-0.115130045,-0.056020606,0.27556974,0.04425204,0.219262,0.4082079,-0.46864152,0.25596341,0.08713581,-0.525556,0.014749637,0.03401089,-0.6573385,-0.37971732,-0.7903473,-0.1361388,0.1573214,0.6222702,-0.32459328,0.1708661,-0.35873467,-0.16007671,0.4444489,-0.25912052,-0.4178199,0.0327495,-0.40628943,0.42668518,0.60530454,-0.32141432,0.569548,-0.1807113,-0.025312211,0.36761516,0.09214371,0.2317663,0.046028063,0.28938493,0.09027954,0.08994213,0.5180857,-0.66809654,0.75753015,0.26303655,0.10871049,0.815111,-0.14226522,0.38668165,-0.10328714,-0.0107628135,-0.2792477,0.5387979,0.30387557,-0.07599561,-0.40224576,-1.2342643,0.6342897,0.5462238,-0.21229954,0.056924563,0.5540404,-0.0031891423,0.038251236,0.32227248,0.0786328,0.24144368,0.3685499,0.41396323,0.02944668,0.5540619,-0.47013712,0.316521,-0.87162304
0.006731704,-0.07526798,0.24921082,-0.31714806,-0.5803878,-0.2130514,0.3436509,-0.054895055,0.001797424,0.14064515,-0.34659982,0.28524458,-0.26424208,-0.67621213,0.069642335,-0.32326517,0.37324747,-0.35210165,0.14793965,-0.73429745,-0.16698672,0.45379564,-0.17537011,-0.18360154,0.1927238,0.08900649,0.14886747,-0.097457536,-0.070977814,0.2083922,0.3176649,0.14352103,0.5764099,-0.1594803,0.061631937,-0.21541552,-0.5657497,-0.028274314,0.22186208,-0.70671606,-0.27987397,-0.54601103,-0.3684051,-0.1319055,0.5175653,-0.2956407,0.11611911,-0.3441582,-0.394176,0.30422005,-0.30313438,-0.48727366,-0.0022002503,-0.37301508,0.34131685,0.68364817,-0.28523412,0.49317017,-0.4033234,0.058123548,0.38745567,0.00784795,0.02201738,-0.061090518,-0.037111122,0.032935116,-0.12385663,0.14954875,-0.42192245,0.9501438,0.22991031,0.10563285,0.84725875,0.0007555559,0.23710704,-0.022216862,-0.2041509,-0.34624147,0.25128642,0.06465723,0.18327169,-0.5719885,-1.17528,0.78517675,0.56827897,-0.04746266,-0.13931324,0.34034333,0.06249879,0.051687583,0.38786125,0.15476643,0.20625322,0.26711142,0.5037523,-0.005888194,0.42058322,-0.49097863,0.20627612,-0.879576
0.17573984,-0.18125768,0.36130396,-0.3400831,-0.55336255,-0.2017128,0.23426656,0.06023476,0.05251856,0.0131256515,-0.4553647,0.16932862,-0.26017466,-0.4738094,-0.058387924,-0.48025718,0.23470362,-0.48420307,0.1784571,-0.85823435,0.010928654,0.4007738,-0.19236402,-0.19478567,0.51547104,-0.027923474,0.25809854,-0.16688178,-0.09639248,0.2987555,0.06507806,0.05528909,0.47949502,-0.47426188,0.23149185,0.13001417,-0.66159123,0.006895891,0.06267188,-0.73074156,-0.31703046,-0.7284517,-0.18475711,0.06936965,0.5958101,-0.30063578,0.15187217,-0.3634859,-0.31033614,0.5298911,-0.17640074,-0.47028944,-0.05175205,-0.44204542,0.35655963,0.61413616,-0.36649087,0.6054872,-0.27285188,-0.114811115,0.35060728,0.13558783,0.1849665,0.08177323,0.15423582,0.10306085,0.0022959884,0.468326,-0.6059695,0.8159364,0.34330273,0.22613657,0.93001485,-0.16049723,0.38006568,0.05280451,-0.16219042,-0.33095324,0.42667732,0.29287815,-0.087670684,-0.5109491,-1.305375,0.67191714,0.54441947,-0.09230553,0.054283556,0.5120707,0.019431617,0.07461723,0.27519378,0.14370324,0.17448153,0.43882003,0.42218545,0.0061525013,0.47572613,-0.42730102,0.27239957,-0.8812627
-0.12257424,-0.17997819,0.46779764,-0.37448236,-0.53905576,-0.24510004,0.3643775,-0.03293052,-0.1537047,0.10193662,-0.45408618,0.18489103,-0.36418658,-0.8306636,0.17677687,-0.38860235,0.16130537,-0.5758846,0.10427794,-0.8582859,-0.11687329,0.521801,-0.22885656,-0.30864456,0.309261,0.21628109,0.28036836,-0.35188863,-0.1663269,0.14147998,0.06466291,0.12977694,0.68022656,-0.4828372,0.04617561,0.0039056377,-0.7932589,0.06623672,0.04604496,-0.7953252,-0.17079815,-0.6869273,-0.33591324,0.14923063,0.4908416,-0.4391012,-0.051434744,-0.35489088,-0.3527324,0.5291485,-0.53898,-0.61437744,0.110322,-0.36699244,0.44919717,0.67605776,-0.31969073,0.67991215,-0.4792672,0.037528787,0.41081598,-0.04352575,0.06605743,-0.27006158,-0.050638627,0.13271877,0.16459583,0.43038753,-0.6778403,1.062436,0.27796295,0.38779926,0.98903066,-0.1338894,0.61669254,0.07693011,-0.10986014,-0.36221325,0.17409693,0.32630917,0.07135181,-0.3778531,-1.4129533,0.76927334,0.5208387,-0.10039549,-0.11688268,0.6348245,0.17657517,-0.04476362,0.49653825,0.33994162,0.25324193,0.5393495,0.40898198,0.12374718,0.4412576,-0.55463743,0.4302964,-1.0452476
0.15532736,0.00034009776,0.31789967,-0.3086513,-0.4703862,-0.14266904,0.2607947,0.030016866,-0.11350194,0.08495906,-0.46717137,0.14868745,-0.19770145,-0.5171085,-0.04303791,-0.42721897,0.2410276,-0.4194586,0.20541543,-0.8676859,-0.0060594035,0.35373756,-0.17451575,-0.2324698,0.37872148,0.048437163,0.1633768,-0.16666093,-0.10908832,0.28634918,0.15518118,0.12324104,0.55479765,-0.3432986,0.19054174,-0.010765124,-0.63723904,-0.0011419104,0.11792756,-0.8026472,-0.26927066,-0.68007123,-0.30670682,0.021040596,0.5202722,-0.27154037,0.07340218,-0.39763442,-0.33526415,0.39269695,-0.22503345,-0.5047258,0.005157573,-0.42057666,0.38427934,0.6705136,-0.29808208,0.5732013,-0.44854265,-0.018535307,0.38574916,0.10242133,0.1733719,0.08327558,0.19620115,-0.007389756,-0.0007325434,0.29717243,-0.59190655,0.89398867,0.2674971,0.19189437,0.9228365,-0.095184065,0.38164178,-0.053341918,-0.18260422,-0.33560914,0.43142873,0.11488508,-0.037043188,-0.5869923,-1.4060134,0.73899275,0.54842234,-0.12771216,0.07082688,0.49330747,0.11956183,0.10641897,0.43266183,0.20337717,0.17896184,0.4524435,0.40112224,0.10697882,0.4367875,-0.44828385,0.29601148,-0.8725698
0.10367597,0.029602263,0.23228677,-0.21847543,-0.34542513,-0.09520156,0.29305434,0.051276967,-0.2310498,0.12076839,-0.41304812,0.009275062,-0.16042723,-0.41163984,0.0224145,-0.26616353,0.21621697,-0.37240022,0.09194997,-0.7275778,-0.0019689335,0.1826523,-0.112031356,-0.26598734,0.26028654,0.104791224,0.04128187,-0.21006271,-0.103827804,0.18219964,0.19425376,0.3007248,0.38964128,-0.26113513,0.10167488,-0.016274327,-0.4908811,-0.14332727,-0.024643255,-0.66608906,-0.13452913,-0.5781285,-0.24007924,0.009639866,0.36613834,-0.24798417,-0.06803296,-0.38231134,-0.25353158,0.23583049,-0.2839018,-0.38226005,0.052890137,-0.26506013,0.28177938,0.5773857,-0.26874816,0.41905698,-0.38997716,0.074082695,0.41514647,-0.08542113,0.089358434,-0.028794177,0.07444173,-0.003993382,0.14496173,0.15324217,-0.5121097,0.8143577,0.17871201,0.21911524,0.67690516,-0.0448773,0.31606084,-0.14426486,0.040269926,-0.28406578,0.31405273,0.10403919,0.020389972,-0.38619265,-1.0222319,0.6345756,0.34243318,-0.12612695,0.036389478,0.4426359,0.21429287,0.07341551,0.4698912,0.1620836,0.13575019,0.30743062,0.3306603,0.14420462,0.264217,-0.3945127,0.26988432,-0.61023843
0.103600554,-0.012762412,0.47354165,-0.43370593,-0.60622215,-0.21702789,0.25195706,-0.06658397,-0.054040354,0.24305823,-0.5269667,0.07657719,-0.2338129,-0.844266,0.21030757,-0.37593547,0.07217,-0.62088406,0.012511171,-0.83772385,0.048000302,0.5000237,-0.2344592,-0.42001712,0.3948551,0.20879689,0.23237479,-0.24060692,-0.14988193,0.15187784,-0.1570662,0.30189112,0.6012634,-0.38552782,0.06686226,0.023542285,-0.7144059,0.119483605,-0.1134558,-0.6494465,-0.2629741,-0.8831294,-0.1504001,0.20976081,0.52516204,-0.44121543,-0.026809547,-0.31602404,-0.24260451,0.56790406,-0.4795375,-0.64534116,0.12482022,-0.37849772,0.55197144,0.6490094,-0.24967982,0.5419426,-0.342073,-0.07694141,0.3598789,0.023249522,0.24401036,-0.22210836,0.20353708,0.19407094,0.10462901,0.43444464,-0.6730909,0.87378436,0.27793577,0.27569693,1.0130335,-0.1683504,0.52996063,-0.04636606,-0.06502288,-0.45138457,0.4047407,0.38153085,0.15973693,-0.31985134,-1.3504598,0.6508258,0.54207206,-0.26981103,-0.12795915,0.6658755,-0.04965349,-0.20191045,0.37350458,0.30240297,0.28860188,0.48176208,0.33587894,0.0990839,0.5063812,-0.4763044,0.46776602,-1.114039
0.2929915,-0.00085791387,0.33027464,-0.3517678,-0.39943397,0.010945264,0.32358456,0.20650028,-0.2261943,-0.1446639,-0.5693719,-0.1477669,-0.1334751,-0.1763115,-0.2518369,-0.53729564,0.023110807,-0.39278984,0.14955337,-0.6284594,-0.07707586,0.18147327,-0.16606297,-0.19451368,0.42702627,-0.06178993,0.3426495,-0.301357,-0.16764079,0.17566198,0.16752987,0.029518804,0.42863652,-0.39998677,0.25464734,0.23327006,-0.73361427,-0.13146292,-0.025545178,-0.65780306,-0.11407947,-0.47966424,-0.23572455,-0.032622557,0.38139832,-0.20426102,0.07039174,-0.3252479,-0.34846154,0.38301238,-0.16602938,-0.25818065,-0.073383205,-0.25079522,0.23056607,0.48196217,-0.27448782,0.61424273,-0.33783868,-0.030788546,0.54074997,-0.03768903,0.1192697,0.19254905,0.05580762,0.027722774,0.0898161,0.2585658,-0.5787267,0.9213267,0.44665977,0.37750793,0.7447629,-0.120122105,0.37413797,-0.11774308,-0.10173711,-0.15783978,0.44352627,0.14690064,-0.41742697,-0.55501693,-1.1802112,0.6417231,0.21801847,-0.035541255,0.3099652,0.40895197,0.4249966,0.17592931,0.4000113,0.112091325,0.09910258,0.4123987,0.28547463,0.0031936078,0.19151908,-0.5698196,0.1864808,-0.6060383
-0.16024667,-0.19294812,0.25874224,-0.071446456,-0.15227218,-0.51046216,0.4347561,0.3925915,0.41836655,-0.17669031,-0.054054394,0.4618349,-0.33083916,-0.6180347,-0.13356973,-0.29634544,0.4779009,-0.16731624,0.6772302,-0.83846754,-0.28946522,0.7352862,-0.16799489,-0.19142896,0.51993895,0.28540802,0.05086994,-0.1255517,-0.22072287,0.19268303,0.27292538,-0.24375838,0.5111431,-0.15966998,-0.057285048,0.25938284,-0.9609377,0.1897964,0.33409694,-0.7890751,0.11691929,-0.50922364,-0.25664762,-0.36285776,0.47788894,-0.39130905,0.1577654,-0.40687755,-0.6731139,0.7548713,-0.07255428,-0.62686443,-0.07888773,-0.3200315,-0.0882083,0.45366713,-0.21914476,0.7436874,-0.40818116,-0.20912881,0.38422707,0.21928345,0.15695117,0.10296812,-0.21331953,0.1653961,-0.3813748,0.2938546,-0.070361726,0.78897136,0.105840966,0.55943215,1.1226263,-0.14853495,0.30672482,0.58798003,-0.49302968,-0.3507211,-0.23140478,0.20985122,0.26359174,-0.39030877,-1.2534211,0.5672664,0.18807016,0.15679191,0.072142966,0.35310128,0.07176128,0.0130494945,0.060083624,0.117832944,-0.083569355,0.40349185,0.7890442,0.044410083,0.27404147,-0.24288024,0.12900048,-0.42767188
0.1111167,-0.114971966,0.26924688,-0.317481,-0.5379957,-0.17529589,0.25366047,0.034893814,-0.05340554,0.038209453,-0.3668279,0.15988666,-0.25824368,-0.54122066,-0.033235975,-0.38114378,0.26242435,-0.40305534,0.26091063,-0.8411774,-0.055629756,0.38743982,-0.1443822,-0.19172573,0.32028553,0.04817854,0.19279669,-0.16130319,-0.08835104,0.25990784,0.20863205,0.08061984,0.5281395,-0.2655761,0.2019606,-0.04562275,-0.6387771,-0.033957645,0.12216517,-0.78994197,-0.21800815,-0.6615107,-0.28419986,-0.017432613,0.5058657,-0.24975525,0.080888405,-0.3696601,-0.3793087,0.3828016,-0.24553744,-0.41649327,-0.027849177,-0.38582066,0.30930775,0.6391488,-0.33857736,0.59394324,-0.38220218,-0.049150374,0.37058115,0.1298606,0.103609286,0.03667449,0.14416426,0.038798157,-0.075525604,0.24495196,-0.5130233,0.9217517,0.32775825,0.20575719,0.8997203,-0.062136333,0.31713563,0.046361282,-0.17392889,-0.3787936,0.343653,0.11438039,-0.008062415,-0.59535104,-1.2698512,0.7291164,0.46581417,-0.11211024,-0.044383306,0.4122737,0.056245863,0.05807358,0.3413726,0.16000074,0.13616556,0.39663678,0.42579797,0.064079225,0.4421672,-0.45352745,0.19985102,-0.76712775
0.26810506,-0.02667707,0.3443079,-0.34465906,-0.40402028,-0.0075018266,0.3199466,0.18017116,-0.18825252,-0.12772022,-0.5418753,-0.097316705,-0.150033,-0.22616489,-0.22455724,-0.52090627,0.037676197,-0.3875165,0.15824945,-0.64186656,-0.076880336,0.22029172,-0.17559685,-0.19151913,0.429086,-0.051942434,0.34587714,-0.2846679,-0.16379897,0.18487866,0.1426889,0.017089767,0.44445434,-0.40153307,0.24354112,0.21584567,-0.732716,-0.11123584,-0.012405385,-0.65683097,-0.11618901,-0.49607423,-0.23667666,-0.027615814,0.3975274,-0.2165769,0.08011723,-0.32898188,-0.3502789,0.40191385,-0.17266726,-0.29934672,-0.068528205,-0.26377282,0.24278961,0.49114314,-0.28105038,0.60914737,-0.33850336,-0.051520832,0.51021945,-0.012626243,0.12764719,0.17669782,0.061618652,0.037968885,0.06881963,0.26585865,-0.56959885,0.90777177,0.43574348,0.3700585,0.7689065,-0.12121824,0.37725857,-0.08607014,-0.1270778,-0.17925207,0.4296007,0.15844026,-0.36762956,-0.55861765,-1.1928862,0.63798237,0.25307313,-0.033992708,0.27261865,0.4047715,0.3690102,0.16051646,0.37342662,0.1262497,0.10803856,0.4141286,0.28707126,-0.005685884,0.21265137,-0.5453482,0.19600484,-0.633368
0.3046446,-0.24015456,0.49395338,-0.40407887,-0.79520184,-0.2183277,0.3203496,-0.025623761,0.0770923,-0.003037478,-0.5646187,0.2826532,-0.39113757,-0.6658241,-0.060533334,-0.5687533,0.3317448,-0.572043,0.28343377,-1.0343043,-0.08117345,0.518303,-0.25384763,-0.19670685,0.6815086,-0.058649305,0.38167048,-0.17427361,-0.10231465,0.38824883,0.08142907,-0.033246305,0.68460625,-0.5248334,0.3493308,0.048092887,-0.8310604,-0.032908555,0.09616401,-0.9335232,-0.40823436,-0.89068764,-0.257794,0.038366817,0.71498793,-0.37367943,0.21124344,-0.5108153,-0.48311436,0.65485305,-0.25755107,-0.62210387,-0.11518886,-0.5406091,0.46993092,0.8366854,-0.48158517,0.7436189,-0.36057433,-0.22543593,0.44415486,0.19004361,0.19540131,0.12290185,0.19774954,0.16464742,-0.13536966,0.474993,-0.7401231,1.0891,0.52716315,0.3652517,1.2684685,-0.17175107,0.42960516,0.07250454,-0.24768443,-0.48321524,0.5595959,0.32066882,-0.10619408,-0.7795274,-1.6955093,0.9050669,0.6946004,-0.12371417,0.00303485,0.5780096,-0.065257244,0.14243598,0.27626595,0.2073028,0.21027516,0.5499808,0.55739564,-0.021356486,0.6145446,-0.47698712,0.24436735,-1.1048988
0.26934114,-0.08666641,0.38729572,-0.32658553,-0.31229243,0.009095594,0.31282815,0.09726155,-0.11787931,-0.063990265,-0.46753952,0.035233557,-0.1627145,-0.24848916,-0.17658676,-0.50463814,0.042855203,-0.18948896,0.27197397,-0.74085754,-0.06067102,0.3249643,-0.23067927,-0.13517825,0.44777334,-0.105723046,0.30147964,-0.2467583,-0.13114984,0.21930069,0.1019487,0.083717346,0.50731635,-0.4660922,0.18319847,0.15418148,-0.7009721,-0.110981524,0.041175034,-0.7500205,-0.071253695,-0.55038714,-0.31790072,-0.059618544,0.4557165,-0.20392661,0.16890371,-0.29657677,-0.3482237,0.42920232,-0.031935886,-0.48483577,-0.1272683,-0.23232381,0.2068342,0.6599762,-0.26558426,0.6100133,-0.40945742,-0.08673787,0.43407702,0.123441905,0.13574792,0.250305,0.115065835,-0.07295114,-0.05646288,0.22681881,-0.57480246,0.917054,0.3548149,0.3227323,0.8381362,-0.1604967,0.3667145,0.024108833,-0.2119493,-0.24895059,0.38355955,0.14959924,-0.20780408,-0.6263913,-1.2027439,0.53013927,0.36235797,-0.07055313,0.16963045,0.37104312,0.20106141,0.20323807,0.33811942,0.18404587,0.12449285,0.45072803,0.17511731,-0.064880066,0.27182662,-0.42395964,0.18456869,-0.64478856
0.2605087,0.019582963,0.35006914,-0.39728653,-0.40233704,0.0006149796,0.2533387,0.111572295,-0.28176427,-0.023859302,-0.6157768,-0.24113965,-0.1450051,-0.21723036,-0.12527779,-0.5159318,-0.119347274,-0.49937853,-0.022756338,-0.554011,0.00055072457,0.2131356,-0.14840879,-0.25826797,0.38775125,-0.008699752,0.30811813,-0.32777837,-0.188881,0.09925736,0.07244848,0.1639266,0.37595022,-0.41397718,0.19864498,0.21603836,-0.63289124,-0.07798443,-0.14225794,-0.53768516,-0.1857298,-0.47878492,-0.16966122,0.1281941,0.34237346,-0.23731579,0.0024042844,-0.21300168,-0.18343763,0.34861657,-0.24372542,-0.25879934,0.037114985,-0.24754654,0.30327848,0.42432153,-0.22155751,0.53719014,-0.26120982,0.059194375,0.5224751,-0.095030434,0.16606994,0.037759177,0.0945451,0.034182716,0.18178147,0.3549532,-0.6295865,0.84907335,0.40980986,0.3164462,0.66358477,-0.14294949,0.40013626,-0.18093424,0.0371042,-0.18595333,0.4221153,0.21725665,-0.35442415,-0.38442776,-1.0564343,0.5216113,0.22349405,-0.15156668,0.25824514,0.49125043,0.37360585,0.063787825,0.45463145,0.16877848,0.20983438,0.43303514,0.16634211,0.03677134,0.25565448,-0.5290178,0.29802623,-0.65017515
0.042700622,-0.2237886,0.44600308,-0.3250138,-0.4120808,-0.27884597,0.26252037,0.0944821,0.07492776,0.06150164,-0.24761088,0.14273411,-0.30352384,-0.5760891,0.026798781,-0.39650762,0.074371964,-0.451475,0.21664868,-0.8801596,-0.04775477,0.45682257,-0.19618224,-0.24512066,0.45601684,0.054434948,0.3194745,-0.20596774,-0.15959474,0.22340825,-0.041375916,0.0060276515,0.56631064,-0.52089304,0.15233475,0.14581434,-0.6679993,0.03367208,0.036309883,-0.71139556,-0.14551803,-0.8083856,-0.13717479,0.11516523,0.6094007,-0.3860335,0.12921134,-0.3656247,-0.2185401,0.6379951,-0.25672293,-0.60400325,0.017331893,-0.27749214,0.32856688,0.6261527,-0.3000495,0.6111891,-0.28990552,-0.18551093,0.24380636,0.20738588,0.19601639,-0.062064942,0.056530338,0.23059845,0.059773915,0.57116544,-0.56165284,0.7737211,0.21579894,0.30631036,1.0174692,-0.17802404,0.541614,0.19083738,-0.12447579,-0.37579343,0.27954376,0.46035588,0.016088234,-0.39846614,-1.2278817,0.5713281,0.47809547,-0.13730183,-0.11128019,0.5620704,-0.07542986,0.008076627,0.18674247,0.26166728,0.16300803,0.49340227,0.46315047,0.1096477,0.46461722,-0.33282775,0.29891324,-0.7884091
0.357384,-0.010434438,0.31030846,-0.50442356,-0.5253796,-0.106276095,0.2142243,0.09248386,-0.064468704,0.09076912,-0.5730424,-0.19335507,-0.17613727,-0.23830855,-0.0943283,-0.51566833,0.0079576755,-0.55500376,-0.10888274,-0.76795805,0.08922863,0.20752056,-0.20270172,-0.29037255,0.48137042,-0.10383923,0.28589454,-0.2437037,-0.17252293,0.15974088,-0.006557388,0.2936492,0.32581145,-0.55118525,0.257816,0.24331346,-0.48503113,-0.111629196,-0.1451958,-0.4746767,-0.3833987,-0.5977229,0.009967484,0.14096752,0.53395575,-0.27533704,0.06935488,-0.24964198,-0.04109247,0.4465468,-0.18169361,-0.30103135,-0.027311781,-0.29811174,0.3879842,0.5241269,-0.27344513,0.53261614,-0.08373495,0.022715507,0.40567392,-0.029804667,0.21277869,0.12169837,0.19706354,0.12965941,0.23509555,0.57460463,-0.64030045,0.726016,0.34823027,0.15942657,0.654547,-0.21503852,0.38551196,-0.24937421,0.15404196,-0.23385108,0.5339992,0.45482662,-0.30786964,-0.28173813,-1.008861,0.5407363,0.36303696,-0.19050002,0.15316066,0.5683609,0.18457146,0.011425851,0.33302113,0.09649117,0.26684958,0.35234004,0.26929882,-0.024223512,0.4298,-0.5454946,0.32539496,-0.7188448
0.061659973,-0.16560516,0.37924695,-0.299578,-0.51906836,-0.2741751,0.28762668,0.040218957,0.07857349,0.03729238,-0.29321438,0.19369394,-0.34190106,-0.63901776,0.04146676,-0.36522135,0.24900869,-0.45838505,0.25702843,-0.8159005,-0.086483665,0.38071296,-0.1899468,-0.24183789,0.46912274,0.10871221,0.27048507,-0.18722568,-0.08236438,0.19965973,0.014919251,0.014897874,0.53918886,-0.41106957,0.15980306,0.10000794,-0.68973845,0.046103124,0.038502283,-0.7020153,-0.15705793,-0.7510725,-0.11351927,0.015679266,0.53329206,-0.37089032,0.07444253,-0.4097178,-0.34951407,0.63026154,-0.3149218,-0.53057235,-0.0045844214,-0.33645028,0.28544968,0.6193117,-0.30912346,0.64635247,-0.291896,-0.17734161,0.34121177,0.09812619,0.15872706,-0.035154283,0.10048735,0.20027235,-0.010818657,0.4301045,-0.52377266,0.84279567,0.31466067,0.36177915,1.0132272,-0.14458176,0.48683983,0.13405518,-0.116473794,-0.35562533,0.3227017,0.38761976,0.016404195,-0.46118218,-1.2930068,0.6415819,0.4418761,-0.11089911,-0.10156484,0.52906334,-0.029936265,0.033233847,0.19339938,0.18653083,0.07146068,0.4018193,0.48574525,0.11372308,0.43241423,-0.38066334,0.23136666,-0.7797369
-0.02340605,-0.13046159,0.4038767,-0.3106274,-0.45500004,-0.24484769,0.24499069,0.03831234,-0.13003065,0.07985161,-0.42394364,0.05619665,-0.2732865,-0.6195647,0.14278767,-0.35601524,0.13912398,-0.59262305,0.06132984,-0.8100432,0.007006547,0.34620947,-0.16310184,-0.2909709,0.3761535,0.16979894,0.19427794,-0.28645977,-0.11297425,0.16844763,-0.0021562488,0.14770032,0.48324853,-0.49393594,0.09128026,0.118031256,-0.6518541,0.054168608,-0.047527704,-0.6609455,-0.18071264,-0.70470506,-0.1552812,0.20347998,0.45160845,-0.39217228,-0.05544498,-0.3553643,-0.21778959,0.5169926,-0.4372702,-0.4675174,0.11602147,-0.32630807,0.40904048,0.529349,-0.28294232,0.5678001,-0.3346778,-0.018845944,0.3239037,-0.023877373,0.122566864,-0.19690417,0.05372495,0.16347918,0.24559473,0.495894,-0.6494884,0.82321155,0.24615994,0.32351038,0.85005355,-0.1243387,0.54633325,0.027562458,-0.0043942877,-0.28508726,0.26493248,0.3628972,-0.016194861,-0.2645145,-1.2108318,0.643211,0.44174397,-0.11017298,-0.04808388,0.64175415,0.15599832,-0.02727901,0.40633935,0.2613681,0.17671372,0.46409217,0.3807934,0.18113227,0.39747232,-0.45652783,0.38883862,-0.87115836
-0.05979773,-0.2439804,0.39505363,-0.2609114,-0.4868405,-0.4170218,0.1946895,0.008468534,0.18793344,0.3129832,-0.25047797,0.22982247,-0.34408286,-0.74945396,0.18065354,-0.29824343,0.2522588,-0.5590733,0.17660223,-1.0022196,0.035458047,0.56591856,-0.13088466,-0.35230556,0.51334333,0.27349854,0.11184592,-0.12232534,-0.12274192,0.26804054,0.01111524,0.20363605,0.54234654,-0.4531235,0.111450635,0.08064587,-0.67154235,0.19198772,0.069133155,-0.74256766,-0.30603343,-0.9436925,-0.1350046,0.18250516,0.6351422,-0.4745554,0.098386824,-0.3747478,-0.26891172,0.6896878,-0.4246498,-0.58280957,0.12583394,-0.3859281,0.37189275,0.6479717,-0.36324745,0.6311993,-0.23570295,-0.039187517,0.3024414,0.13987735,0.28504425,-0.19040443,0.16384105,0.15705171,-0.023647984,0.60814923,-0.52100617,0.8070037,0.13532425,0.2495488,1.0552586,-0.16824205,0.5042676,0.18901587,-0.0136773195,-0.44489667,0.30237123,0.41608658,0.29188707,-0.2889636,-1.2705675,0.5383993,0.5188716,-0.21356787,-0.21016797,0.666449,-0.15875126,-0.062339224,0.23261888,0.18074812,0.19085215,0.4559607,0.5345237,0.18151116,0.58308583,-0.30234417,0.3767899,-0.87704974
0.2398942,-0.16981424,0.3516693,-0.45534217,-0.5716586,-0.36952597,0.038347162,-0.04278236,0.18117726,0.15064766,-0.3906583,-0.0391178,-0.35606137,-0.40625614,0.042796146,-0.45141897,0.06262136,-0.5672542,-0.0022551077,-0.9248176,0.110382,0.49917322,-0.14058873,-0.19414444,0.46937978,0.0023112604,0.23443125,-0.10049973,-0.13395654,0.19891836,0.01868257,0.2587971,0.3959038,-0.5535036,0.20532805,0.2782928,-0.47634032,0.04487901,-0.08594524,-0.6723237,-0.39491555,-0.62009627,0.0124102505,0.15793657,0.70719284,-0.36991352,0.15881266,-0.086557835,0.032047663,0.64595634,-0.12800977,-0.3887187,0.021845315,-0.2715292,0.32601297,0.6384414,-0.24524328,0.65254563,0.012285174,-0.09151658,0.15094092,0.25131872,0.25386912,-0.058520705,0.19182426,0.1311255,-0.033843294,0.8475316,-0.5549184,0.73028517,0.3359272,0.07140742,0.8269678,-0.07988135,0.33521497,0.12890571,0.11773,-0.3764582,0.30721545,0.57462144,-0.08592792,-0.14256594,-0.845053,0.3445253,0.3632739,-0.27786395,-0.10685308,0.5779376,-0.18359032,-0.06810892,0.15801652,0.075533815,0.266842,0.33193302,0.36368617,0.07794092,0.71831125,-0.44571155,0.18948765,-0.6413282
0.06625725,-0.11392976,0.49062455,-0.38759106,-0.50682664,-0.16914718,0.2681258,0.011681078,-0.17602815,0.10347016,-0.5449925,-0.04092184,-0.28902704,-0.60198355,0.12995644,-0.42367655,0.020688852,-0.64561486,-0.01955382,-0.8178219,0.027232267,0.31030852,-0.20227003,-0.33244452,0.4206614,0.11949752,0.29921958,-0.36891052,-0.17069286,0.14698018,-0.089834735,0.20183596,0.52485096,-0.64809185,0.13165501,0.18532234,-0.6968893,0.035948746,-0.13306822,-0.6442114,-0.22478478,-0.71654963,-0.119067185,0.27215892,0.4884845,-0.42392582,-0.049537938,-0.34082174,-0.16279729,0.5832438,-0.48664147,-0.49413154,0.104922324,-0.29765108,0.49191767,0.5706577,-0.26825187,0.61336124,-0.33180445,-0.015121082,0.368292,-0.06401736,0.1496646,-0.19571386,0.058904715,0.1917162,0.36454386,0.5993943,-0.79489416,0.9015039,0.3122055,0.35061613,0.88772684,-0.17643271,0.6590837,-0.08050733,0.06783302,-0.24176948,0.3712239,0.480609,-0.1457708,-0.2806565,-1.287299,0.65747386,0.47624812,-0.12039196,0.002996509,0.73740757,0.24221765,-0.0036939087,0.47151753,0.31363696,0.2367367,0.54306275,0.29159415,0.14565603,0.39197144,-0.5319404,0.4303314,-0.9696837
-0.032639597,-0.05167101,0.43445674,-0.18551363,-0.25356993,-0.31155935,0.20905918,0.12962152,0.32372177,0.14896627,-0.14895645,0.1900921,-0.14087367,-0.5683708,-0.00040028864,-0.29556233,0.10374818,-0.28462508,0.09664437,-0.7562938,0.12654264,0.59726334,-0.11376961,-0.36044946,0.29719794,0.15731049,0.16546114,-0.014963512,-0.23477991,0.322402,-0.22274117,0.22249937,0.38382426,-0.44780692,-0.0024909724,0.27026516,-0.53822595,0.17247139,0.07793247,-0.582473,-0.13364819,-0.58612955,-0.0005136132,-0.05169064,0.7492037,-0.47364306,0.2090832,-0.18548082,-0.1041435,0.6628533,-0.06730001,-0.6955038,0.10340155,-0.29094234,0.24841422,0.51990265,-0.1794759,0.4449149,-0.18688811,-0.22376847,0.103967,0.31275395,0.22541656,-0.10393614,0.098585844,0.13883324,-0.016465098,0.59004635,-0.3738959,0.43769065,0.019588394,-0.03924341,0.78167325,-0.12883298,0.32908526,0.14250696,-0.24619572,-0.2732041,0.23426813,0.43870422,0.28471687,-0.23586798,-0.9721996,0.40598476,0.42561248,-0.043944906,-0.04745221,0.48459914,-0.10810458,-0.09025734,0.10117671,0.0937345,0.05329976,0.21600859,0.42586383,-0.035490293,0.3398008,-0.34727085,0.30666554,-0.8932181
-0.037193052,-0.1500781,0.48100182,-0.39453837,-0.53174686,-0.205105,0.3490315,0.04998098,-0.15497062,0.041627232,-0.5296041,0.064360574,-0.32088023,-0.6881888,0.10291517,-0.4493221,0.07564599,-0.61036855,0.04055404,-0.79797703,-0.08040393,0.45305032,-0.2211848,-0.3069239,0.36996385,0.15766603,0.32966968,-0.37004715,-0.19383942,0.1352399,0.032163564,0.11227731,0.6056418,-0.55476844,0.09057984,0.12902515,-0.8017353,0.042741515,-0.02108523,-0.7230721,-0.18323858,-0.6550319,-0.2527662,0.16310526,0.49952695,-0.4350138,-0.01905313,-0.32771355,-0.2980512,0.5608585,-0.488725,-0.53364223,0.08970105,-0.32626116,0.4516502,0.5877745,-0.2988336,0.6549076,-0.39503664,-0.0049931863,0.41839024,-0.053727534,0.09308562,-0.21737117,-0.054468896,0.17660448,0.24420644,0.5041996,-0.7071151,1.0057187,0.33615807,0.39404503,0.9262161,-0.14632457,0.60840374,0.01565315,-0.08485259,-0.28751233,0.24723698,0.388315,-0.08084499,-0.35032126,-1.3388814,0.7415087,0.462282,-0.058037426,-0.00016275965,0.6469726,0.26829118,-0.029698793,0.46335384,0.3024676,0.24423495,0.528452,0.38023397,0.08681163,0.37926883,-0.59915215,0.4206943,-1.0089382
-0.18152197,-0.21162984,0.3339378,-0.24686554,-0.35064238,-0.39349452,0.2583655,0.19571526,0.1957693,-0.037124153,-0.110272214,0.25521427,-0.32703573,-0.7185503,0.07250287,-0.27648225,0.19307747,-0.47448382,0.32301122,-0.72152734,-0.095327474,0.4987409,-0.1899035,-0.3118716,0.40962592,0.27012333,0.20333512,-0.24605985,-0.14559875,0.12947792,0.012475853,-0.059489906,0.48794404,-0.29416364,0.008162735,0.25700605,-0.7833208,0.16485956,-0.021021733,-0.58695024,-0.006051871,-0.7049591,-0.046168447,0.0060376674,0.4371612,-0.3608917,-0.04316852,-0.31648707,-0.40018806,0.71005094,-0.3027841,-0.49326628,0.010263005,-0.3274422,0.15292558,0.40631407,-0.26135263,0.6295558,-0.2860705,-0.16042,0.2976965,0.078063205,0.20827778,-0.16325095,-0.06378193,0.26770234,-0.0183839,0.42514724,-0.32672882,0.73352534,0.20259908,0.46766585,0.9351212,-0.21328345,0.5119749,0.32194424,-0.15083203,-0.3933612,0.014286418,0.46769112,0.12772132,-0.24832554,-1.1370515,0.5223534,0.26046264,-0.05607816,-0.14300112,0.5036617,-0.027146567,-0.12881005,0.105814114,0.2079587,0.013762663,0.414155,0.4835884,0.13073507,0.29132813,-0.30257112,0.29208782,-0.6165809
-0.34030107,-0.40586558,0.42265975,-0.011394241,-0.2976807,-0.63448006,0.5898502,0.45804077,0.58378154,-0.25313887,0.07668424,0.69284284,-0.48887953,-0.8897788,-0.13825077,-0.24394949,0.5313387,-0.2610898,0.7805023,-0.96896404,-0.47036362,0.84367096,-0.24129814,-0.2578007,0.5232587,0.33779916,0.28059232,-0.23155588,-0.38573825,0.302585,0.3424165,-0.4717278,0.6865916,-0.29164472,-0.044453844,0.39459005,-1.1280605,0.094070256,0.35329756,-1.0287204,0.16714488,-0.7222555,-0.28539544,-0.45994458,0.8200527,-0.5458805,0.16377439,-0.59595346,-0.77274764,1.0548325,-0.1437264,-0.8048032,-0.15935934,-0.36037076,-0.14669313,0.6494162,-0.37918732,0.81485546,-0.49325794,-0.40326586,0.32266295,0.3481029,0.27453163,-0.025958663,-0.46626008,0.39010873,-0.4599941,0.36615345,-0.106693275,0.9908402,0.17598563,0.7777429,1.4044306,-0.17988843,0.5612108,0.81979007,-0.5499359,-0.46769148,-0.35209617,0.44171432,0.33595526,-0.57667136,-1.4224038,0.68783313,0.24719869,0.196834,-0.14336102,0.38425672,-0.0749758,0.03699892,-0.12541854,0.23367469,-0.079130985,0.4417342,1.0543557,0.12781824,0.3126495,-0.21109375,0.031723026,-0.48692778
-0.00082600117,-0.34638214,0.45496398,-0.08469575,-0.48085806,-0.38972664,0.29937088,0.20835783,0.43685323,-0.17522599,-0.28281766,0.49412203,-0.39323065,-0.5696765,-0.05292122,-0.27565134,0.28628385,-0.20278688,0.47321472,-0.7467569,-0.29943156,0.7640442,-0.21083136,-0.03466579,0.6006724,0.019504316,0.1972744,-0.10551729,-0.19736801,0.31263742,0.10248054,-0.26828882,0.54504514,-0.32437512,0.0984763,0.2769417,-0.76406366,0.02441228,0.20920025,-0.7937221,-0.17273076,-0.49234962,-0.20471363,-0.11246658,0.65183395,-0.34761265,0.16258523,-0.2709693,-0.55479145,0.77923834,0.015447576,-0.5720344,-0.11048136,-0.3124748,0.09599538,0.66036314,-0.34292224,0.4781395,-0.21246646,-0.3512592,0.14304487,0.32418406,0.15405983,0.06179492,-0.2319238,0.21350971,-0.5333625,0.39889458,-0.2530674,0.693888,0.3225003,0.55311626,1.1433799,-0.15177518,0.21961227,0.53454936,-0.36758718,-0.49122456,-0.091910146,0.29868835,0.15497212,-0.43431407,-0.9847151,0.42428735,0.37474176,0.12004742,-0.120572574,0.37171477,-0.17222719,0.014291633,-0.085928954,0.18805264,0.11046841,0.39156362,0.64886326,0.017575638,0.39170006,-0.19412455,0.049767163,-0.5636769
-0.027652545,0.0014496879,0.4373367,-0.40952328,-0.53154427,-0.2430395,0.24176383,-0.03544786,-0.1273498,0.06950878,-0.36165082,0.033873554,-0.25947288,-0.70222497,0.15013298,-0.42094898,0.0498395,-0.52110684,0.020633811,-0.6773824,-0.021394385,0.47674263,-0.19949165,-0.24664503,0.2309349,0.0608438,0.25655147,-0.24117273,-0.12655157,0.1305893,-0.07171594,0.15602754,0.5681207,-0.35598135,-0.0032389164,-0.005885303,-0.5639397,0.0058068926,-0.037529513,-0.5631303,-0.22774911,-0.5788877,-0.1403438,0.12189888,0.41206798,-0.34345034,-0.03193325,-0.2165826,-0.13529758,0.4420652,-0.2892106,-0.5802915,0.06485922,-0.31889465,0.4325154,0.5618048,-0.15947554,0.46596524,-0.32920027,-0.07954652,0.23620223,0.045191336,0.006920159,-0.16423996,-0.0057345303,0.19686721,0.13228779,0.5013757,-0.5889113,0.78310394,0.23693137,0.16813046,0.84763104,-0.10905855,0.41535556,0.018118262,-0.1490917,-0.3895816,0.25642323,0.39517173,0.05186697,-0.3319229,-1.1336948,0.67100304,0.5018956,-0.15137233,-0.18677582,0.54723996,0.017867047,-0.09031517,0.3828464,0.32734293,0.1675036,0.37689906,0.30525154,0.08248354,0.42126366,-0.5182366,0.41179892,-1.0078725
-0.08158556,-0.2899036,0.40272796,-0.18024676,-0.50953054,-0.45484057,0.38248655,0.19425671,0.3604155,-0.054611634,-0.23456444,0.46215174,-0.38717028,-0.83601165,0.009930936,-0.32874694,0.3980167,-0.42980263,0.42467168,-0.9442882,-0.21785639,0.73794264,-0.19745733,-0.23994744,0.49701574,0.23093845,0.21601969,-0.1562062,-0.21894585,0.31964597,0.17205833,-0.18176873,0.62527066,-0.29650074,0.069659516,0.18357126,-0.90124226,0.11390812,0.21833985,-0.89545184,-0.1096743,-0.7751537,-0.2537898,-0.13201147,0.7244885,-0.48035598,0.15616055,-0.45285654,-0.5771932,0.8049802,-0.25754598,-0.69329506,-0.021938214,-0.4346881,0.18158823,0.6535958,-0.369944,0.6601675,-0.37215158,-0.25882652,0.30438817,0.27406362,0.21774673,-0.09430004,-0.11481563,0.27501678,-0.3125895,0.40494776,-0.3795285,0.91528636,0.27624723,0.48904404,1.2250433,-0.14353168,0.42466864,0.44711208,-0.38597688,-0.4631118,0.034053024,0.31650543,0.24780573,-0.5332238,-1.3977841,0.6983151,0.43744913,0.02158423,-0.12037275,0.46601078,-0.12569286,-0.04638511,0.055612605,0.18659359,0.093258806,0.43503603,0.792926,0.065664515,0.48171988,-0.33548605,0.18446855,-0.8098101
-0.25766876,0.05068792,0.23591658,0.23286495,0.12340534,-0.2450376,0.11384066,0.22156219,0.054952133,0.058042385,0.2829849,-0.00873558,-0.11441942,-0.28186423,0.037654396,0.03611747,0.08568694,-0.11503335,0.37960765,-0.35971493,-0.029871946,0.19016954,0.066932656,-0.25257796,0.16791853,0.1968132,-0.0803756,-0.08281036,-0.12753637,0.23913619,0.12329861,0.10593347,0.19078425,0.002119884,-0.15463974,0.20799246,-0.27677768,0.068495594,0.010848142,-0.469747,0.16852263,-0.4613461,0.09133009,-0.14069161,0.369845,-0.16579804,0.03236437,-0.23185137,-0.2443351,0.40979362,0.026766086,-0.29395315,0.050617673,0.0050781583,-0.12309061,0.22138843,-0.0008154705,0.18752787,-0.28632063,-0.1985748,0.15843157,0.2697368,0.16921066,-0.09973952,-0.13579507,0.077983856,-0.15781756,0.26149276,-0.0848176,0.45655155,-0.08161865,0.0601649,0.732445,0.02074495,0.14795691,0.20107186,-0.03624492,-0.258398,0.112316,0.121078335,0.3439738,-0.51630867,-0.5893372,0.24122982,0.22359224,0.032487504,-0.25361165,0.25564632,-0.023302913,0.26162225,0.15678631,0.19203539,-0.36046892,0.24261053,0.45108327,0.3895859,-0.0054841815,0.16459171,0.028342813,-0.08551292
-0.59122276,0.108933635,-0.04167188,0.013126032,0.12370083,-0.24915153,0.3573497,0.38130623,-0.2942524,-0.3590384,-0.040929656,-0.051309817,-0.114287704,-0.3289987,0.20876761,-0.023103865,0.050968945,-0.6096717,-0.06877043,-0.33887738,-0.0077662934,0.09503444,0.13424936,-0.15416354,-0.007941163,0.12470894,-0.2079123,-0.31864536,-0.13826069,0.15727192,0.46594462,0.011657708,0.12867719,-0.2878055,-0.35780668,0.28425547,-0.24472025,-0.32890776,0.05799716,-0.49105698,0.012632334,-0.039456178,-0.2026245,-0.2406606,0.23169462,-0.060980756,-0.23463917,-0.1294193,-0.16717805,0.19554654,-0.06035631,-0.17477816,0.015126077,-0.2835438,0.064289056,-0.023720669,-0.022010509,0.076502785,-0.49120486,0.33381286,0.12912509,-0.14158209,-0.17194626,-0.16702448,-0.650147,-0.027459549,0.44961515,0.14626218,-0.13031867,0.540306,-0.114802755,0.11418048,0.106678724,0.059461527,0.0882999,-0.053146034,-0.11708726,-0.034369726,-0.13770287,0.14273453,0.15931565,-0.19030103,-0.34990945,0.58445406,0.2542115,0.44074127,0.14492413,0.28645685,0.534261,0.041245416,0.37639844,0.18449585,-0.12123561,0.06092298,0.30972648,0.42120355,-0.1620302,-0.31710342,0.2487634,-0.3071264
-0.50809085,0.15857358,0.029493885,0.0576998,0.21942349,-0.38231966,0.20648856,0.46115908,-0.031702746,-0.13412543,0.13178654,0.0232837,-0.08621318,-0.2859427,-0.0070912624,-0.08289423,0.15907158,-0.29814416,0.17940758,-0.5157616,-0.028075423,0.22627239,0.0071355742,-0.28874227,-0.029596156,0.3105648,-0.15086038,-0.20289369,-0.3109675,0.18866512,0.36101076,-0.007843019,0.21155539,-0.24704835,-0.232095,0.26966104,-0.44914895,0.046422422,0.15156242,-0.52125776,0.21028708,-0.13540378,-0.13759068,-0.25309017,0.40289783,-0.2030628,-0.09420846,-0.26177078,-0.02713075,0.326536,-0.07544977,-0.26978672,0.069160365,-0.10358876,-0.012775597,-0.009413651,-0.026057126,0.34006977,-0.4433823,0.10753991,0.10141045,0.16752997,0.12934864,-0.10528208,-0.27913663,0.10557127,0.34033176,0.34117216,-0.06385469,0.42349,-0.15542069,0.06360424,0.35498732,0.04597071,0.3680952,0.1559823,-0.15392801,-0.053349804,-0.17218995,0.133907,0.09542775,-0.11251574,-0.5821833,0.4322815,0.1028713,0.21274368,0.18781933,0.2884167,0.42893532,0.08921494,0.30535725,0.1495641,-0.14273277,0.18470319,0.43503174,0.34481472,0.022560522,-0.2563134,0.23085132,-0.11954647
-0.37107047,0.077535465,0.12831235,0.10028063,0.18248677,-0.38697627,0.39233732,0.36120272,0.1686614,-0.21219763,0.16851786,0.21929629,-0.17635708,-0.51818305,-0.015803521,-0.034453023,0.3149774,-0.13824835,0.52486616,-0.48519388,-0.19998792,0.304299,-0.120767914,-0.2908674,0.1263355,0.33799064,-0.04696922,-0.2117717,-0.28162256,0.13833612,0.31523958,-0.14001875,0.28131688,-0.12368624,-0.30549583,0.24258074,-0.6574798,0.08057537,0.15419076,-0.4898274,0.3808995,-0.25055736,-0.08805601,-0.50898147,0.33891252,-0.25708824,-0.032954805,-0.44324818,-0.4019138,0.530328,-0.06852206,-0.46933204,-0.0594733,-0.112069525,-0.13444898,0.1437195,-0.051023364,0.4674477,-0.50903386,-0.14061777,0.29442996,0.1484113,0.16162151,0.0050935983,-0.35127562,0.18190685,0.004658605,0.112547375,0.10249505,0.6655376,-0.0053617507,0.31803936,0.7408571,-0.0010024011,0.312778,0.36291543,-0.29889223,-0.1714725,-0.21351261,0.15807794,0.29934734,-0.4401288,-0.8404954,0.46125183,0.13389573,0.21760805,0.061318696,0.145101,0.21862619,0.09148152,0.153387,0.15767953,-0.30270994,0.21106687,0.55706424,0.2308301,-0.052320547,-0.049344443,0.022987202,-0.09755154
-0.42107862,-0.10244132,0.117153116,0.20993266,0.19200253,-0.29932594,0.16099043,0.15730438,0.03935521,0.08545075,0.22386822,0.14806348,-0.23301771,-0.25157383,0.035255417,-0.023050515,0.102158226,-0.0637205,0.39171997,-0.4521123,-0.118728206,0.28768563,0.07425381,-0.121847585,0.08744206,0.18303233,-0.100049034,-0.13506052,-0.18546954,0.21627182,0.38173115,-0.011264704,0.32374114,-0.1679124,-0.17248611,0.01984471,-0.2636033,0.108458966,0.30638736,-0.60289013,0.05095622,-0.23237194,-0.2623495,-0.1698663,0.36727974,-0.11334154,0.10087702,-0.15352127,-0.23823246,0.27773383,-0.0033757892,-0.28519738,-0.021961715,-0.06920028,-0.115382284,0.25905308,-0.07961132,0.30777884,-0.35322106,0.10231306,0.1900039,0.2673413,0.09780662,-0.046611678,-0.23165499,-0.11345511,-0.17239735,0.26733235,-0.062322747,0.59830004,-0.13491672,0.016862012,0.58640957,-0.0169081,0.21050203,0.291205,-0.12101246,-0.1894479,-0.079165526,-0.029835975,0.36418962,-0.45162836,-0.5592525,0.16307084,0.27893573,0.016734276,-0.100052685,0.16723628,0.020064183,0.2813872,0.2294873,0.14487663,-0.15923558,0.31178066,0.36561698,0.30237472,0.15368362,0.12426789,0.040379323,-0.08341699
-0.648602,0.26389977,0.097489595,-0.061851818,0.33048114,-0.29046014,0.21664582,0.35538927,-0.38817528,-0.29420722,-0.0173006,-0.21830352,-0.16527253,-0.4114358,0.13543133,-0.24659638,-0.045856882,-0.65427965,0.01608788,-0.41876534,-0.031852305,0.035559926,0.022627823,-0.35818896,-0.076858096,0.49017966,0.010139721,-0.42508075,-0.19910248,0.1075925,0.41602746,-0.09074491,0.26090232,-0.434777,-0.28596398,0.2935668,-0.5624048,0.1369543,0.04240577,-0.56004417,0.38339958,-0.09121019,-0.25507197,-0.17058927,0.2094534,-0.22612351,-0.18311279,-0.27075142,-0.07541598,0.34828416,-0.40177703,-0.2948949,0.21430206,-0.10995078,0.121009745,-0.18179023,0.034267753,0.5526821,-0.57133245,0.19809999,0.3534721,0.04360065,0.11758521,-0.27092662,-0.26462546,0.05510065,0.56713396,0.39873782,-0.31003085,0.89239436,0.03677238,0.25733984,0.32653823,0.09665523,0.5674007,0.091015905,-0.17523694,0.04340959,-0.11120173,0.102246754,-0.08145312,-0.23317136,-0.94284105,0.4860957,-0.0053927177,0.10887087,0.312572,0.30250147,0.5487829,0.117436446,0.41386533,0.18204683,-0.19881077,0.26736274,0.3503478,0.46288237,-0.027312012,-0.41705564,0.34303805,-0.2379057
-0.44822323,0.11290828,0.28040376,0.21604668,0.2617272,-0.24807823,0.37889177,0.38548964,-0.03433474,-0.14129433,0.19004905,-0.0006552711,-0.17575715,-0.39695042,-0.04052245,-0.0132388305,0.0438667,-0.21419325,0.31073412,-0.33616075,-0.25132084,0.14764422,-0.03520173,-0.36063802,0.066828534,0.27632642,0.09231338,-0.33745694,-0.3525119,0.1448233,0.20394628,-0.10408969,0.334081,-0.24764416,-0.28298843,0.31418496,-0.5154998,-0.025102383,0.044031177,-0.49602416,0.4009182,-0.23047145,-0.18341583,-0.39775372,0.3529498,-0.24620432,-0.036626145,-0.36431587,-0.2958281,0.53216076,-0.19632003,-0.42805576,-0.07782221,0.06273495,-0.12932791,0.087701105,-0.016752899,0.36119834,-0.5181889,-0.07874884,0.28330314,0.09142316,0.1310148,-0.13595904,-0.41236696,0.20631313,0.15780212,0.17642094,-0.108387545,0.7312408,-0.05929313,0.38261843,0.6202134,-0.048404314,0.46145028,0.1926584,-0.18886426,-0.069207184,-0.12590483,0.18728879,0.15489474,-0.5130431,-0.7541709,0.4327523,0.06425174,0.18356073,0.038734376,0.2428441,0.32403022,0.29045284,0.19074154,0.23813501,-0.27634653,0.2563397,0.44142103,0.33831698,-0.20453261,-0.027292207,0.13312681,-0.1346583
-0.06451911,-0.18853049,0.38795733,-0.44705117,-0.52793294,-0.304233,0.26866424,0.110886686,0.06431598,-0.13679773,-0.2885026,0.20846574,-0.34673107,-0.74916977,0.005696108,-0.4480376,0.17760563,-0.6053348,0.29683098,-0.85671204,-0.06152603,0.46610877,-0.22816153,-0.29361942,0.40119267,0.17468476,0.3947483,-0.34436104,-0.13870116,0.21888262,0.06710398,-0.07147792,0.60586494,-0.4555302,0.13636462,0.25191808,-0.91827315,0.091070175,-0.047000438,-0.7552963,-0.06865892,-0.7180691,-0.11439169,-0.008172757,0.53566116,-0.33192003,0.0071207746,-0.3777478,-0.4181033,0.7090206,-0.3307408,-0.51523036,-0.04202333,-0.422449,0.31153616,0.4955667,-0.33624494,0.8269476,-0.39582583,-0.18477035,0.3654497,0.15743773,0.1915754,-0.06836582,0.05396014,0.22712539,0.08218667,0.48668265,-0.5340768,1.0178292,0.42261744,0.42278096,1.0144291,-0.16255999,0.5880757,0.2252298,-0.22059207,-0.40193596,0.23219478,0.47881103,-0.11990553,-0.46497533,-1.4405817,0.7216242,0.37049153,-0.076966494,-0.07228815,0.4957836,0.036480818,-0.07292817,0.2133453,0.21339633,0.03787868,0.49743402,0.4075466,0.06726712,0.3944261,-0.53841305,0.27115682,-0.80822134
-0.011292643,-0.1771091,0.37995434,-0.2960753,-0.5071703,-0.3031439,0.14386176,0.027287785,0.18277349,0.07274289,-0.20228785,0.17849122,-0.2683069,-0.6949575,0.12882039,-0.2630733,0.16492853,-0.47647518,0.1820927,-0.7283355,-0.029580014,0.47090667,-0.13435382,-0.25445053,0.38614088,0.14800075,0.17693903,-0.15692458,-0.078260146,0.21284539,-0.09272059,0.10928408,0.451824,-0.27881485,0.069298126,0.19297065,-0.6140965,0.084556505,-0.07460747,-0.5793115,-0.20045294,-0.71217114,0.010764105,0.09245837,0.53561026,-0.3359996,-0.009266798,-0.22872028,-0.3171903,0.6363536,-0.2652445,-0.4499614,0.02045652,-0.3206857,0.24156287,0.52540576,-0.27248657,0.50177693,-0.19130906,-0.1572633,0.2142974,0.12232594,0.15084983,-0.17287326,0.046279512,0.19888686,-0.12775864,0.4292542,-0.42996332,0.6852119,0.2400683,0.29491514,0.89632565,-0.16433364,0.3517419,0.18222186,-0.07108457,-0.42613342,0.21588112,0.4510919,0.16606683,-0.2984901,-0.9975121,0.4990152,0.34705225,-0.113896295,-0.28189155,0.4867922,-0.17077488,-0.11752189,0.12988006,0.15366592,0.026152927,0.32943976,0.40700102,0.068023026,0.380206,-0.36048827,0.20047417,-0.73244864
-0.37184545,0.06699256,0.2445565,0.014144989,0.023011653,-0.2898931,0.24986628,0.24945539,-0.012136787,-0.16450588,0.16398187,-0.05421034,-0.26497516,-0.57469344,0.12595807,0.02832013,0.024413185,-0.3461263,0.23212896,-0.2733748,-0.1962158,0.19309974,0.0052573457,-0.3274002,-0.046630938,0.33013162,0.101459384,-0.29115832,-0.20517434,0.081540056,0.15524459,-0.08229936,0.30710343,0.0316307,-0.28931257,0.25680673,-0.35485366,0.021880167,-0.084495515,-0.45321417,0.2468526,-0.26309204,-0.008561339,-0.26656035,0.26205325,-0.24344179,-0.24168052,-0.14409441,-0.31491378,0.50474536,-0.20168968,-0.32212082,0.040497236,-0.10602429,-0.12419971,0.15275028,0.02221165,0.2934556,-0.3703643,-0.039258376,0.24585755,0.013312789,0.06696638,-0.27379304,-0.37466007,0.2026445,-0.0890638,0.12754646,-0.16135114,0.7324024,0.038227294,0.31635478,0.58893853,-0.10258586,0.29377684,0.20871584,-0.077677555,-0.212629,-0.23485619,0.21197091,0.2235775,-0.3457256,-0.69804347,0.39268252,-0.0836126,0.003636803,-0.19465202,0.25964445,0.054866284,0.0034693065,0.1510033,0.24724936,-0.27164376,0.17964727,0.47295836,0.3233463,-0.05612629,-0.21933828,0.07426658,-0.21548645
-0.45391324,-0.22163796,0.23707652,-0.085391454,-0.024752768,-0.5528141,0.47583875,0.5921266,0.24788462,-0.34953597,-0.123057604,0.54759204,-0.31167465,-0.45783317,-0.23258081,-0.42952254,0.38311893,-0.22498775,0.7604412,-0.74783176,-0.30626425,0.79994625,-0.13990146,-0.19112355,0.47918788,0.39545366,0.0917902,-0.2555472,-0.19864899,0.19468908,0.53673613,-0.3633644,0.4964017,-0.22475544,-0.03750557,0.5167493,-1.2554238,0.3178779,0.45151654,-0.9957865,0.28595927,-0.43580046,-0.34723237,-0.31829306,0.4789808,-0.4027694,0.08367446,-0.36058465,-0.743051,0.76798016,-0.01906559,-0.4682263,0.050172582,-0.3814946,-0.18980303,0.38827056,-0.20293674,0.9219714,-0.47560483,-0.18929744,0.48156258,0.21123748,0.17960218,0.0173503,-0.40734074,0.006353997,-0.23562765,0.3802639,-0.08385843,0.87450165,0.1470325,0.6348366,1.0390925,-0.033698328,0.4822226,0.72670007,-0.5486498,-0.26467994,-0.383961,0.17578258,0.05984578,-0.19717355,-1.2941222,0.5314535,0.034211732,0.26749346,0.21934089,0.38061658,0.4294294,0.016986575,0.17902003,0.10295237,-0.18659534,0.43347663,0.8247831,0.23164782,0.20145626,-0.46235266,0.19416071,-0.33336696
-0.11539619,-0.4164104,0.44226927,-0.091891654,-0.4761264,-0.47932723,0.41745675,0.25661308,0.520412,-0.1529451,-0.11066561,0.6166722,-0.4407814,-0.8072187,-0.06217184,-0.294215,0.414375,-0.3056503,0.58251154,-0.93055063,-0.32715195,0.8097811,-0.21109623,-0.15489104,0.54826194,0.1453055,0.28167713,-0.14575188,-0.25955108,0.3584684,0.1942868,-0.37311396,0.6776605,-0.31957906,0.083513394,0.23413359,-0.9244378,0.07749729,0.2978595,-0.9494499,-0.07391921,-0.743518,-0.2884414,-0.21343715,0.78579336,-0.47120377,0.23403175,-0.45061937,-0.659804,0.9010963,-0.1275346,-0.73342764,-0.13303143,-0.39769828,0.08065892,0.6956328,-0.38973996,0.6422025,-0.38013494,-0.3767219,0.21050504,0.379302,0.20600592,-0.026620861,-0.26020256,0.31597376,-0.46235406,0.40136558,-0.306807,0.8785357,0.2594206,0.57625717,1.3153822,-0.1853412,0.41171378,0.62510073,-0.50172585,-0.48895776,-0.10412459,0.36093843,0.2571149,-0.60427964,-1.3519479,0.6597906,0.43775198,0.10779719,-0.17504536,0.40503713,-0.21090403,0.03023593,-0.091113895,0.22401907,0.06861493,0.4725585,0.8561501,0.022485051,0.45095792,-0.2260229,0.08686265,-0.7211176
-0.0058300686,-0.19443688,0.43764165,-0.29775497,-0.400411,-0.30543578,0.33305955,0.11238141,0.10987138,-0.03424793,-0.20030826,0.2305111,-0.3669098,-0.69357914,0.034090385,-0.3512732,0.17092179,-0.4100937,0.3561597,-0.84002304,-0.1362982,0.48733422,-0.24253939,-0.25265184,0.4410055,0.109954245,0.3446193,-0.24439612,-0.1770568,0.16673008,-0.025494259,-0.11587027,0.62957984,-0.45933244,0.090419106,0.10812666,-0.7689692,0.054652456,0.04621987,-0.6865124,-0.03916354,-0.7168534,-0.15428482,-0.033343785,0.49592465,-0.38872364,0.055252694,-0.41917765,-0.35352662,0.6926522,-0.28541154,-0.65783805,-0.039468348,-0.29297188,0.27764758,0.58996695,-0.28798497,0.6649113,-0.391961,-0.22454868,0.28445765,0.15861994,0.15649231,-0.03228647,0.008934444,0.277555,0.02990481,0.44861442,-0.45824745,0.8438278,0.28158763,0.43287304,1.0989172,-0.18190986,0.5461409,0.24553229,-0.22336496,-0.39908418,0.1732744,0.44134367,0.021458892,-0.47443044,-1.3611621,0.6557272,0.43515766,-0.058933165,-0.09438522,0.50848126,-0.027039168,-0.0028297694,0.16208674,0.30672055,0.094360806,0.50801253,0.4852768,0.08108912,0.37765458,-0.33804053,0.26586285,-0.770129
-0.32875395,-0.4015213,0.36922887,0.05788373,-0.31478316,-0.6046305,0.52524686,0.40193325,0.599481,-0.14793883,0.18234745,0.7037517,-0.54620594,-0.9111811,-0.10578592,-0.1164855,0.4975973,-0.1639945,0.7943784,-0.9455703,-0.5001479,0.84085524,-0.18072626,-0.22224283,0.38928443,0.2489384,0.24397847,-0.16045758,-0.4051973,0.32214004,0.33898368,-0.44816613,0.7253767,-0.17150125,-0.04623353,0.18590212,-0.9152092,0.028652936,0.4097503,-1.0237446,0.08897372,-0.6689868,-0.31725103,-0.45591965,0.8497405,-0.48998037,0.17376411,-0.53215814,-0.7308786,0.9399973,-0.10370722,-0.7796473,-0.17962441,-0.29026154,-0.14327842,0.69557524,-0.3694369,0.6667211,-0.4731248,-0.3683792,0.21879455,0.4191596,0.2090007,-0.06716151,-0.43142724,0.36723828,-0.5646586,0.29465193,-0.080619514,0.94787866,0.13634425,0.6223013,1.3771021,-0.17857487,0.43843922,0.7600903,-0.53327614,-0.532789,-0.39507827,0.32781616,0.4505474,-0.68805134,-1.3055527,0.6718329,0.33034915,0.15050384,-0.27911788,0.33461326,-0.21923633,0.07226818,-0.14716484,0.2662403,-0.028912786,0.43725795,1.0482619,0.11971922,0.36931902,-0.111964904,-0.023495167,-0.49052534
-0.36581215,-0.23385732,0.21849751,-0.11407763,0.0047687544,-0.4346857,0.3956612,0.44828758,0.27015966,-0.29890805,-0.06781478,0.53962475,-0.28239876,-0.3794776,-0.2311831,-0.37682888,0.30370545,-0.089010574,0.736479,-0.62938863,-0.26975033,0.7807647,-0.16233453,-0.10953547,0.42826217,0.2829042,0.13165171,-0.2376273,-0.20987594,0.13235947,0.41835457,-0.32735398,0.45834994,-0.22887158,-0.03266058,0.4357368,-1.1133858,0.29657763,0.39150006,-0.8335827,0.23047173,-0.31111345,-0.32491255,-0.28176922,0.3672573,-0.3039561,0.107617,-0.25647274,-0.65883005,0.6676873,0.05403147,-0.45211038,-0.025248427,-0.32743123,-0.1740161,0.34924722,-0.17425172,0.8387681,-0.44514737,-0.18519123,0.3834335,0.22223237,0.15614387,0.08745624,-0.3430219,-0.030743614,-0.24096005,0.3293291,-0.034565497,0.73340803,0.1305442,0.54496026,0.90744466,-0.07245266,0.40263653,0.67946804,-0.5282134,-0.26229602,-0.37023422,0.18243058,0.034113225,-0.18301003,-1.1090789,0.3918923,0.06855229,0.24263553,0.17813423,0.29539192,0.326847,0.026257556,0.14588475,0.14266227,-0.116498694,0.46183214,0.5744171,0.10917719,0.19271895,-0.34047586,0.15586641,-0.2610425
0.08311378,-0.13109884,0.33789533,-0.2376478,-0.48089153,-0.24741903,0.24770917,0.050894316,0.056106873,0.04380186,-0.35765022,0.1751887,-0.24820304,-0.5789174,0.03254507,-0.3324698,0.2251419,-0.43504703,0.19200683,-0.75858504,-0.058236863,0.4293675,-0.15150334,-0.2170759,0.42344582,0.09965838,0.16534637,-0.14218245,-0.1084648,0.2348286,0.07039176,0.045296278,0.48110592,-0.2675886,0.123787835,0.037867382,-0.6180009,0.015479864,0.04598125,-0.6579503,-0.19504666,-0.69079983,-0.18845874,0.039160926,0.4882696,-0.31663787,0.06133112,-0.35468718,-0.34910175,0.4819314,-0.25527042,-0.48963526,0.0023790929,-0.36217484,0.28754896,0.5642453,-0.30603373,0.47865474,-0.28761256,-0.09721975,0.31648234,0.09934172,0.15999828,-0.040004596,0.07510022,0.14576137,-0.09114659,0.3190001,-0.46739915,0.76226014,0.26213348,0.3044488,0.91607696,-0.12472102,0.32336664,0.11731042,-0.15427865,-0.3879975,0.27182382,0.22047696,0.075938135,-0.44371846,-1.1457607,0.6070974,0.4252337,-0.11269898,-0.051643558,0.44890305,-0.04337186,-0.012793172,0.21917708,0.17566296,0.14093496,0.38115618,0.47184357,0.06769591,0.40756974,-0.320457,0.241777,-0.75572383
-0.46190062,-0.22946876,0.18238336,-0.045635566,-0.02922562,-0.51713663,0.43550858,0.49872637,0.25497538,-0.2688657,-0.069152564,0.59197074,-0.29321566,-0.46936858,-0.19765906,-0.32993028,0.41231075,-0.16795795,0.68760824,-0.66347784,-0.30414915,0.7682324,-0.14183067,-0.1594787,0.3635433,0.37635013,0.056661118,-0.19754207,-0.19266862,0.17230676,0.5183893,-0.3494995,0.44855347,-0.15301274,-0.046859827,0.39680088,-1.0854259,0.31791508,0.46528944,-0.869371,0.22204046,-0.33306646,-0.35568365,-0.28983757,0.4251529,-0.36460578,0.07114024,-0.3262946,-0.67940456,0.6374152,-0.042914692,-0.42236963,0.0532261,-0.3619734,-0.16463979,0.3394144,-0.19999146,0.8094246,-0.44357094,-0.13698514,0.40484765,0.1868804,0.1593173,-0.018003888,-0.3835958,0.00038670437,-0.24456592,0.2980381,-0.015354949,0.7440114,0.08972544,0.53648746,0.90150404,-0.016491706,0.42137071,0.67090625,-0.5131713,-0.23708637,-0.42505264,0.105274014,0.11762508,-0.16368483,-1.1368299,0.4910564,0.06485302,0.2560116,0.16487117,0.31228176,0.36884475,0.004644692,0.17002147,0.103472136,-0.11943365,0.37980273,0.76491815,0.18086512,0.19956021,-0.38806322,0.17803569,-0.3034536
-0.04477201,-0.21084878,0.6542434,-0.45199823,-0.5565941,-0.294398,0.31918058,0.014873725,0.02492181,0.047073852,-0.21890347,0.08989929,-0.44846565,-0.8916445,0.18517213,-0.40589038,-0.0134228915,-0.5550093,0.30128676,-0.86853105,-0.10580953,0.51131743,-0.26344305,-0.3577892,0.49095497,0.12879334,0.4781344,-0.3662435,-0.12229824,0.10730557,-0.34365335,0.088284865,0.7358984,-0.5947906,0.0897204,0.20477727,-0.811473,0.069524094,-0.15916559,-0.7289987,-0.05466181,-0.94361144,0.024259198,0.16176862,0.5655999,-0.47142524,-0.051248334,-0.30648643,-0.31723267,0.87079984,-0.42376083,-0.76429015,0.029882777,-0.24968342,0.36019605,0.7572395,-0.2549344,0.7621467,-0.339509,-0.30584615,0.30492958,0.12735878,0.094058275,-0.219821,0.07690504,0.33702368,0.06266779,0.65548384,-0.688539,0.9702643,0.3272325,0.50659764,1.2705588,-0.2896821,0.72851443,0.23250759,-0.07950078,-0.52559423,0.32034343,0.74869746,0.07346212,-0.41582298,-1.4823548,0.6610153,0.45919865,-0.19686711,-0.36671025,0.72272134,-0.14717111,-0.09433982,0.2037952,0.3916131,-0.00014478565,0.58266115,0.38787842,0.14448349,0.43155438,-0.4822398,0.36260396,-1.0225203
-0.43823704,-0.4430871,0.38032112,0.13097554,-0.14772491,-0.68229276,0.47458494,0.50884473,0.703361,-0.09380653,0.2747821,0.7271313,-0.47073963,-0.8471841,-0.11734149,-0.102885805,0.468671,-0.09794786,0.7976907,-0.9419735,-0.46979606,0.8960704,-0.19031763,-0.23612916,0.44560716,0.34214273,0.15801372,-0.1139563,-0.36993614,0.29528323,0.25592673,-0.4337026,0.66849184,-0.21694161,-0.121429294,0.33126175,-0.95034575,0.1941433,0.46495906,-0.97870636,0.1624823,-0.6740813,-0.2981761,-0.4059585,0.8299053,-0.5621872,0.2080112,-0.4491754,-0.7194438,1.0426042,-0.084976286,-0.7792056,-0.117052175,-0.20821029,-0.22793864,0.6280537,-0.3180188,0.68083626,-0.38613996,-0.36612263,0.17153518,0.42519537,0.25388634,-0.11958369,-0.48223087,0.3401052,-0.60198694,0.38185248,0.0047067604,0.76377314,-0.01719333,0.66527045,1.3035783,-0.21062352,0.5087617,0.88673097,-0.5322965,-0.43122578,-0.5259965,0.38170955,0.5625582,-0.43448472,-1.1517577,0.4737855,0.19431643,0.17439283,-0.26568785,0.3647156,-0.20553593,0.026954925,-0.23013298,0.18771434,-0.06547929,0.38625586,1.0746169,0.13311104,0.3170054,-0.057764366,0.011710488,-0.39661574
-0.02113131,-0.07469331,0.36389962,-0.2767895,-0.48068234,-0.30436128,0.30570528,0.0219477,0.0059418892,0.19264364,-0.2417978,0.14094159,-0.29057068,-0.69591296,0.10989369,-0.240412,0.23322944,-0.45701414,0.17838211,-0.794841,-0.1061955,0.3833627,-0.17757842,-0.33641917,0.3282064,0.14919977,0.1527435,-0.18119724,-0.12831976,0.17200764,0.03428841,0.24946776,0.47680768,-0.2444543,0.051666047,0.00032039944,-0.50390923,-0.05379951,-0.045985606,-0.61512566,-0.23342319,-0.74548197,-0.059049953,0.001330629,0.537816,-0.34366435,-0.11324067,-0.3537703,-0.28573108,0.50196195,-0.3113653,-0.5192,0.03862537,-0.33397132,0.23105766,0.7083921,-0.30887604,0.51209766,-0.31356382,-0.008593304,0.3613012,-0.053286117,0.14723335,-0.11717737,0.028023934,0.12898009,-0.07569231,0.30830696,-0.44255415,0.8238782,0.14968635,0.2917531,0.9418324,-0.18521902,0.39971188,0.018524658,0.061214663,-0.46088976,0.26590714,0.36054048,0.22154413,-0.3782098,-1.114133,0.6307387,0.39125505,-0.220374,-0.27628967,0.5236344,-0.06834107,-0.020835575,0.2906353,0.23118317,0.08775134,0.30287048,0.5041693,0.16209365,0.403753,-0.3352039,0.2562782,-0.7159194
-0.565558,-0.3078311,0.19697194,-0.03136505,0.082369566,-0.5873798,0.3959641,0.5134272,0.26624104,-0.12389924,0.00079158053,0.6399282,-0.3347042,-0.46748954,-0.14945361,-0.32617542,0.4277501,-0.13059118,0.841188,-0.8098226,-0.27491572,0.86177975,-0.0770214,-0.1677402,0.4629601,0.4910982,-0.02493146,-0.18991351,-0.14388737,0.19470616,0.59120995,-0.29730198,0.53528756,-0.21234956,-0.023462249,0.40320182,-1.2082226,0.4785981,0.5790696,-1.0240214,0.23275661,-0.483319,-0.45353526,-0.19751261,0.3827884,-0.38748914,0.13631049,-0.3250176,-0.7432567,0.6855872,-0.106512204,-0.41540912,0.12955764,-0.33916602,-0.16582482,0.38549072,-0.20372184,0.97077,-0.4813716,-0.07657113,0.44229147,0.23628995,0.2034645,-0.032289077,-0.32824415,-0.110524945,-0.24763055,0.4114671,-0.047435768,0.8395285,-0.02654039,0.5507237,1.0209917,-0.019499196,0.5072398,0.7895883,-0.5178602,-0.25527328,-0.43611383,0.090926066,0.20343803,-0.09516282,-1.263307,0.41205645,0.09242493,0.23273052,0.12301063,0.40873542,0.39613038,0.041572813,0.26259133,0.10472731,-0.14747606,0.51520073,0.7640175,0.30919075,0.28150398,-0.37171412,0.2462711,-0.2814022
-0.5402618,-0.3395621,0.27856085,-0.0691354,-0.0625598,-0.6117034,0.44044796,0.62138623,0.3304119,-0.3237054,-0.11657959,0.65318465,-0.35192072,-0.43657732,-0.22194481,-0.3832356,0.278455,-0.17684764,0.7574918,-0.6669895,-0.37778077,0.94357294,-0.15856181,-0.14288048,0.4861891,0.40879774,0.14051783,-0.24577944,-0.26317132,0.14706649,0.47372243,-0.42552173,0.47418538,-0.19596244,-0.026455894,0.580929,-1.2797441,0.38294104,0.4570105,-0.9283274,0.235954,-0.3521296,-0.32958376,-0.21833093,0.4764813,-0.3980055,0.03450523,-0.23727329,-0.7163961,0.78911537,0.017464349,-0.418277,0.09032717,-0.35838902,-0.19632922,0.37350032,-0.22398335,0.8887,-0.39154172,-0.22552495,0.37537143,0.2212974,0.2261038,-0.061044037,-0.4672173,0.02721086,-0.34732863,0.43355253,0.026232064,0.72154933,0.14244367,0.6965361,1.0189748,-0.046791468,0.480065,0.8567193,-0.5090316,-0.32348368,-0.53712654,0.22783451,0.08564877,-0.023475176,-1.0832747,0.3703005,-0.014173131,0.2910116,0.15395272,0.3985455,0.4087536,-0.10568189,0.091777526,0.14541937,-0.071476765,0.46233705,0.7620217,0.21772571,0.20770746,-0.4086325,0.20820129,-0.24968487
-0.19616932,-0.35952368,0.37634966,-0.050523706,-0.31525898,-0.49838358,0.48845822,0.3409565,0.54386526,-0.20601262,0.09271192,0.5872478,-0.38134542,-0.82658273,-0.08539122,-0.18176547,0.456651,-0.24526875,0.59808505,-0.88213265,-0.36973116,0.69099855,-0.21848321,-0.22492239,0.37388432,0.22683127,0.29770818,-0.16093975,-0.33382404,0.30821756,0.26709044,-0.4212166,0.6190469,-0.24223715,-0.017407944,0.26676285,-0.9038422,-0.0040623834,0.269216,-0.87316614,0.12279598,-0.678916,-0.26550066,-0.39478683,0.75895095,-0.48162243,0.17941837,-0.56205076,-0.60458297,0.8902965,-0.14637132,-0.7361033,-0.14568126,-0.3092228,-0.03622807,0.5857857,-0.34874552,0.6287351,-0.46195883,-0.37479508,0.19162542,0.336489,0.23051198,-0.050121784,-0.36307913,0.40900168,-0.34751478,0.26852483,-0.15975963,0.8389077,0.15923709,0.58917034,1.1959621,-0.14344606,0.47075897,0.6400799,-0.49965858,-0.39497337,-0.24587362,0.3752723,0.27150497,-0.5672846,-1.2538842,0.67085624,0.28610623,0.16420053,-0.16815752,0.28540725,-0.14939874,0.024510268,-0.14445081,0.2123683,0.0007824798,0.35726345,0.90661377,0.06424369,0.29202572,-0.2004321,0.016092427,-0.52197796
-0.40538317,-0.3412003,0.32014653,0.027401663,-0.14784354,-0.59249765,0.57678914,0.5371369,0.54727846,-0.294492,0.17858355,0.6703741,-0.36339357,-0.8097627,-0.17867166,-0.18549109,0.5192779,-0.18451102,0.74331623,-0.8544633,-0.4505281,0.75778204,-0.19963309,-0.26379764,0.3602059,0.38099572,0.22844283,-0.18086037,-0.3523183,0.28153205,0.38086423,-0.5034309,0.58958656,-0.16613919,-0.102856524,0.38985276,-1.0775323,0.1065735,0.40880102,-0.943753,0.30629456,-0.59955394,-0.3087418,-0.5244148,0.7409427,-0.51784587,0.15450822,-0.5779808,-0.7403394,0.9336713,-0.1282562,-0.7200144,-0.09355277,-0.30718216,-0.22266099,0.49379438,-0.31529465,0.7525378,-0.5004962,-0.35728538,0.30147442,0.3163377,0.23378158,-0.05241794,-0.4866692,0.34101284,-0.40326545,0.21900082,0.0024382207,0.8454486,0.07535085,0.68717635,1.1804106,-0.11520314,0.51930374,0.7958854,-0.58929646,-0.3277038,-0.4400167,0.3098352,0.34835792,-0.48653752,-1.2743667,0.64228046,0.11567202,0.25205874,-0.07259917,0.25639322,0.017756857,0.0024205155,-0.13691357,0.14496619,-0.1390515,0.31938186,1.0404605,0.12112383,0.17972594,-0.23680407,0.0090080695,-0.37852016
0.04568443,-0.07455135,0.5149605,-0.36618587,-0.5377505,-0.23249744,0.20917207,-0.030932702,-0.031728726,0.050066266,-0.3222794,0.0733617,-0.26183024,-0.7480956,0.13856538,-0.3945351,0.07855791,-0.5247989,0.13906182,-0.7701722,-0.011998721,0.50340885,-0.17681654,-0.24370345,0.38681775,0.0654067,0.26809314,-0.22755957,-0.1027231,0.21743311,-0.18735537,0.11570895,0.5933266,-0.38314974,0.06488666,0.11034341,-0.6445386,0.010897147,-0.07470493,-0.6424765,-0.2164002,-0.7510404,-0.08693026,0.16519794,0.4679654,-0.34729865,-0.036439516,-0.26346755,-0.25590697,0.583061,-0.28225878,-0.6095499,0.03345567,-0.3505539,0.3871599,0.6275371,-0.23278202,0.5117705,-0.33292234,-0.18331085,0.21783064,0.11445617,0.057639197,-0.124655336,0.052465335,0.21303345,0.005172858,0.50945336,-0.6220295,0.7949609,0.26098886,0.30308852,1.0067272,-0.1831285,0.4232626,0.10928608,-0.1684943,-0.4562455,0.33089092,0.45513898,0.0826599,-0.4121001,-1.2458535,0.6599614,0.48617384,-0.14872906,-0.24571958,0.57927686,-0.10257645,-0.058593746,0.29495335,0.31534103,0.07395521,0.4364846,0.34452093,0.09502284,0.42560646,-0.45458558,0.34809896,-1.0150943
-0.49171194,-0.24640332,0.23601525,0.0019470983,0.0041858456,-0.54776376,0.4451422,0.50220346,0.3625313,-0.2995632,0.15955435,0.53529215,-0.31219968,-0.70729905,-0.07838351,-0.14823914,0.40620598,-0.2339562,0.65881836,-0.7133637,-0.32012635,0.63349205,-0.1525843,-0.25618458,0.21880417,0.4554811,0.13669084,-0.2668314,-0.31929806,0.19608393,0.40093973,-0.42006811,0.46375954,-0.17458467,-0.13877624,0.43049037,-1.0373033,0.19211449,0.2842198,-0.8252677,0.38102925,-0.4686237,-0.23297262,-0.37754893,0.5297927,-0.43513954,0.02112547,-0.49066707,-0.58271843,0.7865728,-0.1571685,-0.539146,0.032505054,-0.25256795,-0.15300985,0.25908887,-0.21875437,0.72040737,-0.5360408,-0.2864382,0.25340864,0.26111853,0.24205534,-0.1501776,-0.44292438,0.2931844,-0.102170356,0.26546836,-0.017553903,0.7475339,0.074843146,0.5891888,0.9730459,-0.036134735,0.54650533,0.70765746,-0.48328903,-0.2469854,-0.47717535,0.27962318,0.20940918,-0.2868724,-1.1317182,0.5542102,0.060744807,0.28103578,-0.0017616036,0.27390757,0.20461741,-0.047799032,0.027021378,0.18808712,-0.15885119,0.37066492,0.8193267,0.23902147,0.116534986,-0.27148676,0.0889574,-0.25320885
-0.53275454,-0.5277341,0.43106318,-0.0410914,-0.23345964,-0.7180029,0.64468044,0.6682261,0.7587207,-0.45890465,0.14467992,0.968935,-0.49373955,-0.88432187,-0.26963755,-0.3295312,0.5302314,-0.099843256,1.0519043,-0.94683063,-0.6017403,1.2050968,-0.24319704,-0.13761987,0.5320573,0.31276336,0.30077216,-0.26370808,-0.40399334,0.31919843,0.46444002,-0.689397,0.7949005,-0.1896602,-0.09000476,0.58703226,-1.4289013,0.2180669,0.561518,-1.2234658,0.25600427,-0.59557515,-0.45010164,-0.52970177,0.82899606,-0.51606065,0.21978684,-0.42764658,-1.0487198,1.1608104,0.076731205,-0.8108198,-0.20244525,-0.4107788,-0.30683595,0.6593836,-0.34665194,0.9468633,-0.5821706,-0.4856321,0.26480642,0.456434,0.17306112,0.007209417,-0.7149013,0.29556736,-0.70669955,0.36337212,-0.0023585004,0.9852825,0.14609788,0.9035335,1.468111,-0.21647696,0.50841665,1.1560615,-0.89309645,-0.5079649,-0.7096311,0.41410685,0.33524054,-0.48331782,-1.4376934,0.6560938,0.15966249,0.39380425,-0.14068694,0.31960204,0.011609682,-0.021568228,-0.1710055,0.23025957,-0.15072723,0.50708973,1.0998312,0.053292733,0.28905305,-0.34950262,0.030562555,-0.4828655
-0.5701417,-0.47101355,0.40961245,0.081090406,-0.09482251,-0.5955062,0.5833458,0.5072103,0.5078578,-0.24092007,0.1259356,0.69862926,-0.3981653,-0.87312454,-0.07514865,-0.12964788,0.4576669,-0.29885897,0.6025428,-0.8509413,-0.45257038,0.7705261,-0.19668688,-0.27186278,0.35038275,0.4259338,0.24690242,-0.31389996,-0.43754205,0.28604642,0.36705926,-0.49466306,0.60767925,-0.36110023,-0.14858438,0.44921142,-1.0794799,0.095301494,0.3397701,-0.92879444,0.2479801,-0.6216323,-0.36645374,-0.35381442,0.7253831,-0.5550985,0.06951412,-0.56500584,-0.6914409,0.96664566,-0.2738484,-0.7190863,-0.066748634,-0.30968127,-0.129528,0.4507759,-0.39170218,0.71351975,-0.54561305,-0.2572126,0.24429382,0.22055213,0.24591503,-0.21189234,-0.6409126,0.3592472,-0.21605921,0.33474335,-0.11828083,0.8766061,0.00030511618,0.7924282,1.1086998,-0.19316246,0.6718729,0.79786694,-0.52531165,-0.27972656,-0.5519269,0.40372947,0.33834052,-0.34337285,-1.2187973,0.63211423,0.1463361,0.30128202,-0.09806221,0.36122254,0.09344232,0.0056957123,-0.07205973,0.2537518,-0.013688589,0.4273258,0.9691658,0.16584763,0.15824364,-0.20164596,0.12478937,-0.46039027
-0.4754218,-0.3474228,0.45561874,-0.07333148,0.055985942,-0.61831784,0.6047257,0.67872065,0.5262617,-0.3998559,-0.14261052,0.7143328,-0.36815244,-0.36509186,-0.35181683,-0.50122714,0.16597687,0.08669558,0.92826587,-0.71385884,-0.42130277,1.1986403,-0.31123382,-0.17466682,0.6143722,0.34266484,0.29466486,-0.29742208,-0.45845842,0.11380039,0.37643296,-0.38518548,0.5405363,-0.39066672,-0.11967364,0.72344685,-1.4782053,0.37030128,0.44523,-0.95517445,0.41097456,-0.22526222,-0.28670195,-0.43245357,0.57826054,-0.47082344,0.17379992,-0.20610918,-0.7136969,1.015938,0.26361412,-0.72122747,-0.009164772,-0.24834524,-0.2619802,0.5366074,-0.17245781,1.0388275,-0.44287002,-0.39876524,0.42195734,0.36235464,0.2967914,0.14580864,-0.5660071,0.010699462,-0.43461955,0.5347936,0.13949402,0.8085742,0.19776827,0.7493932,1.2144108,-0.11275503,0.5147632,1.0196614,-0.64887357,-0.39148793,-0.6273512,0.39625582,0.09625905,-0.05627742,-1.1420985,0.20954525,-0.036142275,0.33875334,0.25949827,0.3819655,0.43145815,-0.07356712,-0.002541292,0.23209654,-0.064318694,0.53125226,0.6716967,0.04305539,0.13698177,-0.3429062,0.1928278,-0.21370567
-0.45996264,-0.11120399,0.14608137,-0.15220258,0.074768916,-0.42211917,0.42750087,0.5987866,0.0677811,-0.38585505,-0.053821474,0.34810612,-0.22104101,-0.22023852,-0.30538052,-0.46403435,0.21620569,-0.16532952,0.6239565,-0.55562675,-0.24107273,0.6447122,-0.0627252,-0.13050602,0.2296303,0.28345203,0.13185,-0.23942307,-0.18543984,0.17714918,0.6507921,-0.2926828,0.39116356,-0.1609152,-0.06590071,0.42590645,-1.0315514,0.17764318,0.39129466,-0.90486324,0.3102768,-0.24074094,-0.34014848,-0.35726154,0.41222635,-0.25673264,0.116209865,-0.2509934,-0.5563628,0.48639515,0.09610003,-0.3599618,0.072923556,-0.29931608,-0.18860054,0.2662095,-0.09259518,0.7676425,-0.47871718,-0.11057745,0.42442137,0.22852278,0.08589986,0.03995061,-0.41484964,-0.07049922,-0.08235934,0.32254994,-0.07627315,0.809638,0.09974044,0.36821342,0.74524385,0.063138336,0.36005646,0.57590586,-0.5262831,-0.18547373,-0.3384558,0.07370022,-0.070311405,-0.22585249,-1.0414739,0.51529384,0.0025764133,0.29232028,0.2485589,0.1851911,0.49947083,0.07090997,0.2689583,0.086156934,-0.21081267,0.3400789,0.6449712,0.2280444,0.10439375,-0.50631595,0.1463636,-0.20120555
-0.12834956,-0.11586157,0.2668474,-0.12649994,-0.37312707,-0.42627215,0.35140678,0.2467084,0.21939407,-0.088259995,-0.23117656,0.4049256,-0.27594057,-0.73936015,0.029134631,-0.2825865,0.46608332,-0.44415307,0.34655046,-0.86614174,-0.15311015,0.5882011,-0.13340755,-0.2485575,0.3631892,0.29509237,0.02987793,-0.11917797,-0.16189016,0.31609172,0.29673132,-0.13130975,0.49709523,-0.21237431,0.011403478,0.16967446,-0.82403046,0.10530549,0.24763267,-0.8432784,-0.048739847,-0.625859,-0.26649126,-0.16583563,0.5966397,-0.44613302,0.084853925,-0.48276177,-0.5016149,0.63945377,-0.25739208,-0.56029636,0.08481128,-0.42581502,0.16932464,0.503366,-0.28377554,0.5866518,-0.43204758,-0.14413221,0.31521788,0.18108638,0.15342355,-0.115812145,-0.12849008,0.198021,-0.12471417,0.29452178,-0.3360238,0.81590563,0.17541218,0.37487242,0.99892783,-0.026821384,0.37060452,0.3126537,-0.34848735,-0.3161098,0.00084268925,0.17037128,0.21324493,-0.40848902,-1.3198211,0.74345225,0.3671006,0.10677468,-0.0037411898,0.43254843,0.09121879,-0.022504248,0.2014746,0.12555839,0.018790845,0.3250074,0.7873228,0.16023341,0.36591646,-0.41541326,0.21118312,-0.7351095
-0.5872551,-0.38667947,0.342766,-0.08613357,-0.2416853,-0.64220965,0.56409574,0.58304876,0.59282994,-0.37273562,0.15350455,0.83551115,-0.38597402,-0.89899653,-0.14964446,-0.21111102,0.4735551,-0.17511183,0.79534686,-0.7779623,-0.5612766,0.9848187,-0.2318872,-0.19152175,0.28700045,0.36216938,0.2499958,-0.2526498,-0.38082048,0.24286641,0.44966087,-0.5538005,0.6846653,-0.077180885,-0.15096216,0.45126534,-1.2455746,0.15253295,0.45405996,-1.0190536,0.247597,-0.47772646,-0.4117587,-0.4951478,0.72854114,-0.46510193,0.076333754,-0.41289437,-0.85494345,0.93703485,-0.053866144,-0.6599557,-0.10641968,-0.35204914,-0.20234805,0.5105417,-0.31821176,0.77715915,-0.56812555,-0.34136936,0.22820912,0.29075074,0.14739978,-0.12977031,-0.6825252,0.3062503,-0.50652367,0.21531309,0.054797508,0.8765423,0.09250343,0.7506523,1.1734246,-0.1223663,0.47779673,0.9222773,-0.7138439,-0.43417558,-0.66793436,0.33904335,0.35134768,-0.3637806,-1.1906003,0.6612306,0.11666615,0.3646039,-0.18621439,0.2264501,0.07695782,-0.12231379,-0.09060668,0.19416767,-0.09808096,0.3532515,0.9649386,0.09184549,0.17500658,-0.4019051,0.047557652,-0.44571695
-0.46803156,-0.25467938,0.3178842,-0.012273036,-0.10666121,-0.49399325,0.44731176,0.38587436,0.50934035,-0.23167045,0.33782658,0.5199371,-0.3463374,-0.8334409,-0.07285033,-0.067801796,0.301389,-0.17513351,0.5175164,-0.63439894,-0.34268725,0.70215756,-0.20207804,-0.2923887,0.05162741,0.27417886,0.31549785,-0.24759255,-0.4038197,0.20032021,0.14975727,-0.38585758,0.56270695,-0.1605574,-0.21911283,0.3227727,-0.7414227,0.031101793,0.19933708,-0.61824465,0.28446367,-0.36003852,-0.15229414,-0.41761518,0.5669221,-0.3964827,0.0129518695,-0.357503,-0.463083,0.79392153,-0.0695638,-0.7022961,-0.096255,-0.21552943,-0.14104941,0.3621632,-0.1781066,0.5378552,-0.47702715,-0.3162491,0.05736075,0.30111974,0.13406713,-0.14365609,-0.48916644,0.3996869,-0.2339582,0.29261476,0.014182124,0.6448592,-0.011044401,0.46386516,0.8973564,-0.15880334,0.50145584,0.61541307,-0.49112839,-0.32126006,-0.48525813,0.41899085,0.29648077,-0.31293932,-0.96813095,0.4996988,0.1032206,0.16533893,-0.24647011,0.21239464,-0.098731555,-0.051744256,-0.1436084,0.27169043,-0.066796556,0.27029988,0.7124503,0.09816292,0.11795709,-0.18654779,0.1087612,-0.38928038
-0.15090379,-0.36666843,0.42345226,0.063104704,-0.3677347,-0.43357947,0.36829966,0.37744024,0.56981,-0.13792315,-0.05128063,0.59239477,-0.45146275,-0.6788687,-0.031340323,-0.18735985,0.26807553,-0.20569806,0.43380526,-0.71915776,-0.2831468,0.88813394,-0.074223734,-0.07900465,0.43626416,0.0022812851,0.15323609,0.0041981773,-0.2095088,0.4397271,0.113640904,-0.37612402,0.5482742,-0.26679608,-0.031940922,0.29620478,-0.60119367,0.08176777,0.42230386,-0.8935829,-0.16399175,-0.56560403,-0.25430182,-0.19564988,0.85792255,-0.48902857,0.39340848,-0.16606663,-0.5679895,0.8257625,0.083509825,-0.7319399,-0.05702326,-0.323563,0.035871793,0.5879412,-0.19499756,0.25147265,-0.18539435,-0.42675507,0.022021066,0.5315494,0.058085755,-0.14005712,-0.3437579,0.27636456,-0.5853114,0.44872,-0.31377736,0.57474685,0.1292987,0.29706943,1.1028329,-0.103427835,0.15879776,0.5760847,-0.60970813,-0.38887015,-0.19697265,0.24219885,0.4371957,-0.5664769,-1.0333804,0.58768207,0.5038251,0.28083888,-0.18675789,0.41275552,-0.25195432,0.0009730701,-0.1613296,0.20553738,0.06367719,0.3210249,0.89927715,0.024735885,0.3397182,-0.21942876,0.120129675,-0.85761833
-0.43536958,-0.40491983,0.37915006,-0.065484665,-0.2677969,-0.6632559,0.6139172,0.5539305,0.60706925,-0.3155758,0.11170604,0.81064636,-0.4329741,-0.9390759,-0.180359,-0.2710214,0.5723455,-0.19878359,0.9167571,-0.9930424,-0.51411986,0.97605705,-0.24847524,-0.24642669,0.47732398,0.3933507,0.2558921,-0.23812418,-0.35777935,0.28127316,0.4232932,-0.51866984,0.750271,-0.15471861,-0.07198204,0.42637837,-1.3242004,0.16774182,0.45122918,-1.1241212,0.26213148,-0.71313685,-0.39258876,-0.5085026,0.7611893,-0.5194966,0.124876685,-0.56370527,-0.93403107,1.0582129,-0.11737577,-0.7769707,-0.14039548,-0.3945148,-0.20769049,0.6550302,-0.3784379,0.9232778,-0.59640914,-0.38635933,0.34136286,0.32965854,0.22400795,-0.029658087,-0.5304833,0.3196213,-0.5360139,0.26119325,-0.037893053,1.0250809,0.15102951,0.8498053,1.41321,-0.18267989,0.55588824,0.92852193,-0.69160277,-0.4875605,-0.49769065,0.3619826,0.3522382,-0.50949085,-1.4871368,0.72158056,0.16222888,0.24941546,-0.14793625,0.33786488,0.015403564,-0.034745656,-0.09836468,0.20099457,-0.12914285,0.4415618,1.0704467,0.12699246,0.28410995,-0.3331268,0.058763843,-0.49399567
-0.47813463,-0.34481207,0.4403198,0.03195196,-0.17570892,-0.46661445,0.47996193,0.28782538,0.32614648,-0.12807857,0.03243451,0.5295798,-0.35597986,-0.8793928,0.01580803,-0.16510737,0.3209893,-0.39506817,0.3351599,-0.72202075,-0.2871125,0.7432534,-0.20038368,-0.27772877,0.23598102,0.310494,0.26763728,-0.25744644,-0.40026742,0.264701,0.16311225,-0.32556412,0.56644195,-0.36437404,-0.16886996,0.23913985,-0.7795779,0.04317983,0.24178179,-0.7169495,0.065257765,-0.53028613,-0.30743012,-0.1766712,0.6049249,-0.49558222,0.041227862,-0.43411484,-0.4667045,0.74886245,-0.27997997,-0.75352174,0.00024093522,-0.36772627,0.09403359,0.4205681,-0.32138652,0.5296192,-0.5024483,-0.19040927,0.1613015,0.17683905,0.16762346,-0.24022669,-0.46763408,0.31489867,-0.12140027,0.3809673,-0.23720169,0.75737435,-0.0050158435,0.5318058,0.9490313,-0.19875267,0.5694469,0.5312279,-0.46291575,-0.29547307,-0.3474913,0.32084656,0.32653534,-0.3526444,-1.183454,0.64993525,0.32020435,0.16008922,-0.11795608,0.38504496,-0.0017405914,-0.0042340723,0.024876058,0.3411039,0.13201287,0.42050987,0.7476694,0.13310215,0.22453737,-0.18020152,0.30374366,-0.7134932
-0.31022295,-0.37809315,0.4142903,-0.0732012,-0.23290078,-0.6233487,0.40638834,0.3530947,0.7162846,-0.24210909,0.26141927,0.50758076,-0.558872,-0.8667171,-0.03788138,-0.119287014,0.2412644,-0.18449818,0.63253826,-0.8103479,-0.42059144,0.87538475,-0.22007434,-0.2335167,0.25096628,0.2590078,0.36821842,-0.25527394,-0.4306278,0.16163746,0.1529289,-0.40665996,0.67152333,-0.27188542,-0.17833453,0.5056017,-0.8619922,0.081527695,0.13803153,-0.83873284,0.257235,-0.42658633,-0.118047595,-0.4510218,0.74660873,-0.49402374,0.10001978,-0.21664731,-0.50443065,1.1110356,-0.024628762,-0.75801337,-0.17653416,-0.10738896,-0.22856103,0.5927732,-0.15611142,0.73993134,-0.3464813,-0.4228239,0.028431637,0.45342344,0.19519041,-0.17341502,-0.5066288,0.44443297,-0.50192225,0.50562304,-0.029694246,0.8451762,0.1753619,0.6231706,1.17383,-0.16024047,0.5205718,0.85027426,-0.40785754,-0.42902252,-0.596668,0.6547571,0.29316118,-0.28957018,-0.92870414,0.3375206,0.010133916,0.111766085,-0.3541859,0.3226489,-0.27305114,-0.099000156,-0.29548916,0.24137102,-0.05903393,0.33731076,0.7692766,0.091242924,0.31863403,-0.20584887,-0.07082335,-0.27031595
0.019716283,-0.016467752,0.24959274,-0.33781555,-0.5296632,-0.19410405,0.27327207,-0.021250492,-0.037609916,0.18093362,-0.33984837,0.13557962,-0.2551838,-0.6899528,0.10183479,-0.30418852,0.19696365,-0.40084058,0.09038517,-0.7295171,-0.08194546,0.44080567,-0.15532105,-0.27064854,0.14524636,0.10830729,0.1314793,-0.17008926,-0.13198107,0.16496949,0.17243847,0.22454365,0.5636495,-0.15021457,0.02923212,-0.1654925,-0.5078345,-0.004517599,0.10767406,-0.6489246,-0.22731146,-0.57528454,-0.30611473,-0.01114242,0.45380896,-0.27495402,0.017713904,-0.24894755,-0.29303282,0.30246013,-0.32368022,-0.48032832,0.029035132,-0.32625413,0.36735845,0.5990678,-0.20334613,0.46151462,-0.37765473,0.0617797,0.3399128,0.044591315,0.051783867,-0.12312897,0.05949372,0.07728273,-0.05018512,0.2199218,-0.4858265,0.8894416,0.19412349,0.10484991,0.78269446,-0.07202108,0.29594213,-0.03941571,-0.1587755,-0.37985533,0.21505728,0.12848885,0.17635879,-0.45189816,-1.1284224,0.69694126,0.47575665,-0.14666197,-0.14820167,0.41949067,0.016906396,-0.049958788,0.39891404,0.21735172,0.22614303,0.3287613,0.36533326,0.038192153,0.4337694,-0.47983217,0.31449193,-0.87020046
-0.18196575,-0.3242852,0.41785574,-0.069365144,-0.33517814,-0.44266257,0.4601558,0.31100032,0.4177864,-0.18218008,-0.07040956,0.53647816,-0.38321164,-0.7109706,-0.10319372,-0.3151235,0.3945024,-0.2793028,0.5344142,-0.82517755,-0.29704645,0.7483224,-0.1618047,-0.17231104,0.46538684,0.15841429,0.2622031,-0.17243767,-0.24183726,0.3403959,0.23876818,-0.35327864,0.62144107,-0.31785852,0.013764801,0.28901345,-0.8735422,0.09852046,0.32258257,-0.9134647,-0.040047895,-0.63321775,-0.29217482,-0.2545912,0.70270586,-0.4424236,0.2380177,-0.4089404,-0.6333814,0.8222806,-0.07692198,-0.69762915,-0.122303925,-0.40197143,0.00457799,0.59945637,-0.32551938,0.6135611,-0.4080258,-0.31631002,0.28918505,0.32011124,0.15615253,-0.0007347185,-0.325324,0.25028285,-0.37972313,0.37987146,-0.29166755,0.83634555,0.17597783,0.49387208,1.190794,-0.17188518,0.3967338,0.5581481,-0.53265506,-0.37736565,-0.106925614,0.30639845,0.23153467,-0.5848228,-1.3440028,0.6646355,0.3853293,0.15695143,-0.073624454,0.38845798,-0.08452751,0.08471472,0.002214003,0.21837218,-0.021643598,0.42794487,0.8350455,0.042584773,0.35228714,-0.25819382,0.112691335,-0.7111244
-0.32881522,-0.22878382,0.23990719,-0.14678779,-0.0128341,-0.58682,0.60209244,0.68113464,0.61848104,-0.54440695,0.10789333,0.6158708,-0.30698654,-0.73754376,-0.2017785,-0.33920705,0.5521023,-0.10363943,0.8787505,-0.8405149,-0.35447028,0.92285985,-0.2736596,-0.21453118,0.40816545,0.23125093,0.10436348,-0.25083205,-0.29520965,0.20357718,0.37964058,-0.4454509,0.5067089,-0.13337094,-0.30048168,0.49997246,-1.1792159,0.1330087,0.3575103,-0.7657114,0.3905878,-0.41327995,-0.24009316,-0.6334476,0.49292034,-0.37461972,0.10921139,-0.3793415,-0.8412464,0.91677696,0.17030872,-0.75512457,-0.23622039,-0.39279163,-0.28387034,0.3900334,-0.15037495,0.81209725,-0.5663789,-0.2897214,0.37736204,0.25395042,0.034378264,0.15320127,-0.58608925,0.26747534,-0.40388224,0.22100192,0.035338715,0.84126633,0.049929306,0.66235965,1.1207607,-0.28120577,0.31975254,0.843757,-0.79116,-0.34094062,-0.6059566,0.32895768,0.27198958,-0.39275068,-1.3610291,0.73360777,0.0885906,0.38848364,0.07165435,0.23892716,0.16810557,-0.099137425,0.0026507904,0.19812334,-0.2779674,0.39227748,0.851878,-0.09207854,0.10761048,-0.39853817,0.12724203,-0.4711784
-0.4994447,-0.088666365,0.10054896,-0.21232481,-0.08160552,-0.42630166,0.43215373,0.3918065,0.07320322,-0.18516801,-0.11175881,0.50687444,-0.22359832,-0.39125818,-0.2154908,-0.40947887,0.35618156,-0.101092495,0.56972796,-0.49564627,-0.28956342,0.744877,-0.12271566,-0.1344331,0.15650061,0.28114042,0.056263857,-0.18521301,-0.15121314,0.09687072,0.6501695,-0.15128013,0.44203067,0.012561346,-0.10714562,0.16203742,-0.9635516,0.27007967,0.48311743,-0.7872302,0.114917755,-0.16374575,-0.42349458,-0.35893324,0.35275477,-0.23805355,0.09777541,-0.16989721,-0.6107032,0.3364737,0.024289671,-0.35744426,0.058793414,-0.35178086,-0.10563969,0.33981425,-0.11453078,0.7261404,-0.45737624,0.021462021,0.4782764,0.091066584,0.012106125,0.013501485,-0.39117956,-0.15594235,-0.19507886,0.1794502,-0.0019323358,0.79601157,0.04506276,0.2263197,0.704309,0.049918886,0.23450024,0.46116525,-0.54146534,-0.23267625,-0.3482077,-0.020602295,0.14437735,-0.2265494,-1.0210168,0.551142,0.18330808,0.2364088,0.13529566,0.15528485,0.42962307,-5.845619e-05,0.36756012,0.08644765,-0.10032303,0.29086158,0.5965188,0.07864817,0.19676736,-0.52434254,0.20436819,-0.3768467
-0.23246345,-0.23640925,0.34844074,0.0093293935,-0.2694668,-0.5313595,0.5431515,0.3617163,0.5439831,-0.14913131,0.24834576,0.45670274,-0.43806568,-0.8915508,0.04893782,0.042377524,0.36888444,-0.14296143,0.61620677,-0.7564973,-0.4563868,0.6429144,-0.20407069,-0.31634155,0.2411436,0.28759274,0.23731996,-0.22475117,-0.3633126,0.15026228,0.19485757,-0.27425447,0.6303831,-0.057832442,-0.17190321,0.26234636,-0.7438586,-0.10075417,0.085922465,-0.7371379,0.28135195,-0.5925784,-0.10432695,-0.47225574,0.56968397,-0.4373851,-0.034379423,-0.46306324,-0.5693871,0.8928277,-0.14368932,-0.69958514,-0.13971122,-0.0900567,-0.16312131,0.6153381,-0.1780661,0.4996247,-0.44762057,-0.38498855,0.1313063,0.21212602,0.17111698,-0.125163,-0.45569232,0.5065938,-0.41085017,0.15214647,-0.026895083,0.81180453,0.11101797,0.7004913,1.1789845,-0.14527752,0.43395,0.6261869,-0.32564965,-0.47734338,-0.43861556,0.47986725,0.38333106,-0.37775815,-0.9554236,0.5164085,0.06511661,0.10663646,-0.39830387,0.33675367,-0.17856032,-0.06131061,-0.16814047,0.28607157,-0.0708004,0.23786643,0.8398534,0.22377641,0.16719715,-0.1368929,0.0032650772,-0.27309513
-0.48351362,-0.25150716,0.29410946,-0.1546437,-0.076101586,-0.58546156,0.50321984,0.62895954,0.29897404,-0.37119877,-0.14341433,0.58961064,-0.29877317,-0.45127976,-0.25836533,-0.42575783,0.25459778,-0.14702795,0.71650434,-0.6764857,-0.3967221,0.95589393,-0.18713516,-0.16632825,0.38077953,0.39419615,0.20884207,-0.24723789,-0.32275665,0.13712381,0.50881356,-0.397776,0.50004655,-0.1632591,-0.06622236,0.55591613,-1.3016711,0.2948358,0.42580202,-0.9327329,0.2944864,-0.28630584,-0.36037585,-0.3432783,0.4859765,-0.38394618,0.012970585,-0.27262342,-0.6853425,0.7563908,0.036038663,-0.47326723,0.08324312,-0.3535266,-0.16605502,0.4169773,-0.20386733,0.9225344,-0.4887778,-0.2165721,0.38855892,0.20803948,0.2126698,-0.014717556,-0.47825733,0.042889703,-0.3270462,0.34564456,0.04459613,0.8079492,0.16490418,0.66869557,1.0032228,-0.008700864,0.4618317,0.8149163,-0.54869455,-0.32877386,-0.52435607,0.20024574,0.023240386,-0.06968599,-1.1196542,0.4412734,-0.06306021,0.30179468,0.19095287,0.33499247,0.45697805,-0.13007951,0.12624337,0.15419742,-0.05833241,0.39489952,0.7320034,0.19555153,0.16162929,-0.516206,0.19039014,-0.27150494
-0.513889,-0.15897712,0.29966858,0.017137151,0.008388914,-0.42532688,0.28582954,0.37287122,0.28393406,-0.10161324,0.25405234,0.23579514,-0.1876671,-0.7851499,0.14140877,-0.0092308875,0.09091339,-0.3689518,0.17489612,-0.5201549,-0.090901285,0.40691334,-0.08631669,-0.36892647,0.030939797,0.3386633,0.118429124,-0.2273101,-0.23419675,0.14008036,-0.07785138,-0.12043364,0.44019347,-0.24351938,-0.2583682,0.33700305,-0.53627884,0.14236443,-0.007950073,-0.45636526,0.27267522,-0.5306807,-0.06939222,-0.098223984,0.4404719,-0.39349648,-0.04670454,-0.22946842,-0.28074387,0.67015684,-0.27092364,-0.52558345,0.03406971,-0.1120414,0.05359295,0.13345268,-0.11262186,0.32881752,-0.35060316,-0.13848625,0.020243917,0.14515015,0.11399704,-0.39417273,-0.33389458,0.36730605,0.11558143,0.35865176,-0.19086054,0.44280237,-0.11907308,0.34576362,0.600365,-0.18948758,0.54049015,0.38795334,-0.28355116,-0.17948903,-0.3387044,0.44301328,0.32491103,-0.056429576,-0.7549721,0.43533272,0.09582077,0.11672081,-0.18680972,0.40736985,-0.013055479,-0.17894657,-0.012648845,0.19532153,-0.0921037,0.2362583,0.511565,0.17451964,-0.013138464,-0.2305986,0.30465055,-0.5575851
-0.046156794,0.15789387,0.3932154,0.107498355,0.13436064,-0.2530435,0.2414215,0.33722502,0.30840763,0.014689432,0.2009749,-0.027807701,-0.025882881,-0.25691205,-0.049585253,-0.06725689,0.033882674,0.08433039,0.2615269,-0.42575744,-0.09337678,0.31035957,-0.050740566,-0.27889344,0.18709338,0.06190178,-0.02185953,-0.0009595946,-0.17390607,0.23813225,-0.061406612,0.1575514,0.25620276,-0.1677331,-0.2491472,0.36279184,-0.27890724,0.01254218,0.045129694,-0.4596428,0.20659535,-0.3099812,0.08522747,-0.35270613,0.5714015,-0.35455918,0.22871868,-0.1218089,-0.15671754,0.6297886,0.18914367,-0.5276641,-0.041582707,0.18030347,-0.16653879,0.4000586,0.13018498,0.16280662,-0.1743534,-0.3083063,0.10761098,0.295664,0.1238467,0.014471681,-0.2615681,0.16187036,-0.26459092,0.30822203,-0.12473695,0.39334962,-0.12097631,0.072402544,0.68726736,-0.03183079,0.12899332,0.19790778,-0.19113879,-0.110711835,-0.014376913,0.30066726,0.361799,-0.33253172,-0.472697,0.1512734,0.1072621,0.08273639,-0.16602133,0.29144305,-0.017967194,0.2333895,-0.0151227275,0.094420925,-0.30045125,-0.007193512,0.514835,0.12023538,-0.04107502,-0.08154384,-0.008190184,-0.25213268
-0.28200856,-0.10424531,0.27653354,0.09853954,-0.034232903,-0.3078115,0.22578406,0.29166406,0.23423727,-0.03569139,0.3141744,0.22335882,-0.15972486,-0.54455465,-0.0008111801,-0.0072570187,0.14889602,-0.106087066,0.45304096,-0.50431633,-0.14393464,0.39578637,-0.0413759,-0.2810701,0.10052293,0.1969804,0.09270334,-0.13613744,-0.18169641,0.2292071,0.046224575,-0.05791087,0.38377547,0.04380502,-0.15549795,0.18584342,-0.46765092,0.03705593,0.044474587,-0.52939385,0.22799712,-0.5573357,-0.013556238,-0.18006647,0.41921675,-0.23939244,0.0072899815,-0.2698299,-0.36993387,0.52127886,-0.029590383,-0.47529864,-0.0069453134,-0.07806702,-0.10660813,0.3486892,-0.09877673,0.2997156,-0.36965284,-0.25070003,0.09369069,0.2670916,0.10138303,-0.16414958,-0.21719338,0.21659225,-0.24172418,0.19383554,-0.08406503,0.48359886,-0.07266725,0.2444396,0.8289964,-0.093157284,0.28088328,0.38412878,-0.22438301,-0.3328767,-0.13113402,0.2203279,0.35151365,-0.42475775,-0.76539725,0.37506643,0.15468244,0.026582472,-0.35208526,0.25164738,-0.10871082,0.06087558,0.028618455,0.24372846,-0.2379554,0.27445018,0.5438971,0.22659288,0.051519126,0.009367672,0.07573674,-0.2951677
-0.03797187,-0.20631783,0.29888046,-0.14009085,-0.2781682,-0.3630679,0.3398544,0.16129082,0.32194796,-0.041854367,-0.048268005,0.32966936,-0.35721934,-0.6467679,-0.005398025,-0.21467863,0.29548216,-0.25222754,0.47171205,-0.76536864,-0.18691888,0.55922854,-0.1665064,-0.24003421,0.37407088,0.20424019,0.19997707,-0.15265542,-0.22235458,0.1669071,0.14198731,-0.14679497,0.51500124,-0.24648362,0.009853932,0.14553449,-0.7312372,0.06880557,0.105845004,-0.6714008,0.03959678,-0.59566635,-0.1326531,-0.20971231,0.49140194,-0.36360192,0.10502296,-0.38712585,-0.4178785,0.6851155,-0.15391435,-0.59485793,-0.06340656,-0.2653129,0.04452227,0.5122807,-0.23357385,0.60286224,-0.3590896,-0.22477539,0.26485717,0.22154161,0.20844157,-0.013441253,-0.087180294,0.23923993,-0.22897874,0.29466313,-0.22290792,0.7450239,0.17616428,0.44160128,1.0469933,-0.13419752,0.39455366,0.37920177,-0.26263595,-0.37998584,-0.03552417,0.32334003,0.17780899,-0.41273797,-1.1457753,0.5024953,0.26645544,-0.019973528,-0.1137374,0.36374968,-0.08601931,-0.01826602,0.030181646,0.20990929,0.0340326,0.39422622,0.5722403,0.0969664,0.33656502,-0.1712181,0.11041321,-0.4562342
-0.43797734,-0.2312906,0.25248832,-0.084449045,0.004644107,-0.5287387,0.29662642,0.53477347,0.32691276,-0.16672042,-0.0020932667,0.45558202,-0.2394117,-0.29024085,-0.18271601,-0.30989566,0.1523686,-0.020013005,0.68077755,-0.5428627,-0.24683152,0.8730538,-0.06919644,-0.1591754,0.3272308,0.29593918,0.045768384,-0.19246054,-0.2690953,0.10762082,0.33897078,-0.10947904,0.3216574,-0.03361507,-0.096533224,0.5008504,-0.9911736,0.29247853,0.27056053,-0.7039248,0.18035695,-0.28313535,-0.10318759,-0.17928281,0.39794677,-0.25814596,-0.020476824,-0.032174453,-0.5102722,0.5893041,0.19141337,-0.3221577,0.08402336,-0.22189112,-0.22769502,0.3404588,-0.11272973,0.6894803,-0.30367717,-0.1917074,0.26863638,0.2220002,0.14362109,-0.06013921,-0.38755655,-0.03092151,-0.34009412,0.41572654,0.05820333,0.5172527,0.020362101,0.40909353,0.84779716,-0.0857657,0.2533167,0.70736575,-0.36328533,-0.38615453,-0.47331053,0.2689845,0.17939839,0.046264388,-0.7395424,0.22616367,-0.041333098,0.18940707,-0.024307221,0.33648103,0.31067967,-0.12823705,0.16383334,0.16127321,-0.15257928,0.38927674,0.52719456,0.1318969,0.16654766,-0.33391732,0.17592667,-0.15174444
-0.35616946,0.00028022547,0.12755004,0.16927005,-0.010229146,-0.50509155,0.21702442,0.3868276,0.24070697,0.02600106,0.36408183,0.06341089,-0.20853801,-0.34178358,0.15817158,0.012421781,0.11779207,-0.18600291,0.13847657,-0.23157391,0.013701236,0.37325314,0.033336278,-0.29265755,-0.010792689,0.18808465,-0.1548113,-0.015774926,-0.018257115,0.12154114,0.24411158,0.016101226,0.14348927,0.23437354,-0.3378282,0.19717084,-0.017049273,0.13806339,-0.0540273,-0.2454532,0.08238366,-0.45481667,0.18738829,-0.12597013,0.20856588,-0.2927969,-0.018470116,-0.024355715,-0.10338505,0.32921782,0.17893076,-0.33565181,0.08702564,-0.09706099,-0.20569792,0.20587501,0.2007511,-0.13792385,-0.08715465,-0.1425547,0.03132508,0.14897664,-0.0059805163,-0.3226065,-0.3537673,0.31474474,-0.14546487,0.28362426,-0.108965196,0.20058544,-0.18337701,-0.052101742,0.51600707,-0.065587126,0.0745507,0.25620472,-0.083026215,-0.25984424,-0.26765504,0.27469915,0.42955956,-0.15417194,-0.4359551,0.38068384,0.14297342,0.054973375,-0.415682,0.3800675,-0.016232371,-0.075524144,0.09817784,0.24983628,-0.26437777,-0.006478372,0.6688837,0.3389596,-0.0029253908,-0.02332856,0.2960659,-0.3326406
-0.3911999,-0.34193772,0.3301757,0.07611893,-0.15535876,-0.61988443,0.5665684,0.47166976,0.60532415,-0.2518447,0.20758136,0.67098707,-0.40708202,-0.885921,-0.077504136,-0.05149599,0.5709815,-0.17703196,0.7606798,-0.90173185,-0.45782003,0.7232238,-0.21694884,-0.28776547,0.33963376,0.42487153,0.1842968,-0.22816916,-0.40965682,0.26509887,0.36844078,-0.4537662,0.59576213,-0.19406772,-0.13294914,0.40406886,-1.05027,0.076350234,0.3062423,-0.9300993,0.3230298,-0.6097617,-0.24649985,-0.5196942,0.7185055,-0.532913,0.088989966,-0.6513525,-0.6969679,0.9912273,-0.18228547,-0.7390688,-0.11490766,-0.23288004,-0.202004,0.5172682,-0.3049495,0.71497566,-0.54163843,-0.38879067,0.21775742,0.32377893,0.2644101,-0.099316254,-0.5351617,0.4486174,-0.31892958,0.25160167,-0.0046544345,0.86757433,0.08461146,0.747645,1.2333615,-0.095082045,0.56688035,0.80384606,-0.49465066,-0.35712376,-0.4970091,0.4069969,0.3665477,-0.43861,-1.1975148,0.61464965,0.12639764,0.2680095,-0.16540997,0.29826298,-0.0092798155,0.013887679,-0.13281354,0.22114459,-0.1321031,0.354498,1.0248578,0.18233834,0.18368933,-0.15923396,-0.028630361,-0.2923489
-0.4517485,-0.49499506,0.43377358,-0.007736466,-0.31020483,-0.63981944,0.49772072,0.54936695,0.6784731,-0.38612738,0.14193004,0.81761974,-0.44302014,-0.8443167,-0.15505216,-0.20482092,0.39993262,-0.17051964,0.8257704,-0.8399578,-0.54881483,0.9962508,-0.19278368,-0.1022879,0.45374638,0.24493109,0.26481137,-0.21548098,-0.34685048,0.30908984,0.28599924,-0.615182,0.7017318,-0.15026072,-0.05497585,0.51982576,-1.142663,0.12029641,0.4097703,-1.0560385,0.13798453,-0.56711805,-0.36930507,-0.3509366,0.79191625,-0.46425927,0.14075783,-0.37068993,-0.8515351,1.0319619,0.012322547,-0.6872515,-0.15024884,-0.33466342,-0.19742242,0.59304035,-0.33527058,0.6910935,-0.4724282,-0.4544209,0.092875235,0.3961028,0.15495819,-0.09516579,-0.6126526,0.34211758,-0.6571124,0.33542082,-0.039590284,0.78380966,0.122045755,0.8282578,1.2938484,-0.19054674,0.43983737,1.0062141,-0.69989187,-0.49891663,-0.60539216,0.41334245,0.33422905,-0.3996637,-1.1186093,0.5685302,0.15469785,0.3369078,-0.25584668,0.31582624,-0.10973287,-0.06632647,-0.20646466,0.23162845,-0.0633249,0.430642,0.9536651,0.08743283,0.2421906,-0.26163766,0.005596046,-0.44256923
-0.47179967,0.023867674,0.14737707,-0.06630054,0.0062452476,-0.35041744,0.23700978,0.3011181,-0.057960294,-0.017526336,0.020978207,0.042488877,-0.19230261,-0.52473664,0.11089821,-0.037141062,0.09627562,-0.3869524,0.08667252,-0.46291074,-0.13466941,0.26033148,-0.08908661,-0.35464743,-0.041620094,0.30051395,0.005490612,-0.2967404,-0.30354652,0.082646966,0.16704208,0.050615896,0.2938075,-0.2023843,-0.23567644,0.15957631,-0.42767146,0.07287523,-0.006988608,-0.3775425,0.1634676,-0.27023876,-0.08013633,-0.082858495,0.33850068,-0.20362586,-0.26750863,-0.24390301,-0.11511013,0.33847836,-0.29812285,-0.2680463,0.08071403,-0.13021252,0.09307175,0.07839124,-0.10465918,0.36132336,-0.41115865,0.12510222,0.1699439,-0.03247178,0.13798991,-0.24822946,-0.264756,0.20562424,0.27653033,0.2985245,-0.16015007,0.5413325,-0.06293071,0.22872443,0.46032655,-0.088297464,0.4652785,0.1264869,-0.017996566,-0.16009396,-0.16687103,0.191672,0.1324653,-0.06239334,-0.6384371,0.4585462,0.096705765,0.050808605,-0.013658289,0.37475976,0.26391366,-0.052304253,0.3058214,0.26328555,-0.007812906,0.25516498,0.38037184,0.3385068,0.08457258,-0.2565637,0.30616644,-0.30710185
-0.32927367,-0.1578163,0.31318417,-0.0077726217,0.14663802,-0.51957154,0.53659874,0.48439166,0.4279876,-0.08722482,0.04291034,0.4880768,-0.2734548,-0.3892497,-0.21341625,-0.28570282,0.34625748,0.1299973,0.74085426,-0.7196776,-0.36017132,0.8260081,-0.24000092,-0.21705069,0.45483863,0.31577423,0.08154447,-0.11715393,-0.31450737,0.110225156,0.41264468,-0.1406184,0.4649108,-0.23872977,-0.20016927,0.31096995,-0.96230984,0.23124383,0.43199742,-0.75049454,0.2903241,-0.28876477,-0.2943549,-0.5141798,0.45967236,-0.4299575,0.18633214,-0.3191596,-0.5705655,0.7352862,0.06925326,-0.6849633,-0.024067782,-0.12894745,-0.22489738,0.52806216,-0.10732965,0.7981644,-0.42346877,-0.14848489,0.46447295,0.19331084,0.23456348,0.1655841,-0.42094305,-0.0007959144,-0.37971246,0.30507305,0.12144195,0.7783512,-0.047207963,0.49112025,1.0128185,-0.086369514,0.373567,0.66762614,-0.43155232,-0.2514192,-0.42981526,0.18392147,0.32809985,-0.19606537,-1.0241324,0.28153184,0.058946013,0.19870879,0.12319138,0.29584837,0.26617262,0.11427433,0.08056736,0.14926507,-0.07887786,0.33452377,0.73363763,0.0881863,0.14223935,-0.18516946,0.11629189,-0.17218982
-0.58504105,-0.4355063,0.23304333,-0.3158112,-0.14664665,-0.58666587,0.32409033,0.6919431,0.36795494,-0.37467614,-0.000555136,0.6195746,-0.295852,-0.3982959,-0.2573532,-0.36938322,0.09607261,-0.15989228,0.72291523,-0.63740796,-0.3848014,0.9774307,-0.20838898,-0.09676903,0.2413959,0.23963636,0.25879204,-0.35237345,-0.3812849,0.048354745,0.43111756,-0.4289731,0.44582164,-0.13584398,-0.025345065,0.6236334,-1.2414259,0.2591841,0.28302988,-0.80458206,0.20091186,-0.26911825,-0.26773474,-0.14810897,0.49606922,-0.2298131,-0.1324119,-0.06022876,-0.52179617,0.695506,0.14041579,-0.24647708,0.0015754334,-0.31875196,-0.19828805,0.305283,-0.24408068,0.85671496,-0.4190109,-0.18212198,0.14790434,0.21620293,0.21808963,-0.10196411,-0.5180272,0.10658767,-0.24084167,0.38784602,0.07179411,0.5440479,0.11367914,0.6445849,0.81674457,-0.16577381,0.5089951,0.86208826,-0.4533223,-0.41187227,-0.6918183,0.38870955,-0.08098136,0.16256015,-0.7688579,0.345657,-0.0991915,0.28061724,-0.02723629,0.3005306,0.37710178,-0.28757018,0.06619612,0.25123456,0.07182043,0.4923937,0.47096756,0.123484634,0.20326114,-0.54616916,0.19573513,-0.103462815
-0.2535144,-0.23175062,0.3325379,-0.0069738766,-0.26246893,-0.5913497,0.51520205,0.37200445,0.534078,-0.21471289,0.14856893,0.49781078,-0.37146604,-0.88404745,-0.018883688,-0.08899946,0.507025,-0.2719113,0.6030082,-0.8558858,-0.3624669,0.6538212,-0.18412752,-0.2830609,0.3111759,0.33549854,0.18322131,-0.16845511,-0.35917795,0.23817055,0.28779683,-0.34400254,0.5554727,-0.148863,-0.14705683,0.29121536,-0.85270023,-0.0041078213,0.19762896,-0.79851246,0.20139971,-0.64052033,-0.17937964,-0.46664217,0.656156,-0.5028425,0.037199836,-0.58364636,-0.5481107,0.8949213,-0.1627289,-0.71969473,-0.11423537,-0.24375814,-0.09510973,0.52133745,-0.24994238,0.5819117,-0.4840989,-0.37709865,0.16597891,0.2651309,0.2025467,-0.09176043,-0.44885507,0.47458485,-0.30143237,0.25603384,-0.08018544,0.80389816,0.09745709,0.6428032,1.1698644,-0.09272444,0.4326689,0.6520287,-0.43986276,-0.4039017,-0.354702,0.41248545,0.33886585,-0.42642403,-1.1359853,0.65033835,0.17740856,0.16710854,-0.20239633,0.34012586,-0.10926982,-0.0150212115,-0.1206853,0.2633493,-0.072704345,0.2705902,0.9466254,0.1962123,0.24667189,-0.20864789,0.021379106,-0.4127734
-0.46668097,-0.4522141,0.35029432,-0.0030547266,-0.15842278,-0.6211579,0.4626488,0.50575596,0.5875379,-0.20623603,0.15447427,0.7284092,-0.41250604,-0.7168665,-0.14909613,-0.23552802,0.40906236,-0.13022438,0.8094665,-0.87151617,-0.42101616,0.940004,-0.15957887,-0.1609741,0.45662612,0.29930374,0.18150589,-0.19174567,-0.29805285,0.27780935,0.35704774,-0.4470059,0.6539618,-0.21342584,-0.05923692,0.4139726,-1.0795653,0.22447579,0.4613361,-1.008117,0.15040039,-0.60109144,-0.36555868,-0.32183325,0.68680453,-0.447439,0.1898532,-0.3531795,-0.76272386,0.9318534,-0.017098462,-0.65329564,-0.103119254,-0.30817953,-0.20264743,0.5677988,-0.30174443,0.76907825,-0.43669385,-0.3010645,0.22530478,0.37136725,0.18258508,-0.04804592,-0.4873352,0.20110218,-0.52199364,0.39422008,-0.05140037,0.80684197,0.027781082,0.6597462,1.2079318,-0.19081376,0.46950465,0.89969754,-0.59649265,-0.41998094,-0.5002304,0.3439321,0.3634022,-0.3427981,-1.175599,0.484066,0.17382875,0.22064337,-0.17612837,0.3448455,-0.038276933,0.0005707139,-0.087324694,0.18205608,-0.08882838,0.45624998,0.8940927,0.1154607,0.30541307,-0.2259331,0.08405236,-0.41066033
-0.00069590955,-0.24407542,0.3054921,0.027135175,-0.4382039,-0.51266164,0.27936855,0.2907357,0.57855403,-0.13667488,-0.06736456,0.4698127,-0.3678026,-0.63968617,-0.023964887,-0.2197266,0.58733547,-0.25480387,0.43595728,-0.87702036,-0.24409357,0.6855396,-0.105170056,-0.07754422,0.52639574,0.065162264,-0.034157466,0.013043119,-0.15329151,0.417643,0.20045629,-0.22466059,0.45577383,-0.18571906,0.0025435537,0.22005415,-0.59287846,0.00860617,0.2692504,-0.7845706,-0.20906861,-0.5850211,-0.12074269,-0.24972299,0.72647554,-0.41135088,0.22002225,-0.378838,-0.5596411,0.7709159,0.019952938,-0.5923599,-0.14361277,-0.33211052,0.0023813038,0.5956044,-0.28870302,0.34986532,-0.19356605,-0.32031968,0.116080716,0.3459764,0.030909648,0.0017076936,-0.2687948,0.32015157,-0.5225523,0.395772,-0.24765377,0.6135691,0.13792303,0.3839671,1.0910143,-0.15225455,0.09262047,0.4874022,-0.38707757,-0.43138838,-0.103580594,0.2890169,0.3588276,-0.48992592,-1.0408484,0.6439377,0.40838313,0.19682229,-0.20445871,0.36668235,-0.2770966,0.086967126,-0.09926197,0.04870596,-0.09222965,0.25350654,0.9366053,0.0014392703,0.42436367,-0.21417543,0.011834005,-0.61528647
-0.5105707,-0.24689348,0.25338766,-0.007870026,-0.07558577,-0.49434674,0.38364515,0.5449068,0.18746828,-0.30164066,-0.17765844,0.57074577,-0.28611434,-0.46150413,-0.09900842,-0.31768012,0.27414334,-0.24613935,0.603785,-0.5737014,-0.3057688,0.8164346,-0.0867461,-0.1102995,0.35335565,0.38941228,0.024926836,-0.22668183,-0.1363595,0.20265596,0.5147081,-0.3778093,0.46435833,-0.13840769,-0.07069411,0.4950175,-1.1038197,0.36465296,0.43812123,-0.9422069,0.19728653,-0.33593607,-0.4032069,-0.13643198,0.40028012,-0.3854816,0.049889136,-0.22261609,-0.6792495,0.6361894,-0.060456008,-0.3527459,0.1638474,-0.33897528,-0.094582,0.3179427,-0.13794622,0.66182077,-0.43923882,-0.17447747,0.3240429,0.20300186,0.12706836,-0.17434537,-0.47917452,-0.008552701,-0.25743175,0.33454666,-0.1390001,0.7281588,0.13631068,0.57414347,0.91018575,0.07242175,0.4040756,0.6858263,-0.51582927,-0.22885595,-0.46859083,0.056628272,0.101074524,-0.09538004,-1.0645671,0.47497013,0.08720416,0.33742297,0.13028276,0.4046991,0.4640648,-0.060257357,0.2397691,0.1725791,-0.07923893,0.41214535,0.74134374,0.3047999,0.15989669,-0.45559445,0.23373121,-0.4041673
-0.3748406,-0.4343764,0.3820573,0.06548384,-0.34757102,-0.58471596,0.47623974,0.43730965,0.59575504,-0.18708949,0.15689225,0.7258825,-0.53291297,-0.9007348,-0.068462215,-0.040703945,0.41355243,-0.13759257,0.7791296,-0.8598531,-0.56650144,0.8836578,-0.15022236,-0.14970286,0.35056368,0.24260937,0.23466375,-0.18539776,-0.39216554,0.30330762,0.3026297,-0.50033796,0.73237085,-0.09786654,-0.054878406,0.25840032,-0.92348504,0.021407438,0.39609727,-1.0334672,0.074202776,-0.6077721,-0.3558041,-0.3728348,0.78928566,-0.43747106,0.082739696,-0.43503165,-0.7744869,0.9274883,-0.09289082,-0.6844834,-0.15621498,-0.2533324,-0.1650261,0.6809607,-0.36197296,0.56997913,-0.45020744,-0.37312666,0.11122978,0.40674654,0.16352178,-0.13839656,-0.5304946,0.36493322,-0.661884,0.24861962,-0.05188589,0.86574906,0.13449413,0.724119,1.322956,-0.15810913,0.39601046,0.82511497,-0.52459925,-0.55709076,-0.51259434,0.3138978,0.44064942,-0.5556317,-1.1014662,0.57885194,0.24560016,0.21081394,-0.35848144,0.33048773,-0.22076337,-0.015521013,-0.18677433,0.2824108,-0.002715038,0.43192223,0.9876314,0.16775945,0.31148785,-0.14214005,-0.05567221,-0.42667043
-0.4669156,-0.29828608,0.30895913,-0.0019079552,-0.10077856,-0.58631855,0.5353878,0.49428403,0.5030528,-0.2287402,0.20729834,0.6019343,-0.36112738,-0.79798144,-0.13214803,-0.16086893,0.42356423,-0.16640069,0.65986454,-0.77114445,-0.4215264,0.73670405,-0.20032597,-0.2833292,0.23680228,0.37681627,0.24494728,-0.22560678,-0.3850757,0.22247781,0.34839362,-0.42644766,0.5719581,-0.16527075,-0.1478133,0.35105607,-0.97980493,0.13732347,0.34823692,-0.8565531,0.29653913,-0.5221258,-0.280608,-0.48813295,0.700738,-0.4778161,0.118897766,-0.4814587,-0.6365963,0.86702937,-0.1223407,-0.70084196,-0.08041151,-0.25536335,-0.18549481,0.4383489,-0.2733312,0.70041573,-0.50446314,-0.30242756,0.26143357,0.30392173,0.23511119,-0.107334964,-0.49055758,0.33698896,-0.328706,0.25325507,0.013476607,0.8206583,0.03951113,0.59059393,1.0977097,-0.12653393,0.5269695,0.7501505,-0.5468201,-0.32733515,-0.4773738,0.32836357,0.3603187,-0.43962538,-1.1696556,0.5820245,0.11281753,0.20291547,-0.111505836,0.2394987,0.0021757854,-0.025833791,-0.08928143,0.18184152,-0.10941041,0.31968364,0.94150853,0.10021005,0.17210594,-0.22565317,0.033890143,-0.36521375
-0.6007336,-0.3035491,0.27575067,0.07931892,0.12417295,-0.6863871,0.4396676,0.6457108,0.44601607,-0.14035287,0.06694997,0.6583082,-0.3695716,-0.4766527,-0.2271939,-0.30967647,0.30175197,-0.017363276,0.78212285,-0.7401752,-0.3558156,1.0394408,-0.14580801,-0.22105739,0.37497145,0.47643703,0.050026406,-0.1193109,-0.34420097,0.16753119,0.46740407,-0.31802076,0.48782882,-0.1875895,-0.1587232,0.44724482,-1.1373498,0.4679266,0.5900675,-0.93505824,0.29580498,-0.31479684,-0.34579602,-0.32419205,0.58550805,-0.50830084,0.16489917,-0.21453568,-0.63119066,0.8053584,0.04147871,-0.579209,0.14785367,-0.22723675,-0.23045568,0.4093094,-0.13907202,0.8656303,-0.39793393,-0.20017314,0.3428946,0.3479203,0.2580836,-0.11996819,-0.45059985,0.0077378303,-0.4156466,0.4754046,0.10557687,0.6809775,-0.03126909,0.4905637,1.0384396,-0.028327707,0.4792142,0.8792385,-0.5473336,-0.27724567,-0.6443373,0.14952743,0.34839278,-0.057307385,-1.0762436,0.30614617,0.014917679,0.26285163,0.12914297,0.39544454,0.33738548,-0.043504026,0.07449971,0.13516577,-0.061526656,0.41967097,0.8856673,0.20229194,0.24115467,-0.28099766,0.21205597,-0.2623636
-0.31964242,-0.35303742,0.42230484,-0.06324928,-0.29457566,-0.5120914,0.47120634,0.34952402,0.51814723,-0.20903948,0.1267,0.5855468,-0.43463317,-0.9850867,-0.02507276,-0.14718276,0.3727287,-0.266214,0.6760859,-0.8593378,-0.4061409,0.73930573,-0.22781073,-0.27762955,0.37764275,0.3205502,0.3002782,-0.2850275,-0.33027875,0.24903506,0.111366205,-0.40432233,0.72769386,-0.22567289,-0.089407295,0.32054055,-1.0111026,0.09557316,0.19317602,-0.8641118,0.20823768,-0.7080385,-0.21705605,-0.34179467,0.66038525,-0.44626373,0.060936384,-0.47607988,-0.7245151,0.9868362,-0.21986425,-0.7540433,-0.15259828,-0.2756799,-0.071314305,0.55691886,-0.33626294,0.70734483,-0.49935034,-0.38223827,0.21059597,0.31358656,0.19747213,-0.112968035,-0.3738236,0.41620362,-0.39284727,0.2810887,-0.15428942,0.9134121,0.16877477,0.74162877,1.2880923,-0.2402809,0.55381703,0.6966546,-0.50094175,-0.47423533,-0.31278437,0.45286798,0.34469795,-0.53676075,-1.3046459,0.60843766,0.22277416,0.11292018,-0.27746865,0.35317677,-0.186014,-0.06440037,-0.14059207,0.26251936,-0.0915548,0.43722498,0.80573845,0.091855735,0.24785781,-0.1944959,0.06923051,-0.5316262
-0.26718068,-0.31171027,0.41527817,0.041031674,-0.059362397,-0.45373446,0.5834238,0.5704029,0.7367435,-0.34823754,0.15957367,0.64737743,-0.29302084,-0.63850063,-0.22036038,-0.21040569,0.3050281,-0.00956132,0.5322985,-0.6844218,-0.35866845,0.8987431,-0.19428037,-0.1766992,0.3164085,0.12003737,0.29568663,-0.097429216,-0.4377582,0.3708407,0.09644368,-0.5129954,0.49756277,-0.3517349,-0.17770672,0.585063,-0.8562407,0.025096023,0.4175935,-0.80206656,0.21901232,-0.35442102,-0.1955226,-0.5761032,0.8683431,-0.5367494,0.373201,-0.27810276,-0.562068,1.0012547,0.1866174,-0.88340384,-0.14626135,-0.2452305,-0.19143642,0.44976622,-0.17503041,0.46029058,-0.3492339,-0.50994223,0.03172176,0.5121781,0.10640024,0.013589034,-0.55545706,0.37483224,-0.42326552,0.334755,-0.01988956,0.49186522,0.0058699218,0.44453055,0.96560943,-0.14240414,0.33041805,0.72100085,-0.7557804,-0.19051576,-0.4143914,0.41861266,0.36162376,-0.41893065,-0.96628135,0.49719444,0.19812094,0.46081653,-0.002557516,0.23277844,-0.035264775,-0.024133582,-0.30011985,0.1404139,-0.08155337,0.1812896,0.85867107,-0.119166814,0.057692807,-0.2612571,0.024248734,-0.56011647
-0.5828266,-0.28249222,0.31660497,-0.02586551,0.10473237,-0.6107102,0.60940117,0.8006475,0.5578891,-0.44998777,0.08574873,0.7874849,-0.27464792,-0.54964364,-0.31349555,-0.3816013,0.40326837,-0.046231702,0.80616415,-0.7357113,-0.35561207,1.0631132,-0.17524524,-0.18475792,0.37709504,0.33347183,0.15132779,-0.18922943,-0.35937572,0.30254537,0.45014998,-0.5303401,0.48443493,-0.2801952,-0.18123452,0.7525554,-1.2998608,0.3075583,0.6080882,-1.0170013,0.36055577,-0.30804926,-0.3536004,-0.54919976,0.69431865,-0.51679623,0.25685912,-0.26933128,-0.76468325,0.96037877,0.19632946,-0.71244955,-0.004098748,-0.38370606,-0.28455645,0.3375042,-0.14826557,0.8121356,-0.5027865,-0.3782857,0.25996876,0.405609,0.13144717,0.005220875,-0.650436,0.12788685,-0.3157433,0.40280664,0.04847251,0.6382045,-0.037335508,0.5587316,0.98300195,-0.058342047,0.4567258,0.9281471,-0.86165506,-0.17346285,-0.64096564,0.29298618,0.24097848,-0.15921815,-1.1959625,0.5553545,0.04604377,0.56182367,0.1945233,0.31077915,0.4160475,-0.062580496,-0.00094401557,0.10784286,-0.20995086,0.30482632,0.9325272,0.073117554,0.029613761,-0.5152311,0.19137183,-0.4731548
-0.5015943,-0.33368325,0.33528277,-0.0069996538,-0.067098014,-0.57547086,0.59160364,0.6186852,0.53656644,-0.42081985,0.12306337,0.7662684,-0.33401093,-0.7011516,-0.2698836,-0.3179369,0.45125222,-0.10297395,0.8275467,-0.78526604,-0.46539122,0.9553169,-0.18842512,-0.17393266,0.34378183,0.33365172,0.24507251,-0.21170175,-0.36031878,0.3114912,0.47711366,-0.57054764,0.63148344,-0.1865305,-0.11411245,0.5129691,-1.2310649,0.19222501,0.5438678,-1.0730838,0.33013022,-0.42770013,-0.43614507,-0.5465869,0.7393905,-0.48052868,0.22003469,-0.4248787,-0.8293354,0.9304751,0.044083975,-0.7164783,-0.08840958,-0.35316983,-0.2545185,0.48655105,-0.2541818,0.8341645,-0.5784487,-0.36760405,0.30190355,0.3983376,0.161476,-0.0016284138,-0.5966296,0.19001997,-0.45871583,0.26860592,0.012769277,0.87245023,0.08634987,0.6387187,1.1467577,-0.07347028,0.4701747,0.8973007,-0.78836334,-0.30592299,-0.5436566,0.2406371,0.26168123,-0.44931394,-1.3057587,0.6178717,0.111426614,0.38753206,0.03652336,0.22902553,0.17775862,0.03087548,-0.05441177,0.13836455,-0.17999344,0.36486253,0.9757597,0.074451685,0.15845492,-0.38526353,0.04170529,-0.4330871
-0.4491005,-0.35950372,0.2506769,-0.010541774,0.015071578,-0.63789177,0.38982773,0.5977908,0.4405097,-0.2150641,-0.0105884345,0.5885199,-0.37483558,-0.41221654,-0.17768179,-0.33611763,0.3723017,-0.18301968,0.73427653,-0.7925474,-0.2985628,0.8977306,-0.12205879,-0.1254851,0.59312457,0.30985895,0.008783117,-0.1647763,-0.1998943,0.18521589,0.42443466,-0.380294,0.46101832,-0.29163167,-0.04472113,0.5342949,-1.0504045,0.3832619,0.4980172,-0.89550495,0.08932371,-0.45710227,-0.33370677,-0.19170569,0.48590663,-0.42503846,0.16072303,-0.2291011,-0.67193276,0.8290078,0.05872644,-0.46628413,-0.0018493856,-0.35595575,-0.2206356,0.3828837,-0.21572584,0.79000354,-0.31327322,-0.14383121,0.34778222,0.23836048,0.20135994,0.007515145,-0.41451082,0.027573137,-0.36523426,0.5281742,-0.04014285,0.6590989,-0.007861809,0.60210764,1.0219876,-0.15640111,0.41577935,0.806437,-0.4795443,-0.28785673,-0.49961767,0.25296128,0.19722365,-0.061301064,-1.1083736,0.369555,0.091688745,0.24828602,0.121443994,0.47181222,0.24455446,0.008608903,0.08794549,0.12424079,-0.061936457,0.48752448,0.8475244,0.17702691,0.28562036,-0.27850425,0.23226088,-0.3108945
-0.22456178,-0.22139616,0.43331486,0.050900318,-0.019826379,-0.41008908,0.5969652,0.5608148,0.6364338,-0.38115492,0.038359083,0.5794444,-0.24687669,-0.53256047,-0.2567794,-0.28093225,0.274062,0.060190212,0.5282863,-0.65827465,-0.3429123,0.8912519,-0.23642993,-0.17750087,0.3220338,0.105196014,0.26322675,-0.0943103,-0.43657646,0.36375093,0.14550832,-0.41149402,0.47093672,-0.37038997,-0.20439987,0.54931104,-0.8736647,-0.0021048426,0.41678223,-0.8081829,0.26967558,-0.2158095,-0.22386682,-0.6175234,0.83390045,-0.5140974,0.3658744,-0.2714921,-0.52442294,0.929403,0.24340203,-0.8918799,-0.1096171,-0.20454273,-0.17131238,0.4914905,-0.14378934,0.490134,-0.37408864,-0.4715131,0.12449716,0.49405003,0.09923855,0.0920664,-0.53518355,0.26447377,-0.42659345,0.30706018,-0.003767684,0.5587544,0.067484364,0.4082048,0.9479162,-0.08440198,0.28484058,0.6718374,-0.72850317,-0.18559656,-0.39052254,0.30968338,0.31370106,-0.42555508,-0.9572636,0.44623232,0.17433305,0.44699436,0.10846503,0.19875851,0.08839847,0.02698274,-0.21370044,0.12708272,-0.082614645,0.15921035,0.7986276,-0.12585711,0.02792446,-0.29193968,0.02165408,-0.519504
-0.033169698,-0.34152627,0.33081812,-0.040290218,-0.52569115,-0.40452814,0.35666913,0.15385784,0.37357944,-0.020582866,-0.1336637,0.5139514,-0.48462194,-0.76105964,-0.040904887,-0.20223169,0.441815,-0.24125823,0.5539792,-0.8994644,-0.32741994,0.70429456,-0.10466783,-0.115264796,0.43209404,0.094685376,0.16694398,-0.06596988,-0.20140731,0.36173052,0.26726577,-0.24935615,0.66625524,-0.14520779,0.11698139,-0.04370175,-0.6858419,0.00037873685,0.3615636,-0.9536864,-0.17920525,-0.6689142,-0.33748832,-0.18757428,0.7298595,-0.36546838,0.22362041,-0.41396767,-0.64041203,0.64831096,-0.15529719,-0.61525345,-0.10756613,-0.35949567,0.09282577,0.72979367,-0.3778051,0.5180642,-0.33892947,-0.24358141,0.24102227,0.36298743,0.1080081,-0.023385799,-0.119891606,0.20013276,-0.5569642,0.27343774,-0.325768,0.9135685,0.2559317,0.4035024,1.2430842,-0.12793961,0.23273352,0.45461568,-0.41448146,-0.5220406,-0.020725464,0.12051745,0.32025552,-0.7396682,-1.2742432,0.6867639,0.50123286,0.018137077,-0.21208997,0.36574784,-0.2559645,0.09450736,0.011500114,0.19263782,0.093764625,0.4409171,0.83906776,0.057466935,0.5151226,-0.18120651,0.034935974,-0.7005187
-0.47957087,-0.36701295,0.3067975,-0.03373352,-0.10827909,-0.61721027,0.5866654,0.5270538,0.622665,-0.31369546,0.2589683,0.73170835,-0.41043583,-0.7831329,-0.17281722,-0.1605801,0.44809642,-0.09314267,0.8180997,-0.7738409,-0.4971438,0.8872687,-0.21295229,-0.23006508,0.29778332,0.37438032,0.26609543,-0.21935257,-0.38462624,0.17868969,0.42383775,-0.5119187,0.60773957,-0.13484955,-0.1367661,0.46935767,-1.1186588,0.13590237,0.39057118,-0.91957617,0.33669358,-0.4683072,-0.3040471,-0.5483488,0.66132593,-0.47910476,0.119356826,-0.43497902,-0.73711437,0.9610712,-0.034172602,-0.6872291,-0.12436267,-0.25772345,-0.2997129,0.5077171,-0.23156147,0.8005983,-0.5105541,-0.35990447,0.23104629,0.3108111,0.20812838,-0.061418194,-0.6000918,0.31026262,-0.45142317,0.23477861,0.09796253,0.8239666,0.05369293,0.7257395,1.1296986,-0.11874241,0.525074,0.8959656,-0.605254,-0.36672226,-0.6296397,0.41183838,0.30870104,-0.3100895,-1.1227784,0.5205831,0.0116272485,0.28478426,-0.15585911,0.2307919,0.041158147,-0.05187444,-0.16404536,0.18763891,-0.12955615,0.31621513,0.9201682,0.12799749,0.15426034,-0.27115056,0.004295227,-0.24084768
-0.3690103,0.02642414,0.11390947,0.11018752,0.059355684,-0.5296485,0.206309,0.4657731,0.22161096,-0.08283153,0.265617,0.0872581,-0.2693018,-0.5625049,0.18034653,0.10908207,0.26481375,-0.31844628,0.34324694,-0.4742142,-0.08618154,0.26541382,-0.061050337,-0.4042626,0.13570711,0.4374121,-0.14700657,-0.14680798,-0.11773018,0.070216455,0.14800267,0.011656437,0.19535919,0.018526617,-0.27135912,0.33798212,-0.4220798,0.15084577,-0.08994084,-0.35798064,0.3400219,-0.43200934,0.20890564,-0.17521754,0.23206268,-0.35639536,-0.20973407,-0.30029112,-0.26134813,0.59160835,-0.16455549,-0.30425492,0.13880974,-0.016409254,-0.11194837,0.0779717,0.06471291,0.2705215,-0.22135489,-0.15900026,0.17250331,0.050159175,0.15142046,-0.32399678,-0.25354916,0.3874086,0.06849846,0.30968606,-0.037430946,0.43205345,-0.040939063,0.32750502,0.6591012,-0.0333521,0.36184385,0.31572595,0.025114784,-0.2410577,-0.36458388,0.34546226,0.29690433,0.03213187,-0.64532495,0.38463593,-0.05638264,0.10954486,-0.18125835,0.46541452,0.11836534,-0.09810319,0.09958653,0.15432148,-0.25388682,0.17187472,0.7023442,0.43208006,-0.033463594,-0.15115704,0.22057731,-0.13743646
-0.47594684,0.36820188,-0.09730706,-0.029162537,0.28297064,-0.47421074,0.29566723,0.52254874,-0.21144152,-0.1813442,0.07585352,-0.13525648,-0.07425549,-0.26690036,-0.035107456,-0.20268147,0.29254496,-0.37527567,0.24780497,-0.6050372,-0.034388423,0.13588747,0.048501123,-0.35001835,-0.19255565,0.50416887,-0.20274417,-0.19869718,-0.28060728,0.13143757,0.77298355,0.038268816,0.13848034,-0.04356689,-0.26839587,0.14140306,-0.540163,0.011504325,0.170926,-0.6560845,0.3801411,-0.10853703,-0.21631067,-0.4501478,0.27276045,-0.24188781,-0.15845068,-0.44911742,0.020418072,0.18979535,-0.14317164,-0.27254957,0.24329872,-0.11406811,-0.034202226,-0.035877842,0.057430565,0.49247354,-0.5846361,0.14129488,0.29084623,0.14103168,0.13370313,-0.12686715,-0.24945402,0.0839323,0.43361145,0.2399245,-0.044803906,0.71297485,-0.09086087,0.057554793,0.40146747,0.29577965,0.31698102,0.17861505,-0.17900008,-0.07137443,-0.2685628,-0.050245106,0.022437494,-0.14317915,-0.7923762,0.5702733,-0.08803089,0.12566757,0.27219278,0.16876285,0.62242067,0.067737356,0.4784637,0.115696445,-0.20392904,0.09192924,0.63981324,0.50070816,0.059606858,-0.45547062,0.19292691,0.023141313
-0.49974152,-0.00694769,0.1911692,-0.053887192,0.13291395,-0.4959459,0.42469046,0.36314145,0.036811084,-0.14426938,0.12945391,0.24635877,-0.31644288,-0.6706612,0.08252571,-0.11517402,0.2883854,-0.31511548,0.54350686,-0.5772333,-0.1978454,0.3678851,-0.13839106,-0.40669551,0.11856547,0.601833,0.09807622,-0.298324,-0.19805826,0.013242862,0.33468556,-0.18875141,0.40055,-0.19187362,-0.19140367,0.27382514,-0.9065542,0.28840694,0.123499274,-0.62539834,0.53423625,-0.4792918,-0.09069723,-0.29717615,0.24394953,-0.4586523,-0.12860033,-0.5346429,-0.358634,0.62027794,-0.3911537,-0.5151923,0.23757838,-0.10039744,-0.036107928,0.15692163,-0.042140182,0.7210438,-0.51212275,-0.2079376,0.37533033,0.11052679,0.22509272,-0.2693275,-0.23907872,0.2869177,0.26870522,0.2919696,-0.072544225,0.7795332,0.06081569,0.48181,0.8844378,0.105310775,0.6674166,0.45622864,-0.22017147,-0.15747625,-0.30007586,0.26725975,0.1597488,-0.13923217,-1.1544186,0.50252724,0.029699037,0.12216118,0.038745373,0.35488638,0.34228376,-0.07026463,0.22231261,0.22911704,-0.24163009,0.32494032,0.68645066,0.4618765,0.066068046,-0.29823956,0.2145562,-0.1845742
-0.4199659,0.0874503,0.17472343,-0.12390061,0.09815097,-0.2493197,0.28360227,0.147392,-0.26345688,-0.046481162,-0.05320867,0.010972477,-0.17455086,-0.45724028,0.10502555,-0.18619283,0.04805591,-0.30187604,0.21180165,-0.47272348,-0.0036760985,0.20994243,-0.06403057,-0.3360155,-0.10335239,0.41600323,0.0884182,-0.32803833,-0.14874491,0.029291537,0.27497536,0.07375078,0.35413653,-0.2879769,-0.16022848,0.10261871,-0.612582,0.19689068,0.06297599,-0.58107233,0.35995835,-0.2773177,-0.1720411,-0.0914304,0.23379727,-0.33479404,-0.08632225,-0.33060855,-0.08872037,0.31691313,-0.35353613,-0.4045848,0.31549764,-0.052479558,0.14925227,0.18847619,0.008927283,0.5375687,-0.5281823,-0.004832876,0.29904142,0.080354735,0.08689643,-0.2924292,-0.11914992,0.0540416,0.49257436,0.29738286,-0.31122026,0.7168101,0.035950862,0.10074942,0.55883235,0.15845259,0.58999115,0.119454086,-0.109061465,-0.027887125,-0.0631083,0.12516458,0.024882387,-0.15342069,-0.94911563,0.43968955,0.19789973,0.046659812,0.07534073,0.33639964,0.45012194,0.033489574,0.48546305,0.24803445,-0.09062667,0.31575876,0.30073097,0.35217685,0.124681786,-0.3717185,0.2642765,-0.3463927
-0.32438388,-0.19133706,0.24010333,0.024993982,0.058332287,-0.44620466,0.40856352,0.4797314,0.39714396,-0.3398595,0.008028051,0.50708556,-0.2363106,-0.428629,-0.15940419,-0.25665295,0.35976747,-0.0805353,0.647684,-0.5934026,-0.27389672,0.6906231,-0.16902688,-0.13854255,0.38572496,0.2988887,0.087879494,-0.17930755,-0.24484082,0.18411848,0.32230824,-0.4008852,0.38899025,-0.25589532,-0.12139652,0.47014818,-0.9796734,0.25127292,0.35652542,-0.7237047,0.3184952,-0.29169178,-0.23526868,-0.3681851,0.4067319,-0.39995557,0.13597716,-0.36523503,-0.5780095,0.7534098,0.03392593,-0.5388135,-0.009746302,-0.22791374,-0.16870253,0.28142262,-0.13672061,0.6441167,-0.4070086,-0.3075276,0.26910064,0.26509926,0.15272596,0.028587213,-0.40469375,0.14562428,-0.19119923,0.29450646,0.0060731573,0.5994686,0.09778847,0.5260581,0.8724021,-0.025015365,0.38159493,0.6559337,-0.53394336,-0.16368333,-0.3991731,0.19644557,0.119814694,-0.19272286,-1.0198427,0.3929488,0.06023538,0.34174198,0.17693855,0.27361143,0.25315985,0.04236548,0.011236394,0.12835768,-0.1742563,0.32824898,0.69205713,0.11300373,0.09091155,-0.25238544,0.100241974,-0.26694426
-0.23061776,0.111679666,-0.055107445,0.018765585,0.32621112,-0.5082759,0.17416137,0.5439087,0.1179804,-0.13344912,-0.046577614,0.060589377,-0.13087574,-0.21465091,-0.020546654,-0.2436024,0.40382448,-0.30194226,0.36379454,-0.6694223,0.0298237,0.32903537,0.004753986,-0.24416105,0.28516322,0.38457385,-0.3353032,-0.06733761,-0.10531368,0.11665103,0.3975729,-0.08663118,0.099231996,-0.18657345,-0.18313603,0.26863176,-0.6267533,0.3090197,0.25478518,-0.43812844,0.21901406,-0.2224706,-0.12965965,-0.22888146,0.101432204,-0.31985703,-0.008323461,-0.33961916,-0.2098286,0.41595498,-0.09794494,-0.27115965,0.1783799,-0.22977744,-0.03397579,-0.09138241,0.0009656612,0.5392093,-0.3068969,0.10443374,0.3451215,0.087448366,0.14678374,-0.023805028,-0.07911711,0.073174395,0.21087034,0.39081195,-0.05008575,0.41288695,-0.11495131,0.22011846,0.51689994,0.0082883015,0.2660719,0.30359152,-0.21508642,0.017966343,-0.28514802,-0.013672133,0.0775326,0.07786558,-0.9150476,0.4249742,-0.03951959,0.17381722,0.41824198,0.37770852,0.46186483,-0.005378639,0.32374343,-0.008592085,-0.15974237,0.24987076,0.65935856,0.2800929,0.1462837,-0.29055548,0.3071464,-0.17365539
-0.6279512,-0.0787207,0.16446382,0.44935128,0.3254953,-0.62993646,0.22651936,0.54322624,0.16959095,0.32232442,0.46508756,0.20154098,-0.36279556,-0.37766245,0.13534991,0.13991913,0.082176134,-0.1153848,0.49554443,-0.46671283,-0.06356867,0.5464826,0.12550387,-0.41938642,0.095647976,0.54468346,-0.2460945,0.07007666,-0.09795621,0.16272745,0.40987393,0.045047373,0.24041556,0.10046912,-0.3102726,0.15915318,-0.28549486,0.46382865,0.2857815,-0.6277406,0.31073353,-0.6358908,0.0013861582,-0.05928699,0.40897822,-0.50342786,0.13348095,-0.17581174,-0.20288667,0.48676428,-0.06521175,-0.44553146,0.43516195,0.084565625,-0.19127753,0.23521024,0.20474946,0.18663402,-0.22522683,-0.1423531,0.1827346,0.37247056,0.30626434,-0.5151024,-0.22852631,0.10745935,-0.19701976,0.48137555,-0.0015713545,0.38920477,-0.32578683,-0.021699112,0.90325904,0.18501784,0.36644524,0.4539317,-0.03795024,-0.22752525,-0.3526758,0.029550612,0.69416225,-0.16665207,-0.7289372,0.21508253,0.20238405,0.044343267,-0.286474,0.55429596,0.14231601,0.07520504,0.20234416,0.29942164,-0.18274143,0.29548872,0.9567187,0.74712986,0.10699451,0.2010466,0.31162232,-0.11385439
-0.23557885,0.000956441,0.12598489,0.16126235,0.040404525,-0.3287277,0.2622768,0.4223783,0.15647781,-0.23701619,-0.03410388,0.27503312,-0.14542225,-0.32590014,-0.07313795,-0.085650064,0.43819237,-0.1499623,0.4404005,-0.5871785,-0.13213539,0.3078762,-0.043731827,-0.1592775,0.31745002,0.25836417,-0.1976549,-0.15069886,-0.16375831,0.25126657,0.2663884,-0.12078086,0.26510617,-0.20002575,-0.101134,0.34505454,-0.66902775,0.06640623,0.24789329,-0.6884044,0.20650423,-0.24280035,-0.17527182,-0.27705505,0.35190687,-0.3020856,0.04336061,-0.4106225,-0.44246802,0.51848686,-0.04792392,-0.3506931,-0.018635115,-0.1336138,-0.08665689,0.17943807,-0.12486494,0.35480055,-0.34180936,-0.18365788,0.20130982,0.16720037,0.021831006,-0.017053248,-0.28781596,0.14813721,0.025379801,0.2165218,-0.10350871,0.46290216,0.026571298,0.37480274,0.6283385,0.051680397,0.25207856,0.32342646,-0.2963285,-0.11011779,-0.22366814,0.08923373,0.14964242,-0.18924026,-0.7662696,0.4597961,0.09050307,0.3172575,0.17685337,0.30521122,0.297982,0.13528842,0.15929861,0.02958949,-0.23478164,0.21738589,0.6460187,0.19368522,0.010442714,-0.21199824,0.092442416,-0.22687058
-0.66952866,-0.13962585,0.23329045,-0.06449956,-0.03930724,-0.4725527,0.32083198,0.32323107,0.16039848,-0.34508967,0.1951166,0.35407674,-0.33763158,-1.042766,0.16068877,0.026747644,0.29230863,-0.48923597,0.49741885,-0.629053,-0.20886874,0.3474486,-0.18836711,-0.43444672,-0.031063916,0.64054126,0.17491347,-0.5450588,-0.30997506,0.10332224,0.12394414,-0.28525785,0.54007983,-0.2613304,-0.2277857,0.47025093,-1.0627345,0.30388194,-0.05567442,-0.66489416,0.5785393,-0.37540448,-0.045661736,-0.20863236,0.32717204,-0.37437677,-0.29942945,-0.50061446,-0.5426027,0.8244706,-0.5040999,-0.4554759,0.07053258,-0.1616369,0.017244706,0.040659916,-0.17024975,0.82414323,-0.6702536,-0.19770908,0.22548419,0.120179914,0.17713006,-0.40988135,-0.37087438,0.422359,0.34038195,0.30529884,-0.14900343,0.9118931,0.16738133,0.6506414,0.8273515,-0.046245992,0.8271716,0.52657527,-0.25732943,-0.19460018,-0.47414628,0.4721028,0.08253435,-0.17974472,-1.181413,0.5789928,-0.02724134,0.23230284,-0.11898122,0.36916375,0.2825043,-0.16066115,0.18352251,0.24841289,-0.30149952,0.4656763,0.52326286,0.29330322,-0.046068076,-0.38122356,0.16462366,-0.33697534
-0.08584682,-0.11754572,0.29569831,0.009579173,-0.2822166,-0.386792,0.044071555,0.16349237,0.41728428,0.19492659,0.22476387,0.17564605,-0.15302011,-0.57088643,0.13554244,0.011326723,0.23873176,-0.19363426,0.28020728,-0.5864853,0.008689551,0.40675762,-0.010290043,-0.28157178,0.2531055,0.14055963,-0.07738962,0.07581101,-0.016044933,0.31700492,-0.14634599,0.2291175,0.231908,0.07409644,-0.082402155,0.19310729,-0.2392496,0.08392242,-0.07454424,-0.4400075,-0.12931864,-0.73799515,0.26434964,-0.0065757567,0.59663945,-0.30958158,0.023102429,-0.14981592,-0.2854746,0.5729132,0.014214973,-0.40180916,0.049679697,-0.16382281,-0.03450552,0.49377027,-0.12766442,0.11656303,-0.03778739,-0.25997928,0.032800317,0.25396895,0.108110465,-0.21203756,-0.004090654,0.22978814,-0.39822143,0.33294865,-0.18165629,0.30826917,-0.05246412,0.030534148,0.8090366,-0.16657095,0.08498502,0.24753095,-0.0073831007,-0.44894984,0.112109065,0.37198004,0.5366017,-0.29878467,-0.60423183,0.3412421,0.26333365,-0.077527896,-0.5580507,0.37845135,-0.38952276,-0.06290927,-0.029215237,0.07097407,-0.25605634,0.092920765,0.60337275,0.15165743,0.21062648,-0.08256121,0.06684977,-0.5000291
-0.3374691,-0.24266617,0.46011144,-0.1007908,-0.09269753,-0.38025728,0.47023106,0.35722828,0.36157098,-0.23592253,0.107102334,0.40991014,-0.34097376,-0.6962525,-0.08552189,-0.26737902,0.0908021,-0.1843382,0.4462039,-0.58552045,-0.30838495,0.6665732,-0.25395963,-0.24479072,0.23995033,0.22562733,0.4335112,-0.26401868,-0.34957474,0.12980361,-0.03399626,-0.3760882,0.58536494,-0.39511353,-0.10449114,0.3995301,-0.8566268,0.13570678,0.19523063,-0.6928603,0.2940867,-0.4538551,-0.16981104,-0.2875971,0.5942337,-0.49135867,0.10103456,-0.29902253,-0.4193142,0.8792593,-0.12818359,-0.77082443,-0.029717684,-0.1621308,-0.036637407,0.43838558,-0.1605489,0.63618916,-0.42246094,-0.38814762,0.15029185,0.30040336,0.13979736,-0.15310463,-0.34757614,0.34250745,-0.110486425,0.3823321,-0.17003007,0.6533843,0.11883291,0.5180039,0.9513251,-0.16830203,0.62829965,0.56830466,-0.4755415,-0.2395927,-0.27491513,0.48941913,0.14790598,-0.32935682,-1.1024327,0.45501047,0.15051198,0.18446815,-0.07385613,0.34803924,0.03270165,-0.044567537,-0.10407164,0.265665,-0.059413183,0.35498947,0.60704136,0.0311292,0.12473877,-0.29665038,0.15760592,-0.56020105
-0.35496995,-0.3688287,0.4148424,0.052927144,-0.24040887,-0.51794964,0.46726492,0.33414555,0.57564557,-0.08919863,0.32431808,0.5421389,-0.608072,-0.93581074,0.025317479,-0.021887856,0.17107575,-0.055753965,0.77296746,-0.7670682,-0.49277124,0.8336733,-0.15840618,-0.25215963,0.20695536,0.22596072,0.35995486,-0.23945522,-0.42177224,0.15934643,0.089938864,-0.383872,0.7853158,-0.13642068,-0.11670459,0.16805483,-0.7845669,0.06764142,0.2598004,-0.9114256,0.26291856,-0.6185939,-0.22729973,-0.34296677,0.7126748,-0.47990033,0.09777289,-0.3013369,-0.5942944,0.9581533,-0.11417602,-0.81579685,-0.12480877,-0.036078088,-0.15545353,0.69304115,-0.16923018,0.5733493,-0.43225855,-0.4469593,0.06724574,0.49888685,0.13144797,-0.24976325,-0.40849566,0.42928424,-0.55584466,0.34482226,-0.101333365,0.87338626,0.13336508,0.6085655,1.3375943,-0.18763308,0.51702696,0.79455143,-0.44489688,-0.56500185,-0.49439478,0.44685063,0.46745142,-0.54586554,-1.0878582,0.44035912,0.20429686,0.05545898,-0.48887807,0.37471217,-0.32227275,-0.023807185,-0.22261696,0.378271,-0.04991108,0.48518446,0.80525124,0.16056076,0.32122084,-0.085314296,-0.0026980576,-0.42268792
-0.20585148,-0.1096753,0.2765792,-0.07576358,0.0960845,-0.44513497,0.38303283,0.41481552,0.37828198,-0.15401575,0.07167,0.2695179,-0.30999514,-0.54240096,-0.052649975,-0.27563757,0.24043337,-0.15000893,0.5681648,-0.6777059,-0.19522588,0.6106152,-0.2085409,-0.26570022,0.4250612,0.30345386,0.15608175,-0.20433822,-0.26970384,0.05441504,0.07541702,-0.24977708,0.45267385,-0.32975745,-0.15545085,0.3171157,-0.88242805,0.28382546,0.20512393,-0.5512309,0.31585142,-0.43457365,-0.12873994,-0.3315959,0.31951553,-0.44120857,0.10895212,-0.34037372,-0.43112072,0.8077019,-0.117627576,-0.6899541,-0.024572274,-0.13656262,-0.06476793,0.25823715,-0.0731474,0.7118867,-0.37590784,-0.2468777,0.33249876,0.24156727,0.19337781,0.006966797,-0.19563068,0.27423093,-0.072639294,0.41914314,-0.06378951,0.6401707,0.06468548,0.49661857,0.9783226,-0.16558902,0.48072794,0.52996254,-0.39454603,-0.20503625,-0.25287893,0.3483756,0.18226562,-0.23887016,-1.1801968,0.39051908,0.10052063,0.14174724,0.12795463,0.37284735,0.1290051,-0.012803013,0.019163685,0.1865896,-0.114031576,0.4403908,0.62203866,0.056219134,0.17662692,-0.18927585,0.20150974,-0.36881503
-0.28244147,0.010492441,0.16361356,-0.21469672,-0.057279676,-0.38285935,0.3119248,0.19812846,-0.11265826,0.14381924,-0.12799542,0.073252134,-0.21160626,-0.5016366,0.046056636,-0.3036831,0.2157797,-0.44250455,0.23127648,-0.6689457,-0.02270859,0.32191128,-0.05928757,-0.39516705,0.19867182,0.4633409,0.047823537,-0.18590547,-0.13257225,0.082753085,0.33685154,0.11027273,0.3392705,-0.20756021,-0.039597932,0.03810643,-0.70141613,0.23312119,0.10167875,-0.58649135,0.11572615,-0.6281633,-0.18308145,-0.075281195,0.33360204,-0.37583947,-0.03448496,-0.42721882,-0.21233146,0.38010755,-0.43479443,-0.4346184,0.27454725,-0.24207123,0.14143148,0.27553204,-0.1714895,0.62558854,-0.3739596,0.06340884,0.4770859,-0.007267089,0.2622791,-0.19464742,0.046129186,0.07059647,0.27003652,0.31913215,-0.2761331,0.77305233,0.028306598,0.19975556,0.73101014,0.02086034,0.48071057,0.14721839,-0.079376616,-0.20069811,0.10678408,0.16352989,0.17529938,-0.2211031,-1.1175869,0.5027257,0.21363266,-0.1284953,0.08931579,0.3716051,0.23334932,-0.048058666,0.39032823,0.13942046,0.0012199044,0.29926336,0.52486396,0.3010546,0.29180446,-0.33106115,0.30767244,-0.42687064
-0.23526417,-0.25709602,0.217031,0.2180904,0.11074218,-0.5725145,0.20652229,0.41090724,0.5885028,0.17117405,0.2070403,0.4154382,-0.3586799,-0.4446424,-0.084040664,-0.07467747,0.40411603,0.04204156,0.54501075,-0.7706246,-0.23296385,0.7219141,-0.067673184,-0.15078011,0.48240232,0.21566719,-0.19143404,0.13076155,-0.19291554,0.2225736,0.11207863,-0.119830154,0.39782795,-0.2238857,-0.1746099,0.090132,-0.45164803,0.30722982,0.50688773,-0.6009949,-0.074249744,-0.38870135,-0.20701794,-0.2510052,0.556302,-0.44972003,0.32012853,-0.17961085,-0.43664637,0.7175769,0.016273942,-0.6030587,-0.03889397,-0.082104824,-0.16833788,0.39874887,-0.13015041,0.42324808,-0.0917326,-0.0790798,0.18618165,0.32528767,0.14532089,-0.011648853,-0.2070487,0.09822617,-0.55178976,0.43565667,0.03499848,0.36806428,-0.2347491,0.23457038,0.8970561,-0.21416527,0.18009262,0.5319136,-0.33955196,-0.20372654,-0.37943867,0.123420976,0.6387784,-0.21969235,-0.7975897,0.21547915,0.23689365,0.111792326,-0.039553072,0.3733349,-0.1803209,0.11970788,-0.10340414,0.020421246,-0.00957019,0.28030145,0.8688516,0.029126048,0.33325192,0.10770029,0.09457927,-0.33909467
-0.452956,-0.4858588,0.4393444,-0.16187966,-0.31328058,-0.574466,0.40150213,0.47190183,0.60766447,-0.2997955,0.25061965,0.77955115,-0.36694378,-1.0035324,-0.09826839,-0.23021461,0.34283578,-0.24003118,0.8660501,-0.94296354,-0.40220016,0.900278,-0.2433642,-0.24125494,0.3685628,0.28953966,0.3739211,-0.30603403,-0.3324008,0.27257925,0.13286974,-0.51365197,0.7896827,-0.19123924,-0.023052908,0.42897636,-1.270314,0.14922267,0.2689509,-1.0241675,0.25194997,-0.8138985,-0.29262838,-0.28495824,0.75060534,-0.42863387,0.07751736,-0.4394778,-0.80914795,1.0756421,-0.13263053,-0.69719875,-0.14600198,-0.33558583,-0.089889795,0.5659172,-0.42286742,0.8506698,-0.58361685,-0.47587574,0.10492394,0.39832643,0.2225218,-0.14213245,-0.42092216,0.38981518,-0.39744374,0.31228226,-0.14024249,0.85095596,0.17132072,0.7734922,1.3378607,-0.29876757,0.63992286,0.931419,-0.64795846,-0.55743647,-0.44988084,0.5176841,0.30155987,-0.44790733,-1.3341126,0.6376843,0.19335803,0.16710658,-0.3717007,0.32355133,-0.16925333,-0.14226222,-0.17567696,0.25710216,-0.110775195,0.5237224,0.7536843,0.07424704,0.27657095,-0.28252172,0.09178895,-0.5594318
0.018857285,-0.12585288,0.29292133,-0.33389372,-0.5969423,-0.20651273,0.3099884,-0.022405436,0.09819837,0.08735745,-0.33154386,0.29143694,-0.26331514,-0.63713384,0.022330713,-0.37935644,0.29400364,-0.3339506,0.103193,-0.67861533,-0.15623167,0.53660023,-0.1962903,-0.15212943,0.20566514,-0.029534975,0.20314646,-0.07877569,-0.115346536,0.22501273,0.22109322,0.08738101,0.56534857,-0.17854992,0.044415347,-0.1881326,-0.5043478,-0.050282884,0.20990062,-0.6353656,-0.34275714,-0.47511426,-0.34916922,-0.120651044,0.56719375,-0.28056204,0.186241,-0.22309084,-0.35351086,0.3149517,-0.17893223,-0.5201203,-0.07428838,-0.38257205,0.33835167,0.6388927,-0.27421743,0.40437722,-0.31734672,0.012030304,0.31360668,0.072874084,-0.007401032,-0.03690347,-0.05923264,0.06686069,-0.20705454,0.20835261,-0.4241241,0.8342129,0.22794607,0.051441096,0.79283893,-0.080675505,0.16452049,0.0149662495,-0.29263133,-0.37020746,0.19749348,0.11191499,0.1848064,-0.5731292,-1.0940104,0.75228506,0.5942514,-0.030590456,-0.14129803,0.29535735,-0.029696524,0.018448262,0.29940608,0.15909272,0.24108076,0.26375118,0.4486805,-0.14806232,0.42959636,-0.47764474,0.23548396,-0.9471038
-0.23362394,-0.3458229,0.30408713,0.026871188,0.059408974,-0.6127794,0.5261052,0.6020615,0.7904818,-0.29028714,0.16802797,0.6410091,-0.36509436,-0.66421074,-0.18953885,-0.27156034,0.5642863,-0.06922997,0.7742088,-0.8983906,-0.39203832,0.90151274,-0.22788955,-0.17740224,0.5879193,0.27621084,0.11647265,-0.0847169,-0.3444594,0.2603435,0.26820135,-0.5426812,0.5274981,-0.31985652,-0.1748042,0.42591086,-1.0582854,0.24352656,0.48689932,-0.76875955,0.2289404,-0.47621998,-0.2883174,-0.58231133,0.6293964,-0.55632406,0.35312533,-0.48077762,-0.73254114,1.0577621,0.024914892,-0.85501236,-0.16804977,-0.28434908,-0.2302667,0.37666708,-0.22628872,0.7599628,-0.40240917,-0.34638608,0.33312625,0.38035998,0.21523967,0.12638141,-0.45012268,0.34681758,-0.45556358,0.35717115,0.05910933,0.6883476,0.010148019,0.61309916,1.1893457,-0.23418693,0.3731321,0.80927277,-0.715503,-0.20898344,-0.47402912,0.31635612,0.38287166,-0.42962196,-1.3508815,0.5405313,0.18208276,0.3868612,0.1515248,0.28378224,-0.012742511,0.050180115,-0.20673929,0.08693067,-0.11499512,0.39807287,1.0426917,-0.10200766,0.21883723,-0.15166648,0.053106386,-0.43485194
-0.3900052,-0.26076052,0.44222268,-0.20541102,-0.15189828,-0.3959553,0.44153285,0.34863716,0.27481323,-0.28906012,0.09499076,0.38363284,-0.3721399,-0.778792,-0.022520334,-0.30930123,0.10510284,-0.27942508,0.55402374,-0.6455641,-0.28255492,0.6436932,-0.24588487,-0.24591653,0.28761196,0.27972028,0.4437912,-0.37948853,-0.26509205,0.07062645,0.007769514,-0.36064768,0.6526059,-0.3782366,-0.07054831,0.43544817,-1.0226469,0.17633173,0.11814822,-0.7697142,0.35501653,-0.5723962,-0.18722664,-0.20470692,0.4765661,-0.4431837,0.011624465,-0.3105029,-0.51973397,0.9243839,-0.22362627,-0.70161283,-0.031112306,-0.19241436,-0.015649315,0.42920768,-0.16204718,0.7968166,-0.48734295,-0.37795025,0.22472915,0.252243,0.13016982,-0.18316372,-0.3229886,0.3471679,-0.03929466,0.42399052,-0.24798176,0.8195842,0.19918507,0.6488641,1.0394356,-0.19617708,0.71361107,0.63931257,-0.4573428,-0.3179076,-0.26699555,0.54758894,0.06006657,-0.29130036,-1.2472022,0.51725763,0.11249672,0.15323529,-0.14236337,0.39687192,0.05961422,-0.07617615,-0.027442096,0.2939133,-0.13190658,0.48042166,0.5379304,0.11947423,0.15950863,-0.40559122,0.20601337,-0.55441886
-0.274569,-0.16684449,0.19048515,-0.15575655,-0.14631595,-0.42117128,0.16835335,0.28207707,0.0781069,-0.020598207,-0.22257619,0.2718491,-0.2604457,-0.5272561,0.085245475,-0.27417502,0.2933426,-0.47278932,0.34425265,-0.76819354,0.02868588,0.4709149,-0.103983015,-0.28156635,0.3244547,0.41008663,-0.0031509474,-0.21721919,-0.09222172,0.19877896,0.2766395,-0.039691538,0.33526832,-0.334262,0.042653944,0.31515822,-0.8571849,0.34627756,0.14355281,-0.70302033,0.06825817,-0.5926506,-0.10554142,0.07167145,0.4121116,-0.39604276,-0.0020509176,-0.35540998,-0.319318,0.5598719,-0.29471686,-0.3090704,0.22880259,-0.33670032,0.1997185,0.21855937,-0.22692406,0.6847861,-0.30578172,-0.10471356,0.29705846,0.18454973,0.29829276,-0.22724183,0.016871683,0.108645245,0.18547907,0.51414263,-0.33652827,0.6680777,0.19744633,0.28831023,0.81267804,0.025814563,0.52287364,0.33422214,-0.14213307,-0.2041725,-0.03137082,0.2092537,0.04022073,-0.089148305,-1.1287338,0.4667194,0.25877842,0.05470509,0.100987926,0.51957446,0.28766993,-0.11408897,0.30371094,0.11524531,-0.0051174127,0.43637067,0.55503464,0.3145516,0.3491131,-0.39265692,0.33370057,-0.49518913
-0.21368666,-0.39914098,0.44508442,-0.16478091,-0.4000976,-0.41099238,0.27723113,0.16129775,0.5133664,0.016586035,0.0820598,0.6252966,-0.27816832,-0.9736126,0.053040843,-0.1598101,0.2963672,-0.28871146,0.5439853,-0.9955389,-0.11693057,0.69026,-0.23107357,-0.32123986,0.35149553,0.26516154,0.3279191,-0.150061,-0.20128588,0.3618606,-0.09395397,-0.19326262,0.6928809,-0.33003542,0.07512004,0.23352207,-0.95913154,0.20622873,0.16897285,-0.88290626,0.056180846,-0.95369005,-0.19190322,-0.060107846,0.80491143,-0.4882598,0.19658315,-0.48442268,-0.5422079,0.9160965,-0.27096662,-0.7412463,-0.022607585,-0.3315228,0.20908804,0.63631135,-0.4420837,0.66897804,-0.40898705,-0.4287858,0.04835643,0.44244066,0.3050692,-0.18261349,-0.0007799466,0.32690704,-0.22474444,0.38343796,-0.29034802,0.70796615,0.18573682,0.42071477,1.1904726,-0.1860152,0.6064612,0.5976203,-0.4341806,-0.47266173,0.0063921013,0.4496869,0.36536804,-0.47444877,-1.293183,0.528395,0.42908427,-0.018361485,-0.3375523,0.39116272,-0.3334918,-0.16609415,-0.1359133,0.18884557,0.018116655,0.42226717,0.6088866,0.061519463,0.3862829,-0.2177351,0.1621413,-0.8113238
-0.20067267,-0.2029526,0.29220712,-0.1610026,-0.14119181,-0.38344812,0.13403167,0.32208183,0.57013774,0.04110077,0.31556004,0.31447682,-0.0589016,-0.55901575,-0.039068505,-0.1032055,0.0728148,-0.090608545,0.28444746,-0.6916529,0.09119846,0.62932205,-0.040314432,-0.2889485,-0.03585839,0.09182569,0.15867463,0.0067025535,-0.2318029,0.29826555,-0.16132723,0.07985375,0.31347603,-0.15808329,-0.09454997,0.35255796,-0.4332582,0.095639035,0.07517795,-0.53724355,0.029348448,-0.5292773,0.041372903,-0.16620526,0.7610394,-0.387738,0.18650201,-0.033544213,-0.100289844,0.6339692,0.1725954,-0.5650161,0.035030518,-0.17846978,-0.007193339,0.42783394,-0.10783248,0.30452633,-0.18848315,-0.30673277,-0.1858963,0.45136514,0.12608245,-0.2165349,-0.07057957,0.21237631,-0.17059255,0.3961853,-0.14928013,0.16555028,-0.15609854,-0.123133495,0.58956087,-0.16230512,0.23684454,0.39860997,-0.35134056,-0.29251045,-0.1606805,0.5003153,0.40031442,-0.1308868,-0.5833715,0.3096933,0.2221596,0.046949975,-0.36753908,0.25671187,-0.24238975,-0.24181363,-0.1056032,0.07525085,-0.051320016,0.09385428,0.38935825,-0.09253977,0.19510551,-0.3470962,0.13192074,-0.62246096
-0.4005592,-0.18299,0.52516717,0.04696802,0.017780656,-0.49022037,0.46108463,0.41110864,0.5445561,-0.007583584,0.14429691,0.5102229,-0.35826156,-0.71008855,-0.17024365,-0.19108227,0.038924128,0.03922665,0.40556902,-0.60887367,-0.20339052,0.98201483,-0.26282927,-0.36569175,0.14076571,0.28037557,0.3700371,-0.05734948,-0.49918836,0.1850437,-0.21534136,-0.15981932,0.53593546,-0.4098386,-0.21739368,0.37070927,-0.709414,0.32857624,0.36590514,-0.67509186,0.22797264,-0.2795723,-0.12306701,-0.3547879,0.8498038,-0.6807341,0.23115197,-0.09425928,-0.26816502,0.9136962,0.0553302,-0.9996298,0.09680318,-0.12210425,-0.02552813,0.5466603,-0.053558607,0.5334771,-0.27404952,-0.4492437,0.012069298,0.48235258,0.22295521,-0.22776191,-0.31994015,0.26586062,-0.26980335,0.573635,-0.017403549,0.38868645,-0.07174641,0.15608944,0.9352107,-0.13871473,0.52755487,0.5800621,-0.5489276,-0.24635246,-0.41854712,0.45508942,0.49619198,-0.19228275,-0.9445366,0.28275412,0.23175979,0.15510412,-0.041270692,0.40378556,-0.059569042,-0.13803647,-0.15706024,0.24123944,0.095836625,0.23964031,0.72622955,-0.05874884,0.18377231,-0.21621755,0.24177375,-0.7470898
-0.10339126,-0.04090422,0.40621433,0.046983857,-0.059574243,-0.26240256,0.21040751,0.4400284,0.389908,-0.13197237,-0.009648866,0.3378078,0.13521291,-0.5277397,-0.08075224,-0.27834237,0.22157288,0.046394277,0.38228762,-0.87220716,-0.039174367,0.4145342,-0.13189338,-0.14757375,0.3053506,-0.002440964,-0.0706014,-0.07273124,-0.109938346,0.4316006,-0.14069761,0.05134019,0.57643443,-0.299431,-0.14296146,0.25608376,-0.69711107,-0.08580035,0.15638429,-0.83691597,0.19385774,-0.6910932,-0.37245116,-0.13939573,0.66538525,-0.27284718,0.25031272,-0.3591729,-0.39202777,0.6484483,0.063416086,-0.67898804,-0.23105194,-0.044432398,0.09861126,0.56913406,-0.2321889,0.21505968,-0.42174432,-0.3126316,-0.067452855,0.38142148,-0.009540141,-0.017838234,-0.24800576,0.14527379,-0.18895023,0.21873207,-0.3879923,0.4021307,-0.12350851,0.3496016,0.7620079,-0.19711943,0.3372009,0.5011433,-0.55221534,-0.24299543,-0.15025298,0.26210698,0.33587575,-0.26496404,-0.71802324,0.41262975,0.25882044,0.12142011,-0.09421754,0.33195615,-0.09515673,0.019963613,0.011846843,0.03504976,-0.16878814,0.21751456,0.4129618,-0.044230115,0.06118746,-0.30669096,0.13476501,-0.75464374
-0.29791465,-0.016187502,0.17289649,0.10417485,0.07033805,-0.16633888,0.17656471,0.1573526,-0.04860377,-0.12156482,0.086326726,0.08827785,-0.13892758,-0.31761944,0.025249992,-0.053215027,0.058397293,-0.18104306,0.31253368,-0.2907004,-0.1267889,0.14447688,-0.01944077,-0.13857213,0.10213494,0.16905023,0.028306052,-0.23553102,-0.15416552,0.159677,0.2087692,-0.11142677,0.2779374,-0.13281868,-0.12396343,0.15543757,-0.41984957,0.03286306,0.073875606,-0.47343415,0.16593225,-0.24473298,-0.14688988,-0.15603569,0.26084635,-0.09850182,-0.024271857,-0.22899155,-0.29935366,0.32973903,-0.08981632,-0.22549698,-0.056519706,-0.07903192,-0.043786876,0.13612944,-0.09405057,0.28458694,-0.37780344,-0.077690646,0.20495585,0.14277759,0.105075255,-0.053882528,-0.22381929,0.04361006,-0.036192723,0.10940136,-0.110651515,0.56595725,0.06220464,0.23065229,0.5527531,-0.01855183,0.25050992,0.20729832,-0.15433776,-0.16721392,-0.002379708,0.061104428,0.14359745,-0.4622262,-0.59069264,0.27286428,0.17931771,0.080720544,-0.044926617,0.13355355,0.10733299,0.18355836,0.16757679,0.15884219,-0.20484582,0.26300377,0.24979934,0.24085228,-0.025445303,0.008503502,0.029773545,-0.11203923
-0.43106294,-0.25310645,0.42357054,-0.14217581,-0.11148841,-0.41126454,0.44051063,0.35710454,0.3758378,-0.2990822,0.26198736,0.3851237,-0.38621902,-0.920083,0.035459716,-0.15916725,0.10529164,-0.2944414,0.5215624,-0.6180001,-0.3239874,0.55750114,-0.25835988,-0.33678904,0.1563781,0.32876304,0.4641272,-0.39462474,-0.31257024,0.08894453,-0.044601966,-0.41645575,0.6709569,-0.32623205,-0.16964704,0.4126788,-0.9264798,0.13955532,0.04631653,-0.6542408,0.4510204,-0.5604114,-0.12527919,-0.30105206,0.49077687,-0.45298004,-0.030067956,-0.36185154,-0.49974218,0.96608824,-0.28062698,-0.7436571,-0.08142688,-0.113991074,-0.04486634,0.3529761,-0.14748031,0.70499706,-0.5041744,-0.39500153,0.15199228,0.27003223,0.13890967,-0.2614421,-0.38811758,0.48110905,-0.04806445,0.34638488,-0.16382314,0.8145504,0.15136626,0.6701713,1.0143507,-0.2059483,0.7426978,0.6273517,-0.43020132,-0.30320084,-0.37037334,0.59127444,0.15900193,-0.3357025,-1.1799477,0.49899554,0.054369267,0.12190542,-0.24452038,0.32918027,-0.06678264,-0.10587738,-0.14820729,0.30657107,-0.15902428,0.40429592,0.5876747,0.10847815,0.0707424,-0.30204248,0.14471477,-0.48520103
-0.08329484,-0.21504404,0.37615097,-0.087773986,-0.33732036,-0.34345916,0.17536747,0.15688235,0.43924513,0.074097514,0.071548276,0.3569078,-0.17889069,-0.6609437,0.010973978,-0.15299247,0.26435295,-0.17107847,0.389781,-0.74661064,-0.1023796,0.5373992,-0.116966635,-0.23252386,0.3435846,0.1000515,0.1095534,-0.05228244,-0.1492377,0.32310492,-0.14474471,0.048383288,0.43735927,-0.1312415,-0.016702589,0.19738263,-0.56096274,0.05284336,0.06266511,-0.62097156,-0.09783442,-0.72499305,0.0064473506,-0.08398946,0.6545755,-0.3130587,0.077779606,-0.25562185,-0.41174176,0.68624187,-0.029400349,-0.562951,-0.08126949,-0.2569482,0.015338559,0.60585386,-0.2870952,0.37660483,-0.22799496,-0.27715153,0.08278783,0.2710897,0.110045135,-0.082392946,-0.070780866,0.19964403,-0.37992483,0.30266502,-0.2285817,0.4761971,0.025671495,0.2611997,0.9405408,-0.24826261,0.24534331,0.3627641,-0.24082263,-0.44695595,0.06646606,0.39596146,0.41549778,-0.39104375,-0.867079,0.41683665,0.3095095,-0.032943446,-0.4029276,0.33649793,-0.32620627,-0.053009517,-0.056403335,0.11179664,-0.136421,0.23683558,0.53555644,-0.006939159,0.28114927,-0.15102325,0.06910141,-0.63115305
-0.25279424,-0.22034414,0.3869884,0.20882449,-0.09479625,-0.34401965,0.42759457,0.21752474,0.19994204,-0.013241078,0.18798117,0.44289896,-0.29760322,-0.6325719,-0.028664896,0.09667913,0.28022468,-0.02143074,0.52615374,-0.6754881,-0.23750652,0.5453052,-0.073949,-0.1835258,0.2706607,0.05413856,0.13062511,-0.14748888,-0.2637292,0.28843048,0.061162528,-0.15120108,0.6203667,-0.06704173,-0.07083223,0.10648837,-0.37205485,-0.1377498,0.1819324,-0.7909232,-0.03904138,-0.5468798,-0.2577288,-0.21225925,0.44802147,-0.20918773,-0.04326961,-0.3765318,-0.5325634,0.5492364,0.06972055,-0.6798907,-0.15463112,-0.29266056,-0.105393514,0.71064514,-0.29655215,0.19622274,-0.46731618,-0.20317332,0.04571153,0.18531767,0.06738125,0.03001502,-0.37761673,0.17834711,-0.38293347,0.13442127,-0.100749955,0.49177077,-0.10878521,0.412378,1.0332754,-0.19929211,0.22769327,0.4214956,-0.29285702,-0.52015495,-0.22560792,0.17083819,0.42018262,-0.4547138,-0.85598946,0.41467234,0.27481297,0.023469293,-0.29269367,0.33438382,-0.2814849,0.11951629,0.042062484,0.36626858,-0.049928635,0.33726984,0.7426014,0.30376926,0.14578232,0.17173585,0.11303043,-0.4704976
-0.27021375,-0.17729795,0.3019039,-0.037516616,-0.10405764,-0.41671798,0.32219335,0.37671772,0.2890703,-0.02417064,0.14134023,0.1192559,-0.14738032,-0.65639365,0.14785878,-0.016316611,0.09982529,-0.39447555,0.029971242,-0.6615889,-0.031232428,0.38371754,-0.03489697,-0.29265225,0.16659707,0.08499114,0.01302683,-0.15305765,-0.21493815,0.1014878,-0.09067337,0.025287598,0.41802782,-0.29635143,-0.20403478,0.28745916,-0.27161986,-0.08023728,-0.027118895,-0.45730415,-0.03318499,-0.6829915,-0.15781225,-0.023968142,0.4469106,-0.37555626,-0.03219049,-0.16092995,-0.16723719,0.6033238,-0.118394926,-0.51445,-0.08352459,-0.16739662,0.06704417,0.3447529,-0.1539944,0.10619538,-0.25503746,-0.020472962,-0.07139641,0.019905606,0.050525732,-0.28386784,-0.3598189,0.35467634,0.053173993,0.35716268,-0.31540102,0.2880973,-0.24665198,0.34999913,0.54613125,-0.3133775,0.35322005,0.27241427,-0.18456112,-0.24556684,-0.27667603,0.5120274,0.31507316,0.02993212,-0.57330775,0.46155283,0.19284447,0.040897124,-0.22249618,0.5421409,-0.09971773,-0.15585881,0.014858857,0.2312257,0.10466471,0.17242382,0.5226174,0.15048045,0.100130364,-0.20128824,0.37750214,-0.66981703
-0.2331617,-0.09308804,0.42477974,-0.05875546,0.26743677,-0.40678436,0.43139252,0.46910742,0.34820965,-0.11289202,-0.16299629,0.21874218,-0.21440586,0.0034648234,-0.28181013,-0.41530427,-0.25498536,0.29174468,0.53564423,-0.3914285,-0.16498017,0.9030395,-0.2760281,-0.27521732,0.34309822,0.2408091,0.35412127,-0.25040936,-0.594976,-0.06543581,0.08926998,0.018603014,0.2597441,-0.4063881,-0.20444438,0.4881048,-0.98576736,0.29752514,0.09056385,-0.35398006,0.45757398,0.059817057,0.051610034,-0.33130494,0.3033479,-0.3098264,0.121653564,0.005908889,-0.07835058,0.6519323,0.34960398,-0.651545,0.10258931,0.07623386,-0.08311852,0.30354396,0.008879193,0.75186837,-0.2724857,-0.32515302,0.2973983,0.337586,0.38708115,0.19195925,-0.252906,0.015005203,-0.06643065,0.6043342,0.21674038,0.43898615,0.16289523,0.28124303,0.8356268,-0.046742577,0.3631909,0.6129843,-0.27322873,-0.29950312,-0.35393795,0.36774978,-0.017525267,0.090654574,-0.60252815,-0.18445297,-0.066984326,0.08690653,0.36647207,0.3169341,0.4753205,-0.10993468,0.06283253,0.3541421,0.1018728,0.4533612,0.122673325,-0.027387291,0.060157835,-0.084102824,0.26685396,0.04428791
-0.10204565,0.0442123,0.11876629,-0.14021581,0.15998834,-0.51072603,0.26461035,0.5053756,0.39474562,-0.22710973,-0.016561363,0.10539673,-0.25004795,-0.50493616,0.049848627,-0.19047436,0.338964,-0.2869191,0.5224,-0.6941277,-0.024722468,0.5550611,-0.16398533,-0.3165768,0.44571558,0.3638916,-0.11684096,-0.21687265,-0.22167528,-0.024894912,0.06605634,-0.10656002,0.21515453,-0.25376022,-0.27592495,0.44373593,-0.83572155,0.30396402,-0.0015581275,-0.28942102,0.2897824,-0.3276402,0.09635701,-0.29417318,0.051656578,-0.3331176,-0.12275533,-0.27987048,-0.35228574,0.76303285,-0.078777626,-0.4775597,-0.019135859,-0.21819127,-0.06381581,-0.0039849505,0.0117504485,0.6505932,-0.3001236,-0.10179507,0.31781805,0.058888204,0.17026094,0.030076288,-0.17228274,0.3096885,0.07922591,0.42719898,0.010896321,0.46962628,0.024294963,0.5071099,0.8061038,-0.21399786,0.30996427,0.42422524,-0.23352946,-0.20565072,-0.37128985,0.39629775,0.12490543,0.08151105,-0.97873116,0.3646662,-0.05096465,0.17846519,0.22278339,0.44155073,0.25161856,-0.22805452,0.14432707,0.15503195,-0.17520642,0.419819,0.50257397,0.08139364,0.10178968,-0.2308286,0.27969873,-0.21896897
-0.58190686,-0.103981785,0.18219195,-0.0033827275,0.19245815,-0.53995264,0.43398422,0.548672,0.19729912,-0.28882572,0.09344227,0.44332415,-0.25315207,-0.5420257,-0.095187984,-0.25854567,0.317053,-0.22383653,0.6307611,-0.6217469,-0.23617966,0.62399054,-0.1299423,-0.29581714,0.17068556,0.52966213,0.07977574,-0.27279142,-0.2854064,0.16381238,0.4995708,-0.35135743,0.38832876,-0.21841423,-0.18948095,0.43106094,-1.0829843,0.35664767,0.33984262,-0.8032375,0.49312297,-0.3432718,-0.2316586,-0.38199362,0.42186695,-0.45286825,0.022479163,-0.45140317,-0.49938864,0.6797596,-0.13321096,-0.5188752,0.19401176,-0.2262531,-0.109925054,0.15099518,-0.10543402,0.770164,-0.5626927,-0.22805946,0.3630238,0.2634867,0.25507292,-0.15751263,-0.39999008,0.15746662,0.079506315,0.32870048,0.0064999675,0.7565337,0.059842013,0.42710924,0.88749653,0.10429413,0.55084896,0.6365108,-0.47017854,-0.13523714,-0.4392943,0.14789808,0.15098505,-0.20035754,-1.1845576,0.49441215,0.0461634,0.31457463,0.19885907,0.28688928,0.43402463,-0.028420087,0.20267662,0.15984976,-0.22791232,0.36508724,0.7837089,0.32316095,0.07564492,-0.35048983,0.17436674,-0.22414908
0.18804228,0.10950458,0.042171862,-0.03792062,0.27848884,-0.48452044,0.14811312,0.6088427,0.36065546,-0.11456418,-0.030772941,-0.20245235,-0.16260345,-0.13870455,0.0034147503,-0.11791316,0.31163308,-0.18323155,0.3216316,-0.6820357,0.046844605,0.4323136,-0.13026464,-0.17199951,0.5852709,-0.044370245,-0.40919968,0.026901359,-0.13836874,-0.11238718,-0.06500477,0.08876887,0.0027437632,-0.1940312,-0.3660852,0.2777976,-0.13828722,0.075659536,0.010951635,-0.02180241,-0.113114856,-0.25897035,0.08837611,-0.22962691,-0.00692301,-0.22077192,-0.074434645,-0.024722273,-0.14372696,0.56123936,0.2559847,-0.38662052,-0.18282206,-0.16343223,-0.1499796,0.060608108,0.093403675,0.16424501,-0.046500485,0.193462,0.24503696,-0.12993221,0.09331966,0.2257865,-0.14273185,0.19894965,-0.16781563,0.34423527,-0.0045224465,0.05822887,-0.25175744,0.3256846,0.56122285,-0.48366037,-0.06861552,0.17215194,-0.039662424,-0.16870125,-0.37198785,0.2368319,0.2686434,0.13080345,-0.533182,0.25284353,0.037082005,0.056127414,0.29676867,0.50929445,0.05279057,-0.07228305,0.16802037,0.15121268,0.0454483,0.3369477,0.55189914,-0.05953154,0.13888127,0.029021204,0.3022473,-0.16751315
-0.45667323,-0.2329451,0.29821852,-0.034466635,0.20647289,-0.5869058,0.45295706,0.5807216,0.416993,-0.15854086,0.07943031,0.38909593,-0.34366095,-0.38661906,-0.10630289,-0.23303016,-0.027127462,-0.0219272,0.6397106,-0.5533448,-0.26228902,0.862859,-0.18674873,-0.36302793,0.24236019,0.5133162,0.24020219,-0.27698404,-0.47813022,-0.040337186,0.2651234,-0.2466525,0.34941593,-0.24906777,-0.20081063,0.5796311,-1.0943531,0.37264493,0.16855127,-0.590224,0.54549164,-0.2690905,-0.017795326,-0.3018434,0.39509693,-0.4830403,0.010653324,-0.1791581,-0.2825188,0.80356765,0.03144185,-0.5533641,0.20800026,-0.031098649,-0.18141074,0.23934686,-0.0106870355,0.797597,-0.3463694,-0.33041474,0.24777828,0.3052261,0.4011176,-0.17882542,-0.36008835,0.2182815,-0.08178399,0.48897195,0.16450681,0.5475901,0.0819047,0.53910846,0.9410942,0.0049040224,0.5976584,0.7735515,-0.28095996,-0.27003762,-0.60131305,0.4220879,0.13418855,0.16275814,-0.8154025,0.065531634,-0.17172284,0.150613,0.12391993,0.39971042,0.4051335,-0.26233867,-0.0037243168,0.27175367,-0.0019714038,0.41716972,0.51686066,0.24619956,0.08683587,-0.20009108,0.24680088,0.035474423
-0.025332153,-0.28094867,0.5017676,-0.4254792,-0.6770317,-0.36657953,0.30739805,0.027841989,0.12186508,0.09560054,-0.47789627,0.36060762,-0.38238218,-0.86612445,0.083275504,-0.4826253,0.23839356,-0.6449135,0.2797553,-1.0129226,-0.043979995,0.70739883,-0.24476147,-0.32059756,0.597649,0.2351522,0.31682444,-0.24334852,-0.14380719,0.26410934,0.017924383,0.043332934,0.6731927,-0.48997638,0.21018757,0.17228198,-1.0108163,0.19323017,0.06026923,-0.8903596,-0.27204865,-0.96678513,-0.21731643,0.16173539,0.6786012,-0.47525042,0.082828276,-0.4147311,-0.47103104,0.7715087,-0.42443162,-0.6469943,0.0748446,-0.5432256,0.4441445,0.70970935,-0.4451689,0.8132411,-0.3554974,-0.1785508,0.40517965,0.14701506,0.3026668,-0.13570645,0.13676587,0.17888193,-0.04121501,0.57029814,-0.62222236,1.0152171,0.39436048,0.4395657,1.2440081,-0.18703614,0.5884778,0.2636229,-0.22601935,-0.53165317,0.337401,0.4525013,0.09147262,-0.4359371,-1.5857918,0.74568623,0.5732557,-0.14298849,-0.09939734,0.6642749,-0.05503229,-0.13559167,0.27012536,0.24867284,0.22793725,0.5772982,0.5176764,0.08791054,0.58352226,-0.5011164,0.41054252,-1.0769752
-0.1370486,0.2606151,0.007996117,-0.05392063,0.2524343,-0.4734435,0.37106332,0.46353635,0.23774399,-0.2150733,0.084076494,-0.050693512,-0.08534015,-0.4244819,0.07165337,-0.051439837,0.35406578,-0.22539182,0.39380085,-0.5818069,0.014013489,0.3025805,-0.086858414,-0.3586903,0.17035753,0.32153022,-0.22689773,-0.15328637,-0.26283026,-0.03620659,0.23573355,0.068006344,0.08589067,-0.093046606,-0.44340932,0.28665635,-0.54719126,0.03260097,-0.07605243,-0.15591498,0.37495244,-0.22853573,0.13043611,-0.48609436,-0.010573439,-0.23826368,-0.23916893,-0.38161138,-0.1314874,0.4808316,0.015789703,-0.43774405,-0.02768293,-0.12923746,-0.079487555,-0.03512923,0.09714797,0.4138434,-0.43125603,-0.031879358,0.22276771,-0.04960939,0.09535124,0.08906356,-0.31165597,0.27700013,0.2557865,0.24048354,0.13417289,0.39713427,-0.14148925,0.3325452,0.5729045,-0.05039841,0.14518373,0.26080903,-0.16876996,-0.16034277,-0.31631395,0.2929589,0.17084454,0.06455848,-0.67684525,0.44072893,-0.06298477,0.1677162,0.2039385,0.34686887,0.364598,-0.13947314,0.22727089,0.25531408,-0.20526999,0.1473761,0.44685435,0.24378555,-0.017469445,-0.16926013,0.24001215,-0.062938266
-0.25445834,0.030339116,0.3343667,0.27629092,0.09590661,-0.20704603,0.07263258,0.20212066,-0.07480315,0.080254935,0.058998805,0.031098926,-0.12888436,-0.23061556,0.07650729,-0.050404847,-0.0074711344,-0.06745956,0.28950483,-0.46114707,0.08901492,0.3912494,0.102059215,-0.10740175,0.21126406,0.03589304,-0.1421507,-0.15369953,-0.11380568,0.29625544,-0.054162186,0.108865954,0.36162785,-0.18297273,-0.11178144,0.16077565,-0.24640365,0.105021775,0.109656505,-0.60931677,0.036393903,-0.42993248,-0.11370214,0.20713584,0.26483187,-0.14443833,0.06324176,-0.10401636,-0.14635824,0.3145131,0.05782208,-0.4667364,0.13134944,-0.03272337,0.09940717,0.3094684,0.011582084,0.034218036,-0.33938584,-0.1811197,-0.072093226,0.36917654,-0.05991861,-0.15784757,-0.1656757,0.054982502,-0.0017935137,0.5134723,-0.35898265,0.24985628,-0.20806843,0.03122747,0.74240327,-0.023633704,0.20864987,0.26186487,-0.1786195,-0.25576106,-0.0035321715,0.070753984,0.25829425,-0.27588138,-0.63843244,0.23850179,0.41821995,0.058172476,-0.1750517,0.49280557,0.043770105,0.23244192,0.3475833,0.35789296,-0.16616774,0.50880665,0.3501027,0.3985869,0.16346319,0.12226648,0.330827,-0.48995408
-0.18278469,-0.113688976,0.24774249,-0.031346627,0.035695724,-0.58085924,0.386866,0.47837865,0.486021,-0.032917075,0.061857283,0.20611472,-0.2782144,-0.46694103,0.0057976544,-0.123770304,0.1613405,-0.11574492,0.5036222,-0.6893738,-0.16997048,0.64839333,-0.19263355,-0.34990314,0.47113883,0.31206667,0.010261275,-0.11920207,-0.36206037,-0.068348,0.00022882497,0.022371396,0.25520408,-0.19439873,-0.27049142,0.3859574,-0.7201351,0.14796944,0.0053442623,-0.32892588,0.22853784,-0.45399785,0.14140037,-0.3115434,0.3348435,-0.4040658,-0.0699166,-0.23327309,-0.27734178,0.8034333,0.03140339,-0.5671134,-0.031680595,-0.07247685,-0.13126567,0.3291144,-0.077854045,0.55449057,-0.20581046,-0.18463078,0.23814693,0.07173726,0.27819568,-0.025609953,-0.27694008,0.2862072,-0.17696787,0.40497136,0.15800497,0.40763316,-0.027684331,0.53086203,0.9001483,-0.23998068,0.29891828,0.51979566,-0.1049961,-0.3929983,-0.35332498,0.53652215,0.34872425,0.07763825,-0.6500518,0.1777591,-0.03842079,0.03066894,-0.02270443,0.4824202,0.0832026,-0.22182684,-0.082284704,0.22551478,-0.009597905,0.29919818,0.53658336,0.1067614,0.13886197,-0.02735708,0.21465506,-0.103863165
-0.51854557,0.27085012,-0.04916224,0.08532235,0.22835751,-0.47959128,0.23389895,0.51286006,-0.16406298,-0.20903452,0.007745111,-0.025295775,-0.08698269,-0.37082058,0.054231904,-0.1258643,0.34312373,-0.4557057,0.2287828,-0.72886837,0.022141004,0.21207924,0.06859555,-0.33206463,-0.13164158,0.5477103,-0.29195827,-0.2335949,-0.2873102,0.24817519,0.70861083,-0.0029717088,0.19098099,-0.17153646,-0.27128786,0.25751323,-0.6168665,0.060851358,0.21643922,-0.79711074,0.31956574,-0.15324242,-0.2555072,-0.30037788,0.3901113,-0.32598564,-0.11394215,-0.47437087,-0.050538473,0.32017392,-0.21340914,-0.30184948,0.2938457,-0.14833032,0.033548802,0.003202179,0.024251811,0.45461273,-0.63315403,0.114468835,0.1791316,0.20577171,0.111186765,-0.24869236,-0.30659026,0.113733545,0.49437332,0.3176649,-0.17388284,0.679099,-0.083467074,0.09860942,0.47244263,0.2851193,0.41956663,0.21835208,-0.21092132,-0.026883025,-0.28899887,-0.012676018,0.0671757,-0.1275452,-0.8723571,0.62958395,0.059413183,0.26191428,0.26152223,0.31743115,0.6630133,0.09684737,0.51809853,0.15132622,-0.17550892,0.21150751,0.67668676,0.52591145,0.098997034,-0.4395669,0.23356858,-0.15065141
-0.24306825,0.0562623,-0.04417593,0.08688621,-0.033613734,-0.37472314,0.18844427,0.4286086,0.14469591,0.08946746,0.2746285,0.030557245,-0.19622877,-0.32714954,-0.0501379,0.07092346,0.35625666,-0.02615702,0.27769285,-0.5566788,-0.12390005,0.22648683,0.09551321,-0.20278996,-0.1311123,0.08393396,-0.23631197,-0.06398184,-0.2793716,0.10738796,0.38441154,0.16592734,0.22736527,0.1854411,-0.16628559,-0.118467376,-0.08697391,-0.1717371,0.15954283,-0.48645487,0.009091526,-0.22631545,-0.14135894,-0.35181892,0.32215005,-0.13980477,-0.068159536,-0.20054305,-0.13193017,0.12275216,0.03113459,-0.23766212,-0.1286116,-0.0014749207,-0.13901076,0.2434339,-0.052874975,0.019970208,-0.22352342,0.019602314,0.035928562,0.14195535,-0.11030061,-0.11912309,-0.32678875,0.27062494,-0.02680917,0.092135355,-0.023009427,0.33678615,-0.24152032,-0.019364186,0.40423462,-0.041022442,-0.023521483,0.17743294,-0.10803052,-0.29043257,-0.38258076,0.057040196,0.37292984,-0.22999701,-0.31541842,0.49735096,0.081385784,0.050494507,-0.2339676,0.167855,0.008846082,0.026087442,0.21163914,0.12947589,-0.07621638,0.07692844,0.6687088,0.114572,0.13008834,-0.120923616,0.04949138,-0.11133167
-0.16199799,-0.27843466,0.04269729,-0.32848772,-0.53859025,-0.3378578,0.052068457,0.17900145,0.024343625,-0.2896755,-0.0714347,0.17369254,-0.07831856,-0.21616511,-0.20666663,-0.4945847,0.36227313,-0.41257754,-0.001163443,-0.41143546,-0.16085562,0.17098768,-0.027846524,0.2553048,0.034509424,-0.22378264,0.13279428,-0.31003436,-0.10314423,0.18107937,0.53937656,-0.2662706,0.15707421,0.089614,0.022359617,0.14903334,-0.23822315,-0.43004426,0.048694357,-0.4856535,-0.51477975,-0.27017415,-0.2877761,-0.12809762,0.28745246,0.04997754,-0.26332512,-0.08031566,-0.25344163,0.057329416,0.078176714,0.09636852,-0.43732044,-0.50816107,-0.22963114,0.39175346,-0.32839867,0.15179871,-0.20151798,0.23364812,-0.05111141,-0.24554975,-0.27514368,-0.01918778,-0.53699845,0.08336923,-0.13133274,-0.07471234,-0.37406194,0.41119576,-0.017779557,0.36395893,-0.015872857,-0.3938451,0.10268545,0.2302465,-0.2061013,-0.16812833,-0.3619349,0.40310827,-0.27420565,-0.28008094,-0.19161226,0.6199937,0.058057245,0.13533103,-0.41465473,0.0704151,0.15548657,-0.04381458,0.19475408,0.016480478,-0.06062651,-0.12977622,0.3012861,-0.19281745,0.1632121,-0.471934,-0.025982656,-0.4333314
-0.5998527,-0.3899916,0.2480616,-0.20641968,-0.14295357,-0.6535664,0.4308344,0.62275136,0.37002492,-0.50027835,0.043014828,0.6698961,-0.36262625,-0.63397354,-0.2315811,-0.4683751,0.4387282,-0.32793596,0.8124351,-0.75384223,-0.37866056,0.8539853,-0.18398453,-0.09893067,0.41356605,0.37537947,0.21679337,-0.41098648,-0.25434816,0.15208463,0.56724143,-0.562493,0.5343852,-0.18208104,-0.08006896,0.6477438,-1.3524082,0.24402653,0.3474904,-0.9631236,0.24390146,-0.44519615,-0.3334864,-0.34111416,0.43292093,-0.34728825,-0.08584889,-0.32863018,-0.81421024,0.8620784,-0.0405729,-0.4042288,-0.13021743,-0.46942016,-0.29757375,0.34095693,-0.27734455,0.9895465,-0.5222874,-0.19899623,0.33541662,0.13030446,0.1057748,-0.060957093,-0.6209741,0.14847364,-0.23058659,0.33831197,-0.07405481,0.880952,0.13477449,0.85229325,0.9448918,-0.21167333,0.58986115,0.912069,-0.61223763,-0.32408568,-0.6690038,0.46363443,-0.047911104,-0.14553306,-1.2046314,0.5977712,-0.06324103,0.35797715,-0.033511516,0.34211737,0.38818276,-0.11951937,0.09555316,0.1563429,-0.23627912,0.42394668,0.75179607,0.1354721,0.14361235,-0.5372587,0.1643313,-0.3252635
-0.6102371,-0.33202493,0.37536827,-0.20329076,-0.106328264,-0.5870905,0.5418719,0.519177,0.3746312,-0.37999427,0.15719874,0.6501391,-0.43491626,-0.8539129,-0.14178924,-0.35072774,0.30114487,-0.27071702,0.8512638,-0.75435036,-0.40933356,0.85654235,-0.24763227,-0.28249177,0.36543828,0.44283703,0.38134283,-0.3906102,-0.27837953,0.10608423,0.30484757,-0.4932319,0.71242404,-0.26131335,-0.10535724,0.51939636,-1.3626534,0.32718492,0.30930775,-0.95113206,0.43527138,-0.5745115,-0.27700254,-0.37105507,0.5192578,-0.45789686,0.010586738,-0.3968275,-0.8104731,1.0075498,-0.18973047,-0.6834944,-0.035124794,-0.3175901,-0.17248549,0.42725846,-0.22650331,1.0420555,-0.5831068,-0.35150424,0.3871346,0.25227398,0.17526996,-0.1279092,-0.47572142,0.25521338,-0.20033585,0.38674745,-0.068874635,0.99374634,0.16621046,0.7866663,1.206265,-0.16555606,0.72993696,0.8681728,-0.611652,-0.38050643,-0.48753738,0.49227524,0.14018686,-0.29419553,-1.4511775,0.5942989,0.051478546,0.23480865,-0.08908233,0.35965478,0.17692475,-0.097187616,0.0059764604,0.24402936,-0.23692676,0.5127474,0.76516974,0.17923169,0.15723689,-0.44614103,0.18241231,-0.4352684
